Index,User Id,Name,Last Name,Sex,Email,Address,Date_of_birth,Job Title
1,5f10e9D33fC5f2b,Sara,Mcguire,Female,malikhassan33.mh@gmail.com,(971)643-6089x9160,8/17/1921,"Editor, commissioning"
2,751cD1cbF77e005,Alisha,Hebert,Male,malikhassan33.mh@gmail.com,+1-114-355-1841x78347,6/28/1969,Broadcast engineer
3,DcEFDB2D2e62bF9,Gwendolyn,Sheppard,Male,asdfgashcdjhsa,9017807728,9/25/1915,Industrial buyer
4,C88661E02EEDA9e,Kristine,Mccann,Female,lindsay55@example.com,+1-607-333-9911x59088,7/27/1978,Multimedia specialist
5,fafF1aBDebaB2a6,Bobby,Pittman,Female,blevinsmorgan@example.com,3739847538,11/17/1989,Planning and development surveyor
6,BdDb6C8Af309202,Calvin,Ramsey,Female,loretta85@example.com,001-314-829-5014x1792,8/31/2017,Therapeutic radiographer
7,FCdfFf08196f633,Collin,Allison,Male,yvaughn@example.net,(314)591-7413,11/21/1979,Administrator
8,356279dAa0F7CbD,Nicholas,Branch,Male,greerjimmy@example.net,-7199,1/21/2006,Fisheries officer
9,F563CcbFBfEcf5a,Emma,Robinson,Female,hjfjgfgjfjg,166-234-6882x7457,3/19/2009,Haematologist
10,f2dceFc00F62542,Pedro,Cordova,Male,leslie08@example.com,(389)824-3204x8287,6/17/2008,Phytotherapist
11,FEf0Cc496EB4bC0,Jean,Aguilar,Male,raymond24@example.org,(285)029-1604x5466,10/28/1978,"Engineer, control and instrumentation"
12,Af087410aB0c186,Dwayne,Hutchinson,Female,preston28@example.net,(233)811-1749x417,6/22/1914,"Teacher, early years/pre"
13,057EE455E68fe9E,Bradley,Velazquez,Male,joycejay@example.net,(831)049-2030,12/23/1906,Airline pilot
14,BEA2b99B1efBFAA,Samantha,Moon,Male,____@gmail.com,7788378816,6/21/1978,Intelligence analyst
15,33730caFF13Ff4F,Clayton,Erickson,Male,nterry@example.net,990-374-0521x33156,2/7/1959,Paediatric nurse
16,Fec6b46586ad5ab,Bradley,Bright,Female,devinherman@example.net,2534420151,1/27/1992,Fitness centre manager
17,d8CF9ED8c6E5b0b,Ernest,Maynard,Male,tommywoodard@example.com,355-863-2311x6315,11/23/2017,"Accountant, chartered certified"
18,b82C14f184d0cf6,Joe,Larsen,Female,brianna43@example.org,(566)667-8566x109,6/18/2009,Geographical information systems officer
19,F8E52fAaA87Cb2D,Alfred,Barrera,Female,kristina40@example.net,4735530004,11/13/1924,"Administrator, charities/voluntary organisations"
20,aaB0b03cFED1CeE,Jon,Wagner,Female,meagan99@example.org,001-940-671-0693x345,1/6/1934,"Engineer, aeronautical"
21,dFB1FaeB5915Dee,Glen,Calderon,Male,randystephenson@example.net,4890361487,9/16/1944,"Research officer, government"
22,983Dd56BB6Bbddb,Marco,Sharp,Male,cmcclure@example.net,074-415-1149,4/9/1944,Retail buyer
23,Ccee761Bfb157db,Jermaine,Liu,Male,tristanpatterson@example.net,001-887-131-9735x6172,9/20/1913,Health promotion specialist
24,F0e6bBAfFAeE76E,Cindy,Haynes,Female,sonyamoyer@example.net,+1-166-565-3614x575,12/17/2020,"Scientist, physiological"
25,f628DfBb03CBD1F,Meghan,Blanchard,Male,smejia@example.org,+1-188-201-3028x13440,8/24/1927,Occupational therapist
26,39Aded2dba9D2dA,Julie,Delacruz,Male,jillian34@example.net,903.237.1120x705,4/10/1941,Television production assistant
27,ab6F7E1f5F3f4cb,Jackie,Munoz,Male,villarrealgilbert@example.org,-8222,8/4/1969,"Development worker, community"
28,Bbe2B2Dcf652e55,Maureen,Vasquez,Female,chogan@example.com,645.665.5931,4/26/1995,"Journalist, magazine"
29,CBCb48f7602b113,Theresa,Riddle,Male,jasminlowe@example.org,(672)634-3364,9/27/1929,Therapeutic radiographer
30,AAF6e4Cec5f1dEe,Jenny,Wiley,Female,youngbrandon@example.net,507-684-0331,10/7/2004,"Surveyor, building control"
31,943DafaDB3cBb8f,Kirsten,Bailey,Female,donaldsonomar@example.org,719.072.3811x9483,1/26/1922,"Engineer, aeronautical"
32,d82e9C3dE3bca25,Melody,Wiggins,Male,mackrachael@example.net,138-424-2414x284,5/8/1938,Fitness centre manager
33,FC8993D4eea0fbF,Ruth,Bolton,Female,newtonbridget@example.net,625-325-5178,3/20/1928,Air cabin crew
34,6Fc6eD447FD79f2,Jacqueline,Frederick,Male,collin32@example.com,001-258-289-4822x430,10/4/2010,Animal nutritionist
35,0F0cb8FD3a9D664,Theresa,Gilmore,Female,gmerritt@example.net,167.275.8072x1394,8/26/2019,Broadcast journalist
36,Cd78a54fdD9Cd09,Stanley,Underwood,Female,ravenbecker@example.com,001-718-046-2819x96662,9/26/1931,Web designer
37,a1a3C9bAba7ffC6,Brandy,Heath,Female,pcarey@example.com,347.257.0051,6/15/2005,"Teacher, adult education"
38,C0610bd81CF4a26,Terrence,Tucker,Male,rmcdaniel@example.com,-2151,5/21/2019,Retail banker
39,Cae1Bf83A0EE8Fb,Mary,Ferguson,Female,vrobinson@example.com,(828)736-9849x305,12/13/1941,Restaurant manager
40,9f1fFDfC68A4ab0,Rachel,Rice,Female,chrisware@example.com,711-766-7143,2/28/1952,Building surveyor
41,4d7Bcb4f3beA01c,Allison,Clay,Female,orrangie@example.net,571-027-5392x52373,10/5/1949,"Chemist, analytical"
42,433902DadEEEC75,Tom,Rivas,Male,guyayers@example.org,-7510,5/16/2019,Medical technical officer
43,ECAac759b21a1e1,Monique,Ferguson,Male,calhoundestiny@example.com,+1-194-730-3308x3435,12/25/1972,Media planner
44,dCfa25BcbcAba3e,Denise,Cardenas,Male,sethtrujillo@example.com,(361)504-1387x66414,12/4/1979,Customer service manager
45,485C61e2eEAa78e,Ross,Wiley,Male,ymathews@example.net,(633)617-1882x60906,1/7/1978,"Research officer, government"
46,0Bda3Ed3024eA18,Curtis,Oconnell,Female,katie30@example.com,049.991.7021x207,1/3/1929,Print production planner
47,1bc064EAc82b9fC,Terry,Hanna,Female,juan72@example.net,540.583.5150x603,9/7/1987,"Social research officer, government"
48,7fFc8D702cE0FC8,Ernest,Wilkerson,Female,danielhenry@example.org,001-824-105-7592x567,3/15/1982,Police officer
49,1c7237427FeFabC,Tabitha,Odonnell,Male,faith61@example.com,423.672.3441x50759,9/29/1929,Interior and spatial designer
50,eDdDAaa356B5dE8,Joshua,Hooper,Male,dillonroberta@example.org,001-303-890-9476x293,2/10/1975,Psychiatrist
51,4C98C1ebF592153,Vanessa,Huynh,Female,reginaldhuber@example.com,+1-162-385-4717x6173,8/22/2018,Metallurgist
52,4fb3Da4ff8D6555,Lucas,Pittman,Female,mackenzie07@example.org,371.858.0099x78932,1/2/1933,"Psychotherapist, child"
53,7cEbA3a43406FDc,Jaclyn,Cohen,Female,tanyabeasley@example.org,048-503-7259x42036,12/12/1961,"Therapist, art"
54,6BC783eb7Af2Cd7,Jill,Shannon,Female,avilahector@example.com,986-816-4078x799,9/4/1952,Archaeologist
55,Dc5EEDcebE9FDEe,Bradley,Hull,Female,paigedoyle@example.net,(964)775-9750x8072,4/25/1990,Ranger/warden
56,b1BDc0c4bcFfAAF,Roberto,Walton,Male,dianeporter@example.net,(245)876-7530,5/21/2000,Estate manager/land agent
57,ffa71D8aaA9Dc79,Chase,Beard,Male,zsoto@example.net,7198013833,3/10/1983,IT technical support officer
58,89495ABa8CFfe0a,Ellen,Scott,Female,zpowers@example.net,048-580-4571,2/3/1991,Management consultant
59,A7b65abd07AA6b5,Bridget,Spence,Female,graysheena@example.net,7430176893,3/19/1946,Broadcast journalist
60,DBefCB70Db08CA5,Katie,Wells,Male,tescobar@example.org,(840)054-8816x5656,6/16/1966,Fine artist
61,afeEEFe2E97eb9B,Breanna,Cardenas,Female,meganchoi@example.net,366.024.6617,1/29/1937,"Psychologist, forensic"
62,Ad07d6Bcc2bbe9f,Beverly,Sanford,Male,qklein@example.com,(236)336-4342,3/25/1923,Radio broadcast assistant
63,fDDABc42EdaBfeb,Tonya,Riggs,Female,marcobaxter@example.com,+1-930-513-0910x410,2/7/1989,Fitness centre manager
64,4F53dae8ADdc8E3,Chloe,Beck,Female,alanbarron@example.org,(000)637-3788,11/25/1999,Animal technologist
65,6eED04DfAC73CAb,Abigail,Parks,Female,falexander@example.org,641-340-3192x7669,1/23/1975,Structural engineer
66,ceDFd2aA38e2c10,Lorraine,Castaneda,Male,btrujillo@example.org,150-528-7831x7206,12/22/1967,Lobbyist
67,C4ABFe7A253CEC6,Ashlee,Boyd,Female,jaimeware@example.net,+1-824-030-3058x05214,3/18/1920,Regulatory affairs officer
68,c942F5F96BfE1aB,Carl,Lucero,Female,isabellasantos@example.net,8292649018,7/31/1977,Plant breeder/geneticist
69,FcEDebdADD4C31F,Cassidy,Chambers,Female,blackjonathon@example.org,(949)941-9234x688,11/13/1917,Telecommunications researcher
70,F2ddb8E0DD61Bfa,Andres,Barajas,Female,foneal@example.com,001-821-485-1296x616,2/29/2008,"Programmer, systems"
71,0aFC8AD4A4CaCCA,Stephanie,Phillips,Male,urobinson@example.net,(131)005-1695x59600,1/5/1955,"Education officer, community"
72,1E36fC61E55fF4F,Gabriel,Villanueva,Male,alisonwallace@example.net,802-325-6918x14023,10/24/1922,Chartered loss adjuster
73,f76d642cbC7AA9F,Eugene,Cooper,Male,roberto61@example.net,336-516-8781,2/13/2006,Barrister
74,08E4cdf6F02a58d,Johnathan,Henderson,Female,haasjade@example.com,605-087-9260x2141,8/11/1950,Special educational needs teacher
75,Fdb71ff322d45bB,Jocelyn,Ross,Female,shari97@example.com,119-877-9743,8/13/2011,"Accountant, chartered"
76,Fe66eA7692E007C,Chelsea,Hester,Female,maddentricia@example.com,(094)992-1771,5/24/1932,Equities trader
77,b646a0cc80278B1,Darrell,Kent,Female,prattivan@example.com,+1-654-882-5630x09244,3/19/1914,Dealer
78,F03B0D2Ee9c0fEc,Beverly,Hurst,Male,hmcknight@example.com,396-914-0284x0268,4/10/1939,"Engineer, broadcasting (operations)"
79,D1CB9a34C869b7e,Paul,Hart,Female,cynthiagibbs@example.com,(224)570-4441x253,8/17/2016,Research scientist (medical)
80,e4fAfDA1B36ccAB,Amber,Kaiser,Male,glen89@example.com,247.600.2341x507,5/5/2008,Food technologist
81,c50FfCf9Bca1478,Kerry,Weiss,Female,torresmeredith@example.net,(282)903-7321x6391,4/20/1997,"Psychotherapist, dance movement"
82,AaBf7Ec3027BCE0,Donna,Donaldson,Male,franklintheresa@example.net,(045)206-0472x11401,12/11/1924,Charity officer
83,110C4d4BBea87FD,Wesley,Gomez,Male,moniqueblankenship@example.com,001-975-965-3302x123,6/19/1949,International aid/development worker
84,8c5C6dDE445bE12,Lorraine,Sims,Male,bonnie13@example.org,7141654702,11/25/1993,Housing manager/officer
85,DFcA9e5aBdE255D,Linda,Robertson,Female,tbraun@example.net,001-349-126-7106x99998,2/6/2002,"Therapist, art"
86,BB2b3F32aA469A1,Lindsay,Lam,Male,arthursellers@example.com,203.453.5503,9/5/1971,Maintenance engineer
87,973BA9c8EBd7Acd,Meredith,Hayden,Male,jeff39@example.net,(919)466-0809,4/2/1958,"Conservation officer, nature"
88,4Cdcb9cCF6b7B63,Betty,Avila,Female,ronaldpoole@example.com,270.300.6557x96333,8/17/1977,Freight forwarder
89,5c879dA08De10B1,Erik,Delgado,Female,denisetyler@example.com,-7734,3/3/1954,"Secretary, company"
90,4e1e61826d7454b,Dawn,Gibson,Female,lkidd@example.org,740-688-0252x09426,2/5/1957,Chiropractor
91,ecDdbBEeE1FfF1c,Stuart,Peterson,Female,dmaldonado@example.net,729-234-4895x79641,5/25/1922,Solicitor
92,5EfB4C4ea4ada2E,Gavin,Saunders,Female,asanders@example.org,438-852-6976x0102,9/16/1967,Biomedical engineer
93,542B99E0FBaFeB6,Natalie,Mcmahon,Female,tamaramoss@example.net,-8898,9/29/2004,Dealer
94,EABF6Ae6EB7ACCF,Valerie,Gallagher,Female,mallory24@example.com,-7769,11/10/1957,"Surveyor, quantity"
95,cB3D3F7c5F4B6e9,Willie,Peck,Female,maddenariana@example.org,001-823-180-5753x827,2/5/1929,"Accountant, chartered certified"
96,6F64425b4179B7e,Ariel,Crosby,Female,pvargas@example.net,+1-716-783-0545x34370,10/20/1961,"Scientist, research (medical)"
97,63A41AcffdE706a,Jeremy,Wells,Male,patrickbray@example.net,001-380-532-6030x84086,10/22/1982,"Conservator, furniture"
98,F74E2815ad1c6Bc,Joann,Garza,Male,benitezcarol@example.net,-3552,1/9/1985,Ranger/warden
99,6693DCB95FCa5b7,Jeanne,Rowe,Male,usantiago@example.net,863.352.0641,9/15/1925,"Scientist, research (physical sciences)"
100,788B528aE7ED6ED,Christie,Kane,Female,jill08@example.org,385.794.7337x2956,6/3/1985,Theatre manager
101,75D6ce671EfBF2d,Reginald,Thornton,Female,jhenson@example.net,563-598-6133x440,1/15/1929,Herbalist
102,cC8fe86a98ddD4B,Kristen,Brady,Female,krussell@example.net,(764)418-6059x95216,4/16/2001,"Surveyor, insurance"
103,5CcdF4Dbaff82Fa,Gail,Bridges,Female,jodimahoney@example.net,+1-793-496-0331x189,6/21/1952,Optometrist
104,16b285dbE23D4e8,Danny,Aguilar,Female,frymarisa@example.com,586-769-5838x142,7/26/1947,"Librarian, academic"
105,3e1484bfd9ABCdd,Reginald,Kelly,Male,isabel07@example.com,+1-542-427-8727x654,5/31/1950,Commissioning editor
106,adEcc21FC45F4e5,Yvonne,Greene,Female,williamsroberta@example.org,(474)251-7880,10/14/1933,"Pharmacist, community"
107,7bad0B85253b63b,Diamond,Burton,Male,efrazier@example.com,001-449-486-0092x964,2/28/1932,Mudlogger
108,697d416d35A5FdB,Alicia,Chaney,Male,davehutchinson@example.com,-7453,1/29/1915,"Buyer, industrial"
109,73cc11babBd1004,Devon,Marquez,Female,arthuralvarado@example.net,9284448673,6/1/1966,Event organiser
110,85F9c0d6FEB8a7f,Tony,Parrish,Female,humphreymathew@example.com,393-731-6803x1719,5/19/1918,Social worker
111,6e757BFf3BEe7ed,Karla,Logan,Male,caitlyndrake@example.org,(033)666-3787,2/24/1912,Educational psychologist
112,12E5fFa0C784F93,Cody,Walters,Female,debbie25@example.org,001-482-422-9266x839,5/8/1923,Advertising account planner
113,A44f518fF27a5C7,Shawna,Fields,Male,nichole65@example.org,001-358-235-8603x90188,3/29/1997,Higher education lecturer
114,b0BF93BB0b014f7,Kathryn,Clay,Female,kayleenewman@example.org,+1-391-732-0447x498,5/1/1982,Special effects artist
115,4Faea63c364bDBf,Jaime,Arellano,Female,ymcintosh@example.org,446-004-1699x5242,3/2/1927,Community education officer
116,C361fbCe5f7B27C,Arthur,Gross,Male,sheri54@example.com,803-839-7174,8/3/1951,International aid/development worker
117,143BA14c1BECC32,Tami,Farley,Female,orozcobill@example.com,844-198-4852,8/1/1944,"Psychotherapist, child"
118,E8F6b0EaBFf0EfD,Christine,Rosales,Male,darrellmeyers@example.org,062-380-7342x22273,2/27/1955,Clinical research associate
119,8cACCfeE15Bb2d1,Howard,Camacho,Male,linda70@example.com,-10898,3/24/1929,"Designer, multimedia"
120,84F1f4CE4aa768d,Lucas,Thomas,Female,wstanley@example.org,224-373-1278x5935,8/15/1947,"Surveyor, quantity"
121,BcF890aB45AEC47,Carlos,Mccall,Female,marciagolden@example.org,+1-596-805-7975x64715,5/23/1947,Barista
122,fB84EA36F639dda,Robyn,Salas,Female,nmiddleton@example.net,798-315-3232,4/19/1973,Dentist
123,A3dd90E2646d8f5,Jody,Acevedo,Female,mcdowellpatrick@example.org,480.888.2872,10/12/1962,Furniture conservator/restorer
124,263B33c75735b8b,Leslie,Benitez,Male,smathews@example.net,495.962.3345,3/16/1958,"Presenter, broadcasting"
125,fB1954Ba6DCBa55,Isaiah,Huffman,Male,savannah43@example.org,833-886-9270x1773,12/27/1988,Quantity surveyor
126,8737D3acc74D05C,Julian,Hampton,Female,gardnerdominic@example.com,(411)337-9523,10/8/2000,Technical sales engineer
127,E3CAaA6e1baCbca,Justin,Elliott,Male,brady09@example.com,275.784.4598x47289,2/27/1993,Paramedic
128,fAbdac3Ac999CC5,Glen,Hamilton,Male,nashantonio@example.net,+1-478-796-8374x94970,4/14/1926,Special educational needs teacher
129,360Fe0A37130Fb4,Scott,Dawson,Female,ynelson@example.com,527-726-5973x662,11/5/1965,Engineering geologist
130,2AEe01e97B87E33,Connie,Sutton,Female,meghan24@example.com,528.343.4317,9/2/2003,Psychotherapist
131,e8C84fD0Ce25De4,Kevin,Vance,Female,katelynharper@example.net,-1073,10/20/1933,Records manager
132,CD6F9f41ccDde73,Paul,Combs,Female,chasestuart@example.com,001-556-291-6791x1647,3/20/1929,Tree surgeon
133,6c0F6984eE61D5E,Patricia,Garza,Male,rray@example.org,540-369-4566x2227,8/19/1975,Mining engineer
134,68F246aaefeBcFB,Lee,Ferguson,Male,cassidyhenry@example.com,-8389,6/6/1987,"Exhibitions officer, museum/gallery"
135,DE7A1957fe00A28,Karla,Sloan,Female,pedrobrowning@example.com,071-248-9313x428,1/30/2022,Haematologist
136,ECE95bFA0ee4ff5,Tyrone,Duffy,Male,juarezdawn@example.net,(807)306-4450x93158,4/22/1991,"Runner, broadcasting/film/video"
137,07daAF4057Ad2Aa,Christopher,Page,Female,atkinsalejandra@example.net,982-260-9606,9/5/1960,"Designer, graphic"
138,905F457fAb70af7,Randall,Bullock,Male,marciacollier@example.org,+1-847-177-7845x0821,1/15/2003,Economist
139,F8db60EEBd4eD7C,Ronnie,Cantrell,Female,perry46@example.com,+1-915-490-6011x5420,9/9/1972,Building services engineer
140,Fa6248dec743e87,Gloria,Landry,Female,dreese@example.com,+1-581-157-8322x01891,4/21/1999,"Producer, radio"
141,Acf51b0ad0A77C4,Nathan,Carrillo,Male,mistynichols@example.org,-4557,2/16/1971,Barrister
142,9F80AbE6EcAbFD4,Tonya,Logan,Male,cathy28@example.org,105-145-9479,6/16/1950,Broadcast engineer
143,5033b29edA0a31c,Selena,Shields,Male,garrettchurch@example.org,(995)155-3124,9/26/1960,Marine scientist
144,5Ff30b73Cef1E76,Jorge,King,Male,ddodson@example.org,920-486-2672x58075,10/17/1936,Technical brewer
145,4E06B9f9a15aCDC,Angie,Lowe,Male,kochcolton@example.net,001-321-194-0056x433,4/20/1936,"Therapist, sports"
146,Ad55E5311AECEB0,Sarah,Humphrey,Female,tammie97@example.org,(135)381-5257x34881,8/3/2007,"Conservator, museum/gallery"
147,83c0ACB007e9D80,Melody,Esparza,Female,padillachristine@example.org,643.411.5921x92685,1/27/1992,"Exhibitions officer, museum/gallery"
148,f8fC46DB41dA50A,Melody,Serrano,Male,sheena79@example.org,-2272,9/3/1918,Structural engineer
149,EEd08890CB4eB3f,Alexa,Santana,Male,schmidtrandall@example.org,001-181-887-5635,4/22/1983,"Exhibitions officer, museum/gallery"
150,906Ecdd68a9b6CC,Herbert,Poole,Male,nwashington@example.org,+1-537-771-1019x46695,2/22/1943,Community arts worker
151,eF3f68f7025FC51,Jerry,Schultz,Female,cynthiaherring@example.org,+1-079-947-0622x216,9/2/2016,Amenity horticulturist
152,daE25db23B1eEAD,Tom,Stuart,Female,kristy48@example.org,001-083-972-3746x5098,1/7/1950,Risk analyst
153,5EcEAD19Cb376F2,Guy,Stephens,Female,adrianabuchanan@example.org,001-951-755-5717x60001,3/5/1941,Textile designer
154,6F4Eb34c3CAcD29,Grant,Barton,Female,cathy98@example.org,(722)827-2092x3244,12/25/1943,Patent attorney
155,Bda3f10C72EdcC8,Jamie,Riggs,Male,pmalone@example.net,(185)304-1686x938,1/9/1926,"Conservation officer, historic buildings"
156,6ab2E7D1739BaDd,Jermaine,Trujillo,Female,dmiddleton@example.net,(807)143-9174x633,2/2/2019,"Teacher, music"
157,7aa9A8e7d6b2d2a,Bobby,Mathis,Male,harry66@example.com,517.440.6043x017,12/22/1906,Insurance account manager
158,01aDE411b4b30C0,Terri,Neal,Female,oburke@example.org,(877)077-7190,12/5/1985,Volunteer coordinator
159,f67c06f8dECD1D3,Reginald,Nixon,Female,qsandoval@example.org,114.464.6524x92878,9/5/1917,"Education officer, community"
160,5BBDA96cd137246,Sarah,Huber,Female,wilkersonlucas@example.net,893.355.7289,5/20/2021,Chartered management accountant
161,00B10Cfe479aC3F,Hunter,Romero,Female,austinruben@example.net,977-555-6372x3075,8/21/1926,Therapeutic radiographer
162,ee025dfaC3EFb0F,Alisha,Blair,Female,mcook@example.net,001-245-207-9096x1725,8/15/2004,Race relations officer
163,cCe8bFd14f2BFa0,Malik,Mclaughlin,Male,albert53@example.com,338-743-7634x511,9/26/1946,"Engineer, automotive"
164,Ffe6b70DFA7f03c,Kristopher,Nicholson,Female,jbrooks@example.org,892-928-8849x566,6/7/1913,Osteopath
165,ab215e68EACD0F9,Chris,Lucero,Male,sanchezrichard@example.com,-10039,9/10/1986,Research scientist (medical)
166,2Adc9EBdA3cBcf7,Paul,Glover,Female,corey40@example.net,+1-178-905-1173x52630,7/7/2000,Communications engineer
167,f7F04ec2cD24257,Joe,Dominguez,Female,malikday@example.org,7627283769,2/7/1971,"Surveyor, planning and development"
168,f1EF2a5e9c4d9D7,Susan,Palmer,Female,wgibbs@example.net,+1-485-703-2439x193,8/27/2009,Clinical biochemist
169,dD7743d7DBC94fE,Patricia,Sullivan,Female,bowmandominique@example.com,001-020-070-3547x551,7/7/1992,Pharmacologist
170,E0De5e4775789DE,Raven,Marks,Male,vpineda@example.net,001-382-487-7202x231,4/13/2019,"Engineer, aeronautical"
171,8fCD2700722d99F,Jenna,Cervantes,Female,adriana77@example.net,001-430-194-3454,1/31/1996,Chief Operating Officer
172,7C9fFf3167Eca8C,Bobby,Richard,Male,jaclyn82@example.org,(299)470-3636x391,11/1/2017,Town planner
173,f6BD6BD3B830a83,Dominique,Whitehead,Male,waynewong@example.com,001-429-498-8998x916,11/30/2019,"Engineer, chemical"
174,B78aae8C92Def30,Theresa,Austin,Female,walexander@example.org,+1-435-615-6643x41944,6/23/1929,"Solicitor, Scotland"
175,5c798EaBfb4de9b,Brady,Velasquez,Male,cobbhoward@example.org,901-380-7695,7/23/1931,"Surveyor, quantity"
176,cec177633F5bdf7,George,Riddle,Female,crawfordjermaine@example.com,6205132721,7/10/1920,Pharmacologist
177,cBEd4EDbe33B48A,Rachel,Chambers,Male,christieryan@example.net,5152645363,7/20/1918,"Production designer, theatre/television/film"
178,F8dbeAdfA4D567C,Dylan,Combs,Female,itran@example.com,538.535.3690,4/7/1982,Materials engineer
179,be03b46cAb5C264,Sue,Schultz,Male,bonilladamon@example.com,110.548.1763,3/21/1997,Child psychotherapist
180,494D609bcdf04B3,Cindy,Shea,Female,sstephens@example.com,+1-998-549-9473x2223,3/25/1985,"Development worker, international aid"
181,f2ea22C5cCd3D7a,Michael,Hayden,Female,marciaritter@example.org,(137)272-7471,12/25/1910,Freight forwarder
182,f07d2667341b5B2,Marcia,Christian,Female,shepherdveronica@example.com,001-633-813-7765x11778,5/29/1933,"Engineer, electrical"
183,a7369dBdfCae70F,Chris,Parker,Female,wonggene@example.com,215-502-1838x0181,4/11/2017,Plant breeder/geneticist
184,A6eAFe5dce01429,Karl,Skinner,Male,sheriliu@example.com,182.399.8387,7/29/2014,Recruitment consultant
185,7726cee9d7eecFd,Lynn,Townsend,Female,forbesseth@example.com,555.036.6415,9/22/2008,"Doctor, general practice"
186,D1D6B2CfFFFfbed,Renee,Mora,Male,kayleesims@example.org,(429)299-7189,11/22/1908,Podiatrist
187,E5e148FB71509e9,Diana,Hubbard,Female,eugene90@example.org,001-095-808-4212x6698,12/31/1969,Fast food restaurant manager
188,Db5D39Be888BC6b,Tasha,Hendrix,Female,charlenewise@example.org,672.380.0939x79436,7/18/1973,Transport planner
189,15045fea6ebafB4,Audrey,Kerr,Female,robersonjonathan@example.com,(272)590-6617,5/19/2014,Accounting technician
190,0bEFcc9755ac0bC,Bernard,Duncan,Male,clifford59@example.net,349-283-9179,12/7/1945,Educational psychologist
191,F7f737E84BeFc7F,Karen,Riddle,Female,ihood@example.org,(270)337-4700x381,6/13/1963,Sports administrator
192,8bDa1A527cae3bc,Dalton,Gilbert,Female,tylernathan@example.net,001-762-305-6734x78708,8/8/1909,"Teacher, early years/pre"
193,caf1E02780cc7Bd,Shelley,Bowen,Female,janebean@example.com,001-845-779-3277x66303,6/28/2004,"Surveyor, planning and development"
194,eEb8321d0D36B9d,Thomas,Bullock,Male,codyrich@example.net,135.875.8322x4479,7/26/2014,Newspaper journalist
195,F27ed8f681da5d9,Beverly,Deleon,Female,hmckinney@example.org,586-855-7116,2/27/1962,Training and development officer
196,fF1E63fbf5e8fBF,Luis,Odom,Male,dwaynehodges@example.net,6365503941,4/15/1984,"Scientist, research (life sciences)"
197,dC6B2D49f4e9a36,Terri,Bullock,Female,hector28@example.net,6469207288,11/7/1959,"Programmer, multimedia"
198,0c70A677de78D7d,Arthur,Barrera,Female,aespinoza@example.org,(257)125-0074x2167,4/23/2021,"Journalist, broadcasting"
199,2afa207a1AAa54B,Troy,Carrillo,Male,douglasvance@example.org,(709)271-0698x65625,12/23/2004,"Designer, industrial/product"
200,c2dcC4aEcabA6DE,Caitlin,Graham,Female,hfitzgerald@example.com,(518)610-0001x96553,12/7/1969,"Designer, interior/spatial"
201,d7C812CcF07BAc9,Fred,Reed,Male,fieldsmiguel@example.net,442-732-8411x6841,1/19/1987,Health physicist
202,88bfeFeF4F6FAbc,Christian,Riley,Male,jeffery50@example.net,8784827809,12/6/1970,Site engineer
203,7d29bF53FF7AeDe,Neil,Miles,Male,gdunn@example.net,(476)101-9304x5589,12/30/1979,"Designer, industrial/product"
204,bB249bcEf94ADBf,Gabriel,Bush,Female,vponce@example.net,001-417-658-1566x6367,11/5/1982,"Scientist, biomedical"
205,80925C3ccb97915,Alfred,Joyce,Female,valdezshari@example.org,001-187-133-6286,4/23/1995,Systems analyst
206,FEce936e977A0Ae,Shawna,Romero,Male,mfarmer@example.org,001-325-933-0176x96201,10/27/1915,"Designer, jewellery"
207,E1AeB2deCc3FDCa,Destiny,Sandoval,Female,johnsjuan@example.com,3372898896,12/12/1914,"Production assistant, television"
208,c4C95cda4b422fB,Mindy,Hanson,Female,biancamichael@example.net,7763967383,7/15/2016,Facilities manager
209,8dAaccbaC7Fafeb,Maxwell,Floyd,Female,fryejoanne@example.org,1197827255,1/24/1926,Osteopath
210,0C1e9FDD8FD80BC,Ernest,Farley,Male,marcuskerr@example.com,431-705-3374,3/19/2018,Dentist
211,0287FfDcdc51f84,Randy,Chan,Female,gstevens@example.net,146.407.6518x68216,8/20/1924,Health and safety inspector
212,C7DF38a1AECCa59,Wayne,Cochran,Female,jermainegarner@example.org,819-776-5231,1/13/1998,"Psychologist, occupational"
213,D0b138DFa4ed2eA,Wesley,Lee,Female,sblair@example.net,950.057.7552x90609,11/21/1923,Research scientist (life sciences)
214,EDDA07E2f5b6d27,Dana,Levy,Female,courtney51@example.net,538.517.4332x661,12/30/1989,Armed forces training and education officer
215,b0FbfEbDdC56b0a,Kristy,Pineda,Male,christopher75@example.org,875-895-4659x956,5/10/1920,Dealer
216,342FfFfaF37067C,Bob,Frey,Female,wwhitehead@example.net,588.742.8402x6275,12/2/1969,Clinical molecular geneticist
217,1cf81Fb7E6C3bB4,Jacqueline,Allison,Male,christine60@example.org,664-573-7618x908,4/6/1944,Charity fundraiser
218,E82dab2FCDfe24F,Karl,Morse,Female,dpittman@example.net,850-765-9015x448,1/13/1937,"Research officer, trade union"
219,77E0cB83F33bd1B,Caitlin,Fernandez,Female,devonsweeney@example.net,720.037.5849,8/1/2013,"Designer, fashion/clothing"
220,A1AB055A01192Cd,Charlene,Welch,Male,gonzaleztara@example.org,940-668-0181x87479,3/26/1943,Chief Marketing Officer
221,b1FeA85A0ab8c6D,Jasmin,Peck,Female,steelechris@example.com,592-216-6726x67416,5/3/1912,"Civil engineer, contracting"
222,B99782eB0Ce128A,Samuel,Gould,Female,tfischer@example.net,6677129342,9/25/1997,General practice doctor
223,a7f38d4EF34c0fc,Maxwell,Reilly,Male,ubeck@example.net,+1-862-249-8405x379,2/21/1990,Manufacturing engineer
224,F5EA3CaEc952b13,Glen,Cummings,Female,ernest23@example.org,(757)043-6838,3/30/2003,"Designer, fashion/clothing"
225,Ea9ae0F8AEB4D03,Diane,May,Female,heather85@example.net,+1-377-845-0428x1361,10/23/2018,Aid worker
226,4B717260401fc3e,Karina,Fitzpatrick,Male,barryroberson@example.com,+1-882-417-7107x47359,4/2/1945,Hydrographic surveyor
227,d31B58eFeEDEfeD,Sherry,Strickland,Male,qheath@example.net,001-091-624-5951x05512,6/20/1983,Location manager
228,BEe3Cff5E4df93d,Beverly,Castro,Female,yrodriguez@example.net,+1-384-084-8582x10028,3/16/1932,"Geneticist, molecular"
229,06EdF9d6A8b4ee0,Carly,Terrell,Female,wwalker@example.org,(730)913-5344x06134,11/26/2008,"Therapist, music"
230,3A4d66C6E2aEc0B,Donna,Villegas,Male,tochoa@example.com,001-524-423-0966x47792,5/4/1996,Arts administrator
231,caBd91C0f690EF1,Evan,Welch,Female,vasquezderrick@example.org,+1-784-070-1154x744,11/6/1986,Applications developer
232,B7eB12dCb1cD3F9,Jillian,Manning,Male,hmckee@example.org,838.347.7233,4/13/1996,Curator
233,0e0F6d388EfbB69,Craig,Garrison,Male,savannah27@example.org,672-904-9796x3024,11/14/2019,Television camera operator
234,C9A34bE60dA1aa4,Aaron,Macdonald,Female,bridgesdanny@example.org,001-030-333-8715x0976,8/21/1993,Theatre manager
235,A8Faa5AEEf1360B,Tammie,Schmitt,Female,goodbrittany@example.com,618-921-1170,11/4/1935,Financial planner
236,5211c1d3BBe8e67,Anna,Anderson,Female,mitchellsandoval@example.net,049-104-9267,5/29/2009,Civil Service administrator
237,E22DF76Cd1CAdC5,Andre,Duncan,Male,karina71@example.net,001-860-170-7487,4/8/1914,"Teacher, special educational needs"
238,83Def2bAA9c8F53,Gilbert,Guerra,Female,jordan70@example.net,821-143-3316x03414,2/13/1981,Automotive engineer
239,d8CCbcEcc207183,Cody,Thomas,Male,andrewsblake@example.net,9906694908,11/4/1944,Chartered legal executive (England and Wales)
240,B8ddfF2fE23d98d,Leroy,Soto,Female,darrylmedina@example.net,408-639-1290,9/25/2017,"Psychologist, forensic"
241,aB4cD454c3675dE,Brandi,Dennis,Female,fdavila@example.com,+1-994-247-4356x6200,11/7/1963,Oceanographer
242,Cd22DaDb6A48F8F,Molly,Macdonald,Female,vincent50@example.net,(180)466-8403x131,6/2/1919,Chartered legal executive (England and Wales)
243,2b6a5e25da8C156,Duane,Vaughn,Female,rita62@example.org,+1-811-728-7870x082,11/1/1998,Orthoptist
244,edfc5fa0d7f1AA2,Connie,Kane,Male,jeffrey89@example.org,585.017.3844x057,9/30/1961,Operational investment banker
245,D9E54CB8FE9Ed00,Martha,Villanueva,Male,anthony98@example.com,913.230.7610x27223,8/21/1963,"Social research officer, government"
246,484dFB90dB3b54f,Melinda,Schultz,Female,russonicholas@example.com,(890)284-3229x4882,8/27/2013,Graphic designer
247,22Af176179A5652,Tony,Chase,Male,shelbyrhodes@example.org,001-752-295-9917,4/24/2019,Retail merchandiser
248,35220Ef8Ee3A3fF,Nina,Ferguson,Male,ngould@example.com,+1-317-891-5199x6539,9/21/2000,"Geneticist, molecular"
249,3e0Da2cEeEfD4F2,Randy,Wagner,Female,ngreene@example.org,943-229-1136x13269,8/11/2008,"Production designer, theatre/television/film"
250,0FD4be593CB7CAc,Jill,Cook,Male,keithconway@example.net,030.878.9792,8/26/1912,"Education officer, environmental"
251,BbDA6b5ddB9cb6C,Katelyn,David,Male,warnergwendolyn@example.com,450.093.9493x4432,8/5/1998,Midwife
252,54Ca7CAe935DBe2,Dean,Conley,Male,michaelpedro@example.com,417.435.0155x75385,3/15/1909,"Editor, commissioning"
253,9924ece3e8acfe2,Madeline,Wilkinson,Male,clarence52@example.com,(649)453-8599,12/29/1965,"Pharmacist, hospital"
254,2D83785DecdF1CA,Eddie,Krause,Female,fhanson@example.org,(921)997-3116x009,7/1/2010,Science writer
255,d54feFf9fedFC7F,Darryl,Kerr,Female,shanepope@example.org,(133)181-7990x0402,2/22/1927,Corporate investment banker
256,072C8772946e8CB,Bridget,Stone,Female,mingram@example.net,809.728.9534x506,7/21/1921,Community pharmacist
257,8D6047C616E6fE5,Stefanie,Schwartz,Female,navarrolucas@example.com,(357)573-7313,7/19/1961,Web designer
258,e8eF0EbA1BfAA0A,Diana,Travis,Female,bishopkayla@example.org,771-351-1656x3614,7/12/1926,Volunteer coordinator
259,57d83c377c56aBb,Stacey,Cain,Female,hooverchad@example.com,970-954-2898,3/3/2021,Museum/gallery curator
260,Aad077D2af3cAba,Caitlyn,Kirk,Female,livingstontheresa@example.org,+1-837-372-1261x677,8/29/1998,"Teacher, music"
261,BFeb19AbD5992a4,Dylan,Harris,Female,sgutierrez@example.com,(342)820-9291x8351,5/8/2022,Mental health nurse
262,8dC3A79614ff3B2,Justin,Salas,Male,hatfieldluke@example.net,(848)651-1504x620,12/21/2015,"Runner, broadcasting/film/video"
263,50E5Bf4fbEF57E8,Theresa,Irwin,Female,sheaadrian@example.net,1732832512,4/27/1930,Forensic scientist
264,FED06DCc7cDDD6A,Barbara,Chambers,Female,plyons@example.org,001-535-654-8400,6/8/1952,"Programmer, multimedia"
265,eE7efeCf5E6Ad5f,Joan,Munoz,Male,smallroy@example.org,672-338-0978,3/8/1956,Tourist information centre manager
266,a37f4e5cbe62e11,Stacy,Long,Male,theresabeltran@example.net,+1-065-978-8493x434,5/9/2005,Research scientist (life sciences)
267,Be9Bce16B3D56BF,Gregg,Spence,Male,carlosbrewer@example.net,+1-954-255-8810x06085,8/26/1976,Bonds trader
268,744AEbfc9AAAf7B,Gene,Duffy,Male,sabbott@example.org,(747)270-4858x743,2/14/2011,Agricultural consultant
269,e6a651eEea8b069,Nathaniel,Henry,Female,andreapotts@example.net,067-893-8599x343,2/9/2009,"Education officer, community"
270,Df87fdDbF8734fA,Danny,Velazquez,Female,seaton@example.com,059-604-9354,3/5/1996,Chiropractor
271,E45C3BE3cdAa83E,Maxwell,Everett,Female,freycandice@example.net,-5915,10/2/1998,Secretary/administrator
272,B0Ac9AaF0D9Bb1F,Eugene,Newman,Female,rose48@example.net,2789533027,1/13/1909,Insurance risk surveyor
273,A6509183ec47a92,Victoria,Moreno,Female,hornpaula@example.org,960-471-9695x11996,4/28/1978,Therapeutic radiographer
274,eF7b588Ced63B80,Cesar,Newton,Male,madeline19@example.net,919-419-5076x892,7/10/1936,Chemical engineer
275,5Ad9F765a2B27Ca,Seth,George,Female,coreyparsons@example.net,001-068-526-2634x165,12/6/1919,Aeronautical engineer
276,9C61C173EB8FEaF,Darrell,Norris,Female,bkaiser@example.net,855.136.3116x0429,3/11/1934,Corporate treasurer
277,acbc26FcEAf24C9,Arthur,Khan,Male,christiandesiree@example.com,001-419-176-8826x631,3/5/1914,Land
278,Faa596CEeebB2eA,Sandra,Gould,Male,shafferjermaine@example.com,(146)675-9253x0808,5/9/1975,Advertising account executive
279,a0DFC6b88Bf40A8,Michael,Atkins,Male,candacemckenzie@example.org,001-322-601-1910x6541,7/25/1959,"Designer, fashion/clothing"
280,ec733EEEdA7eFb8,Tyrone,Swanson,Male,pearsonalexis@example.com,239.836.4354x59967,10/5/1937,Biomedical scientist
281,Aa49CD5400bDafE,Jocelyn,Brandt,Male,tommy53@example.net,(123)699-5636x960,6/8/2014,"Administrator, sports"
282,Cef23195BAdF9Dd,Kristine,Macias,Female,natalie35@example.net,+1-121-362-8982x3714,2/14/1950,Manufacturing systems engineer
283,Bb80C4991dbcDC6,Patty,Fischer,Male,jorge83@example.com,568.108.3934x495,3/27/1978,Chiropodist
284,a13D4b5248cF8EA,Tasha,Madden,Female,vconley@example.org,(267)422-6598x96138,9/4/1981,Occupational hygienist
285,fBcECEE77da1C1b,Hayley,Bender,Male,jlara@example.com,001-022-066-6617x7363,11/30/1945,Database administrator
286,bfe8E7dDcDe0a39,Molly,Davis,Female,newtonterri@example.com,990-171-6132x616,11/21/1977,Energy engineer
287,6e127daee8bcf5B,Jeremiah,Roth,Female,dominic93@example.org,6050669469,9/29/1919,Data scientist
288,A925C315AF9baD4,Victor,Gaines,Female,autumnwarren@example.org,5683137912,2/25/1912,Further education lecturer
289,EbC0d45B77FD952,Ross,Reilly,Male,lucasjeff@example.net,2207299162,11/25/1984,Nature conservation officer
290,dDbc9CB4eF6F8Bc,Caitlyn,Morrow,Female,leroy16@example.net,657.290.2184,3/31/1940,Accounting technician
291,feBce7C69aFf7a2,Sonia,Swanson,Female,gwendolynhowell@example.org,+1-649-684-6276x008,4/5/1943,Tree surgeon
292,B7B1c7E5Bd06B23,Frank,Koch,Female,emedina@example.net,(324)912-0767x12410,5/30/1912,Commercial art gallery manager
293,1701cFe9ee1BEDa,Warren,Huber,Male,angela64@example.com,752.003.9047x5083,8/7/2009,"Engineer, civil (contracting)"
294,AaB26D4Aec10784,Robin,Browning,Female,xcontreras@example.com,001-387-277-5522x2248,8/15/2012,Community arts worker
295,0fdc2EE0Cd61B4A,Jonathon,Walsh,Male,theodore83@example.net,316.524.4277,8/21/1937,Actor
296,e39063ACF0A38bf,Clinton,Marsh,Male,dpalmer@example.org,940-108-8670,3/29/2005,Agricultural consultant
297,490d27aF11A8051,Gabriella,Zuniga,Male,joannfaulkner@example.com,(689)138-7233,10/22/1942,Higher education careers adviser
298,30F4D9D9Cd682A2,Barbara,Armstrong,Male,flemingjessica@example.net,420.666.3430,9/18/2010,Museum/gallery curator
299,48B81DEFbC30B58,Carrie,Shepherd,Male,glorianorman@example.com,(724)699-7251,5/5/2016,"Development worker, community"
300,54C8EeC68C5D77b,Sue,Parrish,Male,wigginsalicia@example.com,(762)661-6527x2462,9/1/1945,"Doctor, hospital"
301,96e2e7FCba574A0,Loretta,Cannon,Female,nielsenmarisa@example.com,117.755.5916x43050,9/10/1988,Naval architect
302,A7026cCFaFBD3Ed,Nathan,Buck,Male,yabbott@example.com,644.698.7268,3/7/2021,Probation officer
303,7Bca22A2C250540,Alisha,Moses,Male,singhjulian@example.org,(089)883-6153x2802,6/9/1998,Production engineer
304,A5b2F396c2Efdaa,Cassie,Page,Female,alisha46@example.net,533.502.9319,10/27/1978,Ceramics designer
305,4AF351eADa5dA93,Rebecca,West,Female,daltonjean@example.com,+1-064-093-3478x897,11/20/1977,"Development worker, international aid"
306,3fEA6ab1E20cd7b,Kathleen,Hahn,Male,jocelynmora@example.org,426.431.6432x261,7/19/1988,"Journalist, newspaper"
307,75eefAca914cCEC,Lee,Salas,Female,randall60@example.net,200.366.3034x469,6/15/1990,Personal assistant
308,7B24f5223b4d2bD,Mia,Nicholson,Female,ginahayes@example.org,817-428-3298x58491,11/5/1935,Software engineer
309,26Bc6FC8addc60F,Penny,Church,Male,brentsawyer@example.net,(679)043-9874x9609,7/3/1919,"Teacher, music"
310,7ABe20dAbADf731,Ricky,Mathis,Male,wyatt40@example.net,304.928.6078,6/20/1927,Data scientist
311,0Df45EBDf8E73Dc,Donna,Dickerson,Female,kathrynlam@example.net,001-569-936-1627x98589,10/13/1914,Television production assistant
312,2067bBE7da44F7F,Joshua,Hudson,Male,arthuroconnor@example.org,+1-661-146-5012x786,2/16/1968,Music therapist
313,E488776d7bF1b39,Noah,Byrd,Male,deanellis@example.net,+1-027-530-5693x615,1/2/1944,Press sub
314,0A7af8cFEBEa9fF,Stacy,Doyle,Female,aflynn@example.net,-3352,9/9/1948,Toxicologist
315,14E7c2F6064bda7,Sylvia,Barker,Female,mcclurekeith@example.net,(671)169-5215,3/13/1972,Sports administrator
316,D27292735cfcFfE,Frances,Vaughn,Male,darius41@example.org,391-656-9342,3/12/1915,Visual merchandiser
317,6C6EBE21BB90aa3,Kirk,Melton,Male,fdyer@example.net,(828)393-2010,3/10/1928,Advertising account executive
318,bf992cC42EE0220,Casey,Blevins,Female,francescobb@example.org,746-655-8212x4464,10/4/2019,Interpreter
319,D0597c36Ea4aAc5,Marcia,Navarro,Female,bbean@example.com,(007)400-4887x70892,9/9/2008,Product/process development scientist
320,cBd27Bf4d719db2,Alan,Avery,Male,kerrzoe@example.net,727.709.6378,5/11/2009,Commissioning editor
321,fF9Fc43EcdB5caE,Kathleen,Guerrero,Female,blanchardfrances@example.net,258.621.4966x11458,8/19/1996,Insurance broker
322,CCC718Adcf6e36c,Jorge,Lawson,Female,alecfarmer@example.net,+1-708-147-6482x18162,7/24/2003,Consulting civil engineer
323,1E84B7e3bB68be3,Alexis,Parrish,Female,maureen58@example.com,001-892-675-9519x459,5/14/2008,Teaching laboratory technician
324,cfcCF426d55a7c0,Terri,Golden,Male,tamihouston@example.com,(814)533-4561,6/23/1925,Claims inspector/assessor
325,8DbAfcAEE3B0c7D,Sergio,Clements,Female,farleyparker@example.net,562.439.1539,12/16/1906,"Engineer, water"
326,Bda6DBD1E40bccc,Ronald,Padilla,Female,patricia61@example.com,(962)774-4041,11/1/1909,"Journalist, newspaper"
327,92ACdDb5D2b74E6,Erin,Dunn,Female,jharrell@example.org,471.542.8767x5096,12/18/1920,"Teacher, early years/pre"
328,b1cA2807F6Ae5df,Nina,Bentley,Female,englishcarrie@example.net,336.650.9186,7/19/1998,Museum/gallery conservator
329,16eEf77ACB75E93,Devin,Howard,Female,cassandra23@example.org,738-370-3580,12/17/1935,"Psychologist, counselling"
330,b10a2C1CF3a5bF5,Cheryl,Hardy,Male,singletonevan@example.net,+1-299-160-9828x733,7/26/2003,Event organiser
331,0C32bA688De6268,Max,Compton,Female,harringtongabriella@example.org,001-674-891-6076,5/22/1948,"Engineer, production"
332,fBc35Bfb73dC17F,Jacqueline,Lindsey,Female,sherylmurray@example.com,433-403-7423x45963,4/14/1953,Associate Professor
333,fc3CB9d2e85aBbF,Bernard,Bright,Male,vcompton@example.net,+1-997-885-7922x64232,12/2/1939,Fisheries officer
334,f01AdaB8B3AfBfD,Misty,Cardenas,Female,joanramsey@example.net,001-957-743-8451,5/6/1989,Control and instrumentation engineer
335,269be4B5768bd6b,Bernard,Yoder,Male,arussell@example.com,242-440-3279,8/12/1991,"Copywriter, advertising"
336,14B38Ec68C477bF,Kaylee,Mckinney,Female,caitlynkelley@example.com,207.921.4332x80589,2/27/2006,Psychiatric nurse
337,e6BC43D8cf13Ea9,Antonio,Mayer,Female,gonzalesmichael@example.net,4279036857,1/21/1975,Financial planner
338,8aC48342dbe4fbb,Robin,Johnson,Female,nancygardner@example.org,001-129-522-2229x1899,9/29/2014,"Psychologist, counselling"
339,0Ca2c8E0eBaBe74,Terrence,Durham,Female,kelly02@example.com,472-248-1725,11/2/1981,"Designer, television/film set"
340,fe5Bc6001cc8eB2,Angelica,Rubio,Male,ritterjoanne@example.org,001-462-703-7749x823,4/30/1984,"Secretary, company"
341,6Acb3f68ddCD80D,Cameron,Walsh,Male,chamberscheyenne@example.org,553-619-6901x38188,10/17/1974,Computer games developer
342,D658bE50029dB28,Brent,Everett,Female,ccalderon@example.net,-8849,8/21/1906,Actuary
343,e7f7eD70DDC0D68,Nathan,Walter,Male,pnguyen@example.net,987-863-4245x570,10/31/1956,"Librarian, public"
344,80C4Ce19b282Bbe,Kaitlin,Robbins,Female,joanna77@example.com,(219)787-0525x066,5/5/1945,Health physicist
345,5A0B1Ee0cb91BAA,Ernest,Watson,Female,kelliemckay@example.com,-4266,3/27/2022,"Radiographer, diagnostic"
346,ECd9Aa81a2F910E,Kristin,Bush,Male,kenneth37@example.net,414-383-1883,12/8/1950,Charity officer
347,9060DaBc489deb4,Jeremy,Collins,Male,rmcmahon@example.org,785.617.0882x998,5/19/1936,"Scientist, biomedical"
348,1f2BCfF578A93BB,Sue,Butler,Female,ybeck@example.org,600.569.1342,3/22/1921,"Pilot, airline"
349,3c0E06B68f74DDe,Alex,Price,Female,baxtergreg@example.com,541-691-9625x8495,6/1/1974,"Scientist, research (life sciences)"
350,5dC0a6ABCFd3a8D,Allison,Hodge,Female,lynningram@example.org,373.061.0884x033,7/4/1950,Podiatrist
351,da132A019D91E90,Andrew,Miles,Male,perkinscourtney@example.net,085-361-1960,12/27/2011,TEFL teacher
352,00cAFA5b30b0fC1,Johnathan,Grant,Male,mtaylor@example.com,(600)098-5586x3837,4/24/1947,Nutritional therapist
353,daCeBB2aa3AaD49,Dustin,Holland,Female,stanley10@example.org,(311)207-1214x845,12/10/1921,"Radiographer, diagnostic"
354,d82EffD1aB9aedD,Christie,Sanchez,Female,sean18@example.net,669.648.4509x782,7/27/1963,Hydrogeologist
355,7ddA57a70d47cbB,Eric,Dixon,Male,fvelazquez@example.com,-8459,2/11/1948,Seismic interpreter
356,bbA19cdAef8acdB,Marisa,Mills,Female,katrinaowens@example.com,036-815-4488x20732,4/27/1939,Broadcast presenter
357,1501c6E5Ba948B7,Terrance,Allison,Female,april89@example.net,(196)224-1350,1/7/1947,"Engineer, automotive"
358,03a2272d45aCeCC,Max,Ayers,Male,ellisonpamela@example.org,398-052-0380x2662,2/21/1997,Television production assistant
359,7B544Bbe82448e5,Adrian,Howard,Male,mooneymichele@example.com,846-517-9600x05303,8/6/2016,Fast food restaurant manager
360,CF52Aa1578BEa23,Leonard,Moran,Female,kristen44@example.com,896.648.4185x4776,9/24/1925,Set designer
361,c8B9CdbbFF3A1aA,Cathy,Turner,Male,grant37@example.net,180.401.9280,4/27/1987,"Psychologist, occupational"
362,83C068c1d17fA95,Penny,Holmes,Female,mosborne@example.net,482.119.5884,12/26/1921,Health visitor
363,8a0e959cFBd81c7,Philip,Dyer,Female,brianapeterson@example.org,(003)069-9404x6774,9/28/2021,Homeopath
364,D5CFeEE4D60e39a,Danielle,Mcgee,Female,ztanner@example.org,789-700-5157,7/2/1914,Event organiser
365,d47f47afDbB5C4e,Vernon,Alexander,Female,ramosbarry@example.net,-5537,4/25/1972,Set designer
366,EABc8dA4bdC6C3f,Crystal,Mooney,Female,colemanmindy@example.org,526.091.6895x97031,6/26/2013,"Civil engineer, consulting"
367,4fC618Cbd1deD30,Reginald,Spence,Female,greg37@example.com,333-216-9293x8725,6/15/1935,Politician's assistant
368,52f0ECaeC090EBC,Gerald,Ballard,Male,emoreno@example.com,001-000-969-5299x629,4/20/1957,Higher education lecturer
369,31Cf3089Baef8cF,Connie,Weiss,Female,qgomez@example.org,(312)305-4519,10/7/1938,Dramatherapist
370,CCdFc5Acd4F5647,Melinda,Bates,Male,monicabright@example.org,806-712-2411x625,7/15/1918,Public librarian
371,FfcFeb4dF07ACd3,Kristen,West,Male,vwilson@example.com,001-854-634-4757x9181,1/25/1976,"Scientist, marine"
372,4634eaC4b3d6bDa,Samantha,Pruitt,Female,allisonjeremy@example.org,(470)002-8401x213,3/3/1997,"Designer, interior/spatial"
373,aaE95EfD3BDf7EE,Chase,Raymond,Female,pennynorman@example.org,1626851215,2/23/1932,"Production assistant, television"
374,7466af9B8bFECEa,Dawn,Hayes,Female,ycurry@example.net,008-690-4698,8/9/1925,Diplomatic Services operational officer
375,aa2Ce7b8f92cb80,Kristen,Sharp,Male,tommaldonado@example.net,(381)102-5136,12/1/1940,Land/geomatics surveyor
376,A0ac4Ad2cb5bDaD,Xavier,Farley,Female,luisstewart@example.com,(798)883-1652x40838,10/8/2003,Charity officer
377,45aCEAC4381ceA4,Seth,Castro,Male,willie10@example.net,331.992.6830,10/21/2011,Homeopath
378,614AAed59BC3bbf,Jenna,Lozano,Male,vclark@example.com,125.856.8599x28856,7/2/1945,"Education officer, environmental"
379,4cdA8DD50aEF802,Tina,Burke,Female,singletonchase@example.org,259-880-5795x327,4/1/1971,Electrical engineer
380,DE0a8C233EDAA2D,Bill,Obrien,Female,mezayvonne@example.net,001-965-873-2554x96782,10/20/2016,"Teacher, special educational needs"
381,4555C132f7f9B59,Arthur,Patrick,Male,kristina78@example.net,618-005-1966x903,7/5/1911,Systems analyst
382,C2bcdBc4D819B06,Katelyn,Morrow,Male,brocksabrina@example.net,(993)753-1160,9/26/1959,Medical technical officer
383,a2A7e48FdeB6b82,Neil,Benson,Female,goodwinmonica@example.net,410.525.2830,4/13/1945,"Designer, exhibition/display"
384,EE4cfccBa47ddBE,Ryan,Hawkins,Male,emilytaylor@example.org,480-979-5923,2/16/1988,Probation officer
385,DEFAead6f24B9b3,Donna,Simmons,Male,christian15@example.org,001-139-429-4538x77788,6/28/1973,Aid worker
386,db6a26DfE6BcD2d,Helen,Middleton,Male,howardsosa@example.com,001-853-285-2013x1657,8/4/1970,Archivist
387,d149c2b26bb2e2A,Alejandra,Petersen,Male,kentroth@example.net,+1-947-087-4756x18065,8/4/2010,Hydrographic surveyor
388,DDd4d19FF0Bc3Df,Daisy,Keller,Female,hware@example.net,+1-394-509-9120x51921,1/17/1964,Patent examiner
389,8FAed4B6eC5F4bB,Stefanie,Novak,Female,vgarcia@example.net,848.469.5453,7/24/1991,"Teacher, secondary school"
390,4C45De6C28aFfF9,Antonio,Reynolds,Female,douglasrusso@example.com,940.723.6733x339,7/25/1940,Furniture conservator/restorer
391,9b77e73EF9480b8,Katie,Hodge,Male,rachel53@example.net,341-661-8444,6/7/1937,Charity fundraiser
392,aC6822Ee71e3D8B,Billy,Galloway,Male,michealweeks@example.org,+1-302-850-2293x66498,9/24/1981,"Radiographer, diagnostic"
393,a981793F3C0f1Be,Brendan,Hartman,Female,brett88@example.com,036-803-5587,12/26/1974,Geochemist
394,54B4C61ab5BB29a,Sabrina,Kent,Male,cassidy86@example.org,944.691.0098x64362,11/9/1991,Cabin crew
395,Df94d7ecceD7a48,Phyllis,Gutierrez,Male,rmckee@example.com,604.518.4326x211,1/13/1927,Barrister's clerk
396,abFBEF35C8db0db,Jim,Haley,Male,jermaine16@example.org,(976)772-0479x4955,12/6/1945,Teaching laboratory technician
397,c7fa2DefceF7Aed,Vernon,Mccann,Male,aprilwagner@example.org,843.775.6685,10/25/1985,"Therapist, horticultural"
398,A33E7b866C80eD2,Isabella,Weber,Male,gcoleman@example.org,790-191-9089x8580,8/7/2005,"Engineer, maintenance"
399,DDb1e3ffbBeFBea,Russell,Burgess,Male,dakotamelton@example.net,(413)112-9359x3352,3/20/1953,Banker
400,fFE0B637ECFCdbb,Maria,Whitney,Female,rioskrystal@example.net,530-607-5023,7/29/2018,Analytical chemist
401,7cb5893CBE0aFd5,Cindy,Cortez,Female,haydenjustin@example.org,(242)569-4472x090,10/15/2019,Intelligence analyst
402,cE901a31ce4AF8C,Penny,Hester,Female,aberg@example.com,001-839-503-9881x5851,3/4/1940,Telecommunications researcher
403,FddE8DbbC10FDBD,Jorge,Rowe,Male,zchung@example.org,958-740-4086x62068,10/28/1917,"Teacher, early years/pre"
404,7EEaA4F3FF459aA,Perry,Raymond,Female,nataliecosta@example.com,886.153.3817,5/15/1988,Sales promotion account executive
405,5EA2EE5De70aD34,Linda,Ballard,Male,taminelson@example.com,001-094-459-2767,10/13/2006,Special educational needs teacher
406,0eABD208fA860b8,Todd,Bryan,Male,pittsdarrell@example.com,937.909.8208x65744,11/22/1979,Film/video editor
407,4B0ceAdEf0FD9d1,Chelsea,Todd,Female,monroebeth@example.com,1807287963,5/11/1984,"Teacher, secondary school"
408,9dE69DfAB7FcEBb,Jorge,Barron,Female,destiny05@example.org,001-301-260-6776,3/26/1945,"Geologist, wellsite"
409,78c5bDAE7e3a312,Barbara,Fry,Female,debra99@example.org,3884489925,3/8/1947,Architect
410,AA8dEAF4B0E22A8,Rebekah,Poole,Female,patrickalan@example.com,073.516.0871,5/14/1968,Mechanical engineer
411,D533B9cab14B53C,Riley,Hayes,Female,darrell87@example.org,(450)916-6354x9001,12/29/1968,Osteopath
412,EbDFd021Ce5dABC,Sydney,Hooper,Male,buckleymeagan@example.org,+1-217-920-8326x6093,1/21/2011,Phytotherapist
413,cBb5077cDAae2d5,Tonya,Ford,Male,kimwayne@example.org,+1-743-132-6000x48840,4/22/1915,"Designer, jewellery"
414,97a8E91f9eC4BF3,Kathy,Mcintyre,Male,hmoreno@example.com,(147)461-9934,5/6/1985,"Engineer, agricultural"
415,A8b2bbf18EEBf0F,Holly,Mueller,Female,campbellleon@example.org,001-383-033-7513x7974,10/4/1972,"Teacher, English as a foreign language"
416,8535e52E50829B7,Duane,Prince,Female,diamondgrimes@example.net,001-110-983-7239,5/10/1954,Chartered certified accountant
417,EbaC5cDFca189eD,Patricia,Singh,Female,tommy90@example.com,001-714-216-0446x5345,2/11/2000,"Engineer, chemical"
418,EB0a3a17e6d79a5,Johnathan,Baird,Male,ovelez@example.com,+1-463-643-6516x75536,5/22/1907,Ranger/warden
419,Fd0B1bf3edAF4F9,Tonya,Montgomery,Female,leoncarly@example.org,+1-516-638-2843x67949,9/16/2006,Wellsite geologist
420,D62272eD1ce3d7A,Austin,Hatfield,Male,peter30@example.net,347-856-9346x45155,7/1/1907,Brewing technologist
421,FEd42aCC0fFFBFB,Glenn,Frey,Male,oneal@example.org,(547)856-8758,11/14/1929,"Scientist, research (physical sciences)"
422,554daE4B5F08880,Erica,Duran,Female,katiewheeler@example.org,249-333-5268,12/7/1934,Management consultant
423,F8DfF0F962f8c9d,Evan,Booker,Female,paigebooth@example.org,001-899-816-8029x68122,11/19/1911,Intelligence analyst
424,DFA2482C515AFE1,Cynthia,Huynh,Female,spencesean@example.org,(009)435-4145x3519,10/6/1912,"Surveyor, rural practice"
425,662d9F7fF8A0Aca,Kristy,Hickman,Female,kirkhughes@example.org,998.784.3759,2/1/1918,Multimedia programmer
426,D8Ac98124f161e8,Sean,Shelton,Female,mccarthyvernon@example.com,585-660-0047x2644,5/19/1926,"Producer, television/film/video"
427,6976b8dB3153B0f,Richard,Wolfe,Male,carolwaller@example.com,8855985419,10/21/1907,Nature conservation officer
428,DdDa67EEFc1dD2C,Connor,Acevedo,Male,lholloway@example.com,982-017-4312,8/5/1942,Public librarian
429,fcE1Cf522D8D2Af,Judith,Davis,Male,rwilkins@example.com,+1-227-093-0698x30656,10/23/1934,Music therapist
430,eCA2acBeF8e0b77,Grant,Payne,Male,lopezevan@example.org,9185222115,2/28/1943,Writer
431,2fAACB81EF9618c,Kelli,Downs,Female,jwelch@example.net,001-623-584-4374x189,7/6/1920,Nutritional therapist
432,311eD4f56BAfaCc,Brandi,Frost,Male,dawsonroy@example.com,+1-685-501-9263x905,3/15/1988,"Geologist, wellsite"
433,00e81bb3FcAb8dE,Carolyn,Dodson,Female,howardjesus@example.org,970.923.3678,10/23/1918,Minerals surveyor
434,47AbB9EcF6193C1,Jesus,Cervantes,Male,joannmccormick@example.com,001-309-470-8928,6/28/1956,"Programmer, applications"
435,883da2Ac68c90fD,Louis,Key,Male,sethhogan@example.com,001-131-003-9304x22700,12/14/2011,"Engineer, mining"
436,F16bc4BA2Bcc83f,Linda,Mckenzie,Female,yesenia35@example.net,8695497285,3/17/2013,Outdoor activities/education manager
437,ddBDF67aFE6D832,Stanley,Reeves,Male,pknox@example.com,(031)176-4783x035,12/8/1944,"Research officer, trade union"
438,91700aAd1aDF79F,Breanna,Hayden,Male,istanton@example.com,585-322-7915x5673,7/26/1916,Financial controller
439,5dfC5691fE8b9d6,Don,Conrad,Female,jane00@example.org,211-141-5265,6/15/2010,Clinical cytogeneticist
440,a0FEDb64F10a575,Kyle,Pollard,Male,danielle05@example.com,(129)874-0867,1/13/1985,Restaurant manager
441,27E320Bd99F17Dc,Candace,Stevens,Male,lalvarado@example.net,(004)146-3539,10/21/1946,"Therapist, horticultural"
442,FBa9EBF0a6c3A17,Loretta,Price,Female,onixon@example.com,001-954-135-3128,7/21/1964,Financial trader
443,4c1bE062f19eca9,Sandy,Conrad,Female,aortiz@example.com,841.979.4622x4589,3/1/1953,"Sales professional, IT"
444,47eDEb2e8AA9EA0,Noah,Gates,Male,jade86@example.com,+1-644-191-3645x9609,12/3/1932,Social worker
445,cFbcEEdED4188d8,Perry,Tran,Male,boonejessica@example.org,3921466139,6/4/1963,Tax adviser
446,e5fF367B0F443CD,Cody,Davidson,Female,jaredschmitt@example.com,290.115.1526x74871,8/1/2010,Politician's assistant
447,75Afd75bbE21aDb,Nicholas,Yoder,Male,fmckinney@example.org,129.307.1635,5/11/1951,"Restaurant manager, fast food"
448,341ed6BD8BA91Dc,Jeffery,Tucker,Female,qthompson@example.org,056-852-7631,5/25/1965,Interpreter
449,0c8b16A9EeE7F0a,Jacob,Johns,Female,breannaharper@example.org,+1-773-654-7169x66105,10/10/1908,Charity fundraiser
450,f8076aaDe7347bE,Daniel,Ali,Male,traci35@example.com,055.628.4833,10/26/1980,Toxicologist
451,9de067a2Bec33bB,Mia,Pacheco,Male,ocox@example.net,001-720-829-8102x443,8/15/1906,Restaurant manager
452,b6cF5fD951aC7cc,Caroline,Dudley,Female,ricebeverly@example.net,(297)930-0280,6/6/1969,Medical illustrator
453,aD0F10acB84fe23,Elijah,Cole,Female,stevesellers@example.net,7080029021,2/8/1992,Quality manager
454,b185417bAB97973,April,Dodson,Female,haydenbrady@example.com,+1-724-774-7501x26012,9/21/1997,Clinical embryologist
455,08ec0CCd7B47aDf,Bryan,Stark,Female,mlambert@example.com,072-578-2014x6217,4/4/2000,Museum education officer
456,a37670b8Be77c0f,Katie,Gill,Female,kathyvalencia@example.com,599.291.2686x29113,8/5/1937,Trade mark attorney
457,05bEEF5cc6a57B1,Patricia,Page,Female,davenportelizabeth@example.org,7171484674,2/19/2014,Barista
458,94AfCDc8ba5c08b,Herbert,Salinas,Male,bobby30@example.org,389.610.5895x16178,1/9/1966,"Civil engineer, consulting"
459,c7e0BAAfEeBbaDd,Kelsey,Warren,Male,weberjudy@example.net,986-755-6741x879,7/27/1960,Prison officer
460,366E5bCD38bFCfe,Tonya,Duffy,Male,randy02@example.com,865-693-3748x97830,10/1/1965,"Radiographer, therapeutic"
461,D7caD6B34653c3d,Donald,Pratt,Male,phillip46@example.com,001-240-692-9240x395,5/9/1960,"Conservator, museum/gallery"
462,A559d8b9f8cfD43,Don,Lawrence,Female,omullins@example.net,196.443.3329x293,12/14/1910,"Administrator, local government"
463,bFf82223C52fA27,Theodore,Adkins,Female,bcuevas@example.org,001-127-866-5866x7898,7/21/1955,Artist
464,ffc4f65B44bEAca,Shaun,Simmons,Male,manuel65@example.org,001-092-286-4454,11/27/1984,Product/process development scientist
465,CdDA51158Ad336d,Austin,Cisneros,Female,ashleepatrick@example.org,001-881-453-0566,12/10/2021,Dramatherapist
466,4A11bE1Df1155Ad,Ross,Hunt,Male,jpennington@example.org,6793464011,11/26/1920,"Research officer, political party"
467,cEDc18d7B78aEa4,Linda,Henson,Male,sarabarrera@example.com,+1-127-003-3216x947,4/15/1929,Recycling officer
468,dd54FAD8bC1bcCD,Willie,Watkins,Male,vangkim@example.com,(028)086-0714x962,12/11/1910,"Education officer, museum"
469,a29576d2192CA89,Bryce,Greene,Female,coreyeverett@example.org,001-613-063-8513,3/15/1908,Psychiatrist
470,47E81cBcF959f63,Jaime,Schmitt,Male,ebenjamin@example.net,-1760,6/17/1962,Ambulance person
471,c4D8dd3D3fA77dF,Zachary,Mcintosh,Male,wesley61@example.org,001-625-906-4672x755,7/19/1940,Music tutor
472,FeeF14BcEFCAFf1,Mike,Duncan,Male,edwardhenderson@example.com,001-946-070-3219,5/10/1939,"Scientist, physiological"
473,4a35bfEd7ad10f6,Pam,Weiss,Female,isaiah50@example.net,(326)522-8184,9/8/2009,Photographer
474,ECee5Ba7b96f9d5,Brittney,Juarez,Male,xburns@example.org,405.962.7146,3/26/1950,Human resources officer
475,6EDfC807EE9DE2A,Mia,Odom,Female,churchjeremiah@example.org,055-790-1278x399,5/6/2010,English as a foreign language teacher
476,5271185bDC47aCf,Casey,Weber,Male,alan77@example.org,298.583.7566x2341,11/4/1942,Stage manager
477,342CC6D0b8BAAfe,Aimee,Khan,Male,breannadaugherty@example.com,(462)664-4881x939,1/24/2019,"Therapist, horticultural"
478,37b5ce9F0EDabac,Nathaniel,Wall,Female,caroline04@example.net,(906)782-6797,8/1/1998,Diagnostic radiographer
479,da1e99f8Afc7deB,Jackie,Zhang,Male,robynmorse@example.org,026.025.1347x47741,1/3/1925,"Chemist, analytical"
480,Ac6A43170cD0BdA,Madison,Richmond,Male,lynchzachary@example.com,9015391943,11/9/1982,Furniture conservator/restorer
481,d98c95F379E15Ef,Carly,Hicks,Male,uli@example.net,563-605-7879,7/28/1980,Print production planner
482,1Aa3fFaA9Ad05b3,Antonio,Russell,Male,lynnroy@example.com,433.649.6456x752,11/21/2016,Film/video editor
483,82CC7CC78ae8630,Valerie,Valencia,Male,tracey16@example.com,001-840-496-4268,11/21/1911,"Investment banker, corporate"
484,AdE1711dF9A169D,Tommy,Lambert,Male,tmoses@example.org,+1-472-074-0704x37878,3/10/2004,"Development worker, international aid"
485,cbFC1EAAfc3Eff2,Norma,Brooks,Female,gregorypalmer@example.org,2642807438,11/10/1955,Tax inspector
486,3ECaDF1deE6C3aE,Philip,Jordan,Female,cmalone@example.com,+1-405-995-4983x77565,3/24/1993,Economist
487,9eae7b096fA9e2A,Mandy,Levine,Female,caseian@example.com,836-570-5655x3347,6/1/2009,"Therapist, speech and language"
488,7c7Ee8aCc2eBE17,Margaret,Stein,Male,vbray@example.com,434-223-9082,8/30/1919,Electronics engineer
489,8dBE254e9bB66df,Dean,Pennington,Female,jhaynes@example.com,(042)606-2046,5/28/1982,Structural engineer
490,2dECfd57510e573,Clifford,Lutz,Female,ytodd@example.org,910751897,1/6/1925,Customer service manager
491,dF111Aae3Df5F97,Rita,Singleton,Male,marciacannon@example.net,193-761-5442x29362,12/25/1922,"Nurse, adult"
492,fde5eca7d885485,Kathy,Knapp,Female,icook@example.net,(181)515-5326x17072,4/7/1963,Armed forces logistics/support/administrative officer
493,0DcbcFe72aC666E,Alexandria,Daniel,Male,zacharyprice@example.com,+1-254-100-6534x8483,4/14/2017,"Copywriter, advertising"
494,35DCCd6eE1eB6bB,Angelica,Sandoval,Male,dlin@example.net,001-345-271-4974,3/15/1983,Land/geomatics surveyor
495,eCCFb9D44ee9793,Mackenzie,Mcmillan,Male,hayley39@example.com,001-696-040-8750x433,12/23/1954,"Engineer, land"
496,FA5978ef8CC96bd,Mia,Cook,Female,landrews@example.com,001-805-714-9534x178,1/10/2004,Counselling psychologist
497,7e7D49F1808f49a,April,Frost,Female,curtisroy@example.org,+1-223-134-7358x91444,8/27/1966,"Therapist, drama"
498,af57ACC6aCf5EaC,Cassidy,Stevens,Male,jessica64@example.org,415.408.3029x9153,11/12/2010,Lawyer
499,3e1FFbA83dE486d,Martin,Greene,Male,lfloyd@example.org,001-300-744-6909x60802,6/17/1925,Freight forwarder
500,ae9e13d83b9c35d,Michele,Nielsen,Male,hooverjared@example.org,909-391-8938,3/10/1996,Special effects artist
501,5F1FFDdd8Fa286A,Brett,Brown,Male,chase08@example.org,223-002-5602,4/30/1919,Sports administrator
502,361c7A8D5a4c4F1,Darrell,Neal,Male,quinngloria@example.org,001-695-735-3008x297,5/21/1995,"Teacher, adult education"
503,daaEe4aE82B862a,Shelley,Bowers,Male,taylor07@example.com,001-931-739-6144x479,2/28/1949,Barista
504,A6C3aC805F47041,Cristian,Myers,Female,dshea@example.com,(719)641-1032x5650,7/31/1980,Police officer
505,562A778e2d8469D,Traci,Boyle,Female,parsonsshirley@example.com,(989)134-4332,12/14/2010,Contractor
506,d1bCc7eCbcdB3fa,Jessica,Caldwell,Female,vcoleman@example.org,-9616,12/4/1945,Patent examiner
507,562Beb7e95FBbc0,Johnathan,Randolph,Male,lucasjoanne@example.org,001-648-652-6974x34718,2/29/1988,English as a second language teacher
508,639E69e7Ae1dC3c,Natasha,Love,Male,robynchoi@example.com,-8322,1/21/1927,Legal secretary
509,D3A7C2d8859FFFb,Tony,English,Female,vmorton@example.com,524-952-9305x5380,3/10/1923,Insurance account manager
510,aDe216dCD496fCC,Carlos,Rowland,Male,colonbarry@example.org,001-874-275-4392x4474,7/20/2005,Engineering geologist
511,6aa9fAac21087fC,Russell,Fleming,Female,yuethan@example.net,001-260-578-8431x4722,4/8/1970,Chiropodist
512,eF8Fdbb3CA4ED41,Gloria,Dougherty,Female,nancy13@example.com,001-073-129-1327x0208,1/25/1998,Tourist information centre manager
513,Cf3E458dFEbEDBd,Justin,Burton,Male,tommy71@example.net,9698768082,4/28/1974,Medical sales representative
514,bdaAaceBCaaA5aD,Austin,Clements,Female,rtate@example.org,001-591-612-6569x38223,5/3/1962,Commissioning editor
515,49302B166D0CdE8,Ray,Cobb,Female,pamela75@example.net,+1-940-445-2435x284,5/2/2005,Technical sales engineer
516,eA21aD6BE6f50B9,Kara,Proctor,Female,marksmakayla@example.org,705-821-8985,11/29/1973,Communications engineer
517,f7fE15fbb5EfEEC,Allison,Hess,Male,pedro42@example.org,268-505-9548x2641,6/12/1966,Soil scientist
518,8aDA34E8bbA4774,Sonya,Morales,Male,ritabaldwin@example.net,001-598-319-1335x034,1/25/2015,"Designer, exhibition/display"
519,65C17F8DaE975f4,Bryce,Hansen,Male,ortegajoyce@example.org,(522)105-5338,11/18/1960,Accommodation manager
520,D2cB1ac1De4De1f,Charlene,Wolfe,Female,zbradford@example.com,(318)017-5849x01607,11/20/1970,Forest/woodland manager
521,4E1ffDF62C5F204,Kristopher,Patel,Female,downsmonique@example.net,837.000.1692x361,6/1/1958,"Scientist, clinical (histocompatibility and immunogenetics)"
522,2b30Dad707671aF,Terry,Conley,Female,rlong@example.com,310.925.5301,11/1/1909,"Surveyor, land/geomatics"
523,d26f09b1f4Ce5eD,Darrell,Wagner,Female,vmorrow@example.org,+1-931-494-9271x433,5/14/1918,Accommodation manager
524,873D3e048cf15BB,Desiree,Singleton,Female,staciemccall@example.org,(030)403-8035x28226,9/13/2016,"Surveyor, mining"
525,5B1bAf4992ABd14,Shelly,Lane,Female,claudiadennis@example.org,001-152-135-6474x1997,6/30/1925,Product manager
526,48A5cC827a2ad3B,Logan,Dean,Female,blevinsmichelle@example.com,964-847-2072x72947,3/2/1937,Aid worker
527,DFA0C2e33F1fFCD,Marisa,Shaffer,Female,carolyn45@example.net,893-079-2161x1927,11/19/1995,Human resources officer
528,Aee50eE8902C855,Bob,Valencia,Male,spencermercedes@example.net,(844)890-2145x12056,4/14/1911,Health physicist
529,F334EF015D08D3b,Stacy,Simon,Female,ejoyce@example.com,(152)218-5066x14636,3/17/1921,Counsellor
530,d92EEb3aA3ffFAb,Phillip,Burgess,Male,kfowler@example.net,935.388.6875x97279,5/27/2019,Technical sales engineer
531,595F8DF3f7eA1ce,Paige,Warren,Female,holdenstacy@example.net,926.055.7814x0730,4/26/2017,Ranger/warden
532,FC14811b1987b7f,Christy,Ball,Female,jordankathleen@example.com,017.595.1046,7/21/1912,"Teacher, music"
533,Ade43bBf14bf54C,Catherine,Stanton,Female,bradley15@example.org,001-524-622-2076,3/29/1986,Hydrogeologist
534,1ddEF72E55F01d5,Zoe,Huber,Male,ariel32@example.org,629-498-0197,7/26/1983,Market researcher
535,2C9bf571D035cC7,Joyce,Robertson,Male,cathy60@example.net,(337)444-5575,10/8/2015,Magazine journalist
536,12Adb0eCAFb143D,Rhonda,Macias,Male,mckeedanny@example.org,8401713631,12/23/1950,Product designer
537,CCcCd1d9FC32dDb,Allen,Ross,Female,zortega@example.com,-2198,9/11/1977,Adult nurse
538,db17DA6145571Bb,Roberto,Shannon,Male,faulknerrobert@example.org,286-979-5530x59192,3/10/1959,Local government officer
539,298Fb91Cb2BEcf8,Shaun,Rocha,Male,toddherbert@example.org,819.639.1768x777,5/29/2006,Television floor manager
540,29ff0Ae56FCEaCf,Luis,Meadows,Female,sawyerjasmin@example.org,+1-031-311-9115x396,11/15/2007,"Accountant, chartered"
541,0Acf4A1dE7af46f,Chad,Copeland,Male,qjennings@example.com,573-786-8326,12/11/1912,Museum education officer
542,88B4bfCbe2fFCb2,Judy,Hayden,Male,ambermolina@example.com,+1-712-489-3427x691,3/28/1921,Tree surgeon
543,A9e99DBe726E59D,Johnny,Oconnell,Male,tgallegos@example.net,2210676623,3/16/1960,"Psychologist, forensic"
544,e2cC5DD3ffc94D5,Tamara,Gentry,Male,xholt@example.com,(088)083-7607x502,4/12/1992,Visual merchandiser
545,12F4D0A2db4b67a,Keith,Griffin,Male,unavarro@example.com,(033)132-6741,11/21/2014,"Geologist, engineering"
546,CDE9c87c0c8aDeb,Angelica,Humphrey,Female,kwaters@example.org,001-027-466-8881x60200,8/23/1978,Audiological scientist
547,00b27DAB0EaFE2C,Derrick,Gomez,Male,srichmond@example.net,001-256-052-8469x007,5/27/1927,Retail merchandiser
548,8FA15Fe522FcADD,Shelly,Irwin,Male,schaeferchristian@example.org,(695)360-7918,3/23/2014,Solicitor
549,F0bcb0aae3cAe27,Brady,Meza,Male,shelleyhanna@example.net,-6750,3/30/1955,IT consultant
550,bE58d60965CFCeA,Yvette,Lutz,Male,sandra10@example.com,(216)332-4816,10/20/2002,"Presenter, broadcasting"
551,c1fDbDDF7E3d9F8,Colleen,Larsen,Male,mckeeparker@example.org,001-002-411-3782,4/8/1998,Magazine features editor
552,BDcBA4ee4cEcBF2,Rodney,Walsh,Female,vfisher@example.com,001-591-823-7254,12/10/1916,"Scientist, forensic"
553,54AF6fF1Ba1Ff55,Sylvia,Ashley,Female,ricesydney@example.org,688.307.6729x2050,6/29/2020,Patent examiner
554,ABCC675eEd0f888,Natalie,Hall,Male,pfuller@example.net,802.099.9838x510,3/19/1940,Chiropractor
555,4df0b5EB4FBbFB6,Candice,Forbes,Male,crossalexis@example.net,899.027.8090x97508,7/6/1908,Aid worker
556,A1D2Bbc3e1FD4AD,Alfred,Hodge,Male,smurphy@example.org,255.601.8532x69780,5/5/1912,Archaeologist
557,3E264feFbcea4bf,Alvin,Gibson,Female,caitlyn49@example.org,(273)379-2554,1/19/2019,"Nurse, children's"
558,EB38db49981315b,Larry,Burke,Male,dvincent@example.net,759-014-0128,1/12/1967,"Designer, ceramics/pottery"
559,A5FCC1642ee247a,Kaitlin,Sullivan,Female,cmcclain@example.net,001-399-144-1503x2883,2/21/1942,"Engineer, civil (consulting)"
560,b2E1Cafc968EAcE,Ricky,Osborne,Male,wpotts@example.net,438-829-8437x5169,3/9/1969,Communications engineer
561,073E27bcf1a5ac3,Eric,Bautista,Male,keith97@example.com,001-984-421-5945x344,10/23/2005,Conference centre manager
562,7d30dD1d08cDE9E,Tricia,Patrick,Female,vchang@example.org,701-425-6763,10/4/1912,Town planner
563,eeDCacCA7FD5Bd0,Molly,Fletcher,Male,jose58@example.com,499-531-5562x401,2/8/1916,Facilities manager
564,97DA885DEa7fbec,Rodney,Bernard,Male,ana19@example.com,001-286-041-1632x92767,5/4/1998,"Accountant, chartered management"
565,cFE53e61a5c7e6d,Craig,Hamilton,Female,nealmaureen@example.com,190.412.9457x6893,9/23/1930,Conference centre manager
566,66e54043Ef802c3,Kristine,Jimenez,Female,peter76@example.org,904.875.0936,12/1/1994,Geoscientist
567,3f552ffD218aFBb,Cheyenne,Hunt,Male,nathan33@example.net,7926335130,3/16/1951,Pharmacologist
568,BE8cFd04A3fA5b2,Shawn,Watkins,Male,terriduran@example.com,001-541-888-3593x3800,4/3/1963,Community development worker
569,cfFd7978b2dA4f2,Johnathan,Griffin,Male,alexandriameza@example.org,715-663-7995,4/27/2016,"Designer, ceramics/pottery"
570,0B8Eb0ecBaC32da,Bruce,Ruiz,Male,reginaldhahn@example.com,208.746.3592x6999,11/6/2020,"Psychotherapist, dance movement"
571,cCFdAD92154dfbe,Clayton,Steele,Male,alec75@example.org,+1-740-136-1860x7713,11/8/1970,Stage manager
572,0Ea5B1F9aae91ac,Derrick,Valenzuela,Male,blakeheath@example.com,269-860-9755,10/9/1908,"Designer, fashion/clothing"
573,414BAfeFb500480,Candace,Nixon,Male,yvonnetapia@example.com,(350)261-7521,2/18/1989,Homeopath
574,34Be4Aa99Bb96DA,Damon,Nichols,Female,chelseyconner@example.org,001-279-415-2727x4237,6/10/1952,Quality manager
575,e3a18bB90BF9AA7,Regina,Walsh,Male,gregg47@example.com,(443)151-6033x352,2/16/1907,"Scientist, physiological"
576,687d8C5b40c219c,Caroline,Rowe,Female,jay43@example.net,881.872.9376,2/22/1947,Research scientist (life sciences)
577,7ecB66C24b924cf,Wendy,Mckee,Male,alex44@example.org,666.608.3562x4112,2/19/1951,Radio producer
578,a0778802dD4cd72,Johnathan,Paul,Female,careykarla@example.com,+1-263-019-6277x838,9/16/2019,Cabin crew
579,5CA4BbdAbAc0c55,Gavin,Arellano,Female,evansalexis@example.net,(855)598-3149x82476,8/8/1956,Further education lecturer
580,e9aE196b0Dc1A66,Alyssa,Stevenson,Male,edwardryan@example.com,001-944-112-3978x704,3/12/1932,"Accountant, chartered certified"
581,bbf86DE3Be13079,Brandy,Cortez,Female,ameyer@example.com,+1-815-954-0893x4273,5/11/1934,"Scientist, research (maths)"
582,dC624D22fBE8bEF,Kirsten,Baird,Female,shaun49@example.org,526.035.4458x1014,9/19/1936,Medical sales representative
583,5A7AA69Beda5B4a,Candice,House,Male,mcintyrepedro@example.com,001-232-491-0982,7/22/1960,"Geologist, wellsite"
584,7CCBf2a6Ee717a9,Carrie,Good,Female,coffeysergio@example.net,203-062-5153x017,1/23/1932,Exercise physiologist
585,fDEc7dd55a4afC2,Joann,Spencer,Female,igonzales@example.net,001-983-035-3071x59726,2/12/1992,"Conservation officer, nature"
586,196aeEa36B22eea,Gina,Powell,Female,brianawood@example.org,+1-842-269-0399x8299,2/14/1960,Network engineer
587,eaAef9558AF987b,Amanda,Lucas,Male,bentonmorgan@example.com,879.144.5995,4/29/1908,Psychiatrist
588,2e1aF2eaEC87ffC,Kristine,Blanchard,Male,yerickson@example.com,+1-555-368-9476x8768,1/30/1972,"Conservation officer, nature"
589,9AbCc51Da8f4fFd,Toni,Conway,Male,destiny82@example.org,+1-452-101-0922x33359,12/29/1924,Herbalist
590,e4E9cA6dDa8ECdb,Jeanne,Ortega,Female,jcarter@example.com,(308)647-9298x72409,10/26/1912,Control and instrumentation engineer
591,fE41fA2927BeBF0,Heather,Orozco,Male,aliciagarza@example.org,954-843-7751x803,12/26/1927,Product manager
592,0Bf4d45Ee2A1DdE,Douglas,Hays,Male,jonesalbert@example.org,001-003-418-8979x32886,3/11/1923,Public relations officer
593,Dd44Bd5aca973FB,Mercedes,George,Female,ramirezbenjamin@example.org,001-506-127-8833,8/23/1967,"Editor, magazine features"
594,A6F3f1FFAC6D0DD,Selena,Richmond,Male,annecampbell@example.org,8186210498,5/21/2007,Warehouse manager
595,1Cf657D018f7Ebe,Francis,Strong,Male,harrellcynthia@example.com,+1-651-282-1643x4705,6/21/1908,Animal nutritionist
596,D3FEaE4E7fFa397,Grace,Buchanan,Female,stephanieweber@example.net,(417)370-5363x242,6/10/1919,"Conservation officer, historic buildings"
597,E797Fb67e5de90d,Paul,Hoffman,Female,marilynbradford@example.com,501.741.8759x659,7/5/1990,Cytogeneticist
598,dbc0ECfFfEB0533,Judith,Zavala,Male,francis36@example.org,115-407-6749,1/13/2008,Tax inspector
599,aD691D3aD3aE8a2,Devon,Conway,Female,tammyromero@example.com,4606425382,9/23/1937,Visual merchandiser
600,1fBF0AFC3ACA7b0,Emily,Carey,Female,daisyaguilar@example.org,001-890-950-9181,10/4/1974,Petroleum engineer
601,dd984d66a4e2E9A,Dean,Thompson,Female,karl59@example.org,119.410.8416x1699,8/27/1988,Chartered management accountant
602,eCaeD0B3fd9beAa,Daisy,Weiss,Female,juanvasquez@example.org,233.650.9098,7/30/1914,Software engineer
603,DDb4A4AfaCD5e5e,Dan,Cox,Female,wandamayer@example.com,001-009-704-9493,1/19/1911,Health and safety inspector
604,c6B94dd3C048E53,Dalton,Schmitt,Female,steve65@example.net,2361340039,4/21/1987,Retail buyer
605,47c3f305C09B70A,Cindy,Becker,Male,ksnyder@example.net,-5525,3/30/1934,"Engineer, materials"
606,66Ce2ACd18B2504,Erika,Mendez,Female,stephanie48@example.net,267.852.5058x419,6/26/2006,"Production assistant, television"
607,f76ecedAF2d79f3,Sherri,Conrad,Female,sacosta@example.net,(546)262-2628x488,8/25/1926,"Copywriter, advertising"
608,dbd0Af9fA9B50bc,Melinda,Gallagher,Male,abbottdoris@example.com,343-393-6288x5477,6/26/1975,Museum/gallery conservator
609,96eeA809AaAfeeB,Kaitlin,Miller,Male,bridget43@example.net,(245)266-4116x207,1/28/2016,Pensions consultant
610,EA2aED9927391Cf,Lydia,Irwin,Female,toddhaley@example.net,+1-548-463-7439x873,4/9/2011,Careers information officer
611,CeE66a8a0d8B32D,Eileen,Hernandez,Male,dsantana@example.net,(076)706-6936x0532,6/23/1982,Database administrator
612,AeB4F4c0C5CB803,Darrell,Adkins,Female,sabrina21@example.com,6828254236,6/7/1934,Forensic scientist
613,94A90c8aFfB49FB,Peggy,Mahoney,Male,carlybrock@example.org,(356)889-7007,10/25/1906,"Buyer, industrial"
614,7D0f57aa2D3d6d1,Yolanda,Wilson,Female,herringfrancisco@example.org,9672206616,3/14/1964,Tour manager
615,3bFDdf55EA05f9B,Victor,Wu,Female,latasha71@example.com,634.563.8829x2378,5/11/1921,Theme park manager
616,65b805e723edb9f,Earl,Hansen,Male,ihess@example.org,+1-281-260-6098x545,6/25/1949,Furniture conservator/restorer
617,fd12EAf5d04Eb7d,Alison,Fields,Male,darrylturner@example.org,249.861.7208x30437,12/8/2010,Print production planner
618,fbd5C1fC5339021,Ana,Decker,Female,rebeccakeith@example.com,1006605873,1/9/1945,Set designer
619,BCC9B69d7a30C6a,Becky,Larsen,Female,charlenemack@example.net,+1-174-205-7710x9661,2/9/1958,Purchasing manager
620,e9Cf7abcE3D95d8,Erik,Gamble,Male,reidalexa@example.com,446-735-1876x80007,2/4/2017,"Geneticist, molecular"
621,5666dAB5e3fAEF6,Toni,Hoffman,Female,rickeyhowell@example.net,107-854-5366,5/26/1948,Cartographer
622,0f2dEe90adeEff4,Jerome,Mccall,Female,burnettbrian@example.org,323-060-0899x910,10/10/1954,"Producer, television/film/video"
623,0bBFaef2D1B2D7D,Desiree,Higgins,Female,robertamontoya@example.net,+1-670-865-6730x70560,11/30/2010,"Merchandiser, retail"
624,090428e4AEab353,Kerry,Stevenson,Female,umoreno@example.org,001-878-559-6134,12/8/1947,IT technical support officer
625,3bDFF542bC03C8A,Lorraine,Stephens,Female,kanekara@example.org,2246471596,2/9/1964,Town planner
626,4eccd28D73Ff8bF,Brett,Hinton,Male,connietapia@example.org,537.636.1257,8/22/1909,Chief of Staff
627,1E2a7Af9D598Ef2,Micheal,Clay,Male,kristy38@example.com,+1-109-699-0566x822,3/23/1971,Environmental manager
628,657BDe766a13143,Rebekah,Larson,Female,jbrennan@example.net,(316)843-1038,10/28/1988,Education administrator
629,b9ca85a02Fb8BdE,Kara,Downs,Female,meredith33@example.com,(193)351-5821,1/14/2015,Adult nurse
630,eeFD5F6dAA9Bd08,Tony,Booth,Female,dan50@example.com,001-512-782-5256x60799,11/20/1921,Medical sales representative
631,Ed7A4a8285Dab3c,Vincent,Rich,Male,williezimmerman@example.com,307-801-5885,7/4/1930,Arts development officer
632,A6314E7Fc77EAb7,Larry,Mayo,Male,barrettshelia@example.net,405.126.8990,1/31/1970,"Lecturer, higher education"
633,D4a64EFcEcb68CB,Selena,Brooks,Female,alisonjohnson@example.net,+1-512-563-6311x0977,6/9/1920,Mining engineer
634,aaBE16ADAF2603D,Albert,Dennis,Female,rhendrix@example.org,(619)457-0047,6/5/1970,Chartered loss adjuster
635,9bF11E3a0cdBd3c,Loretta,Hebert,Male,joshualevine@example.com,260.439.9891x925,9/2/1929,Data processing manager
636,7cc76e1dF214B2c,Jean,Reynolds,Female,dhale@example.org,232-440-9950x12269,8/27/2007,Brewing technologist
637,68C0D41EAdD98dE,Brady,Woods,Female,darincarter@example.com,(111)140-0995x5159,2/17/1914,Cartographer
638,f8fFa860Fd3Eb1E,Jared,Carter,Female,jessehardin@example.com,183.417.2185x572,1/23/1955,"Engineer, aeronautical"
639,EA6A3e012c070Ce,Stephen,Browning,Male,blackburnjennifer@example.com,805.817.9456x404,8/31/1954,Financial trader
640,EA94dA63EA77dEa,Craig,Boyd,Female,philip41@example.com,488-635-7247x4742,12/20/1959,Research scientist (maths)
641,917BDc5fFF86dDf,Brian,Butler,Male,jmontoya@example.org,904.017.9209,11/30/2001,"Librarian, public"
642,d7B4643acd9d5EB,Hector,Jacobson,Female,freyphyllis@example.org,712-875-1796x03089,6/3/1922,Hydrogeologist
643,Ccb5e7a7a3F67FE,Crystal,Villa,Male,hcurtis@example.net,+1-208-844-9128x5240,7/1/1938,Bookseller
644,BbFc2ACBd1E2f2B,Albert,Flynn,Female,taylor93@example.net,001-827-152-4749,5/15/1934,Production manager
645,A81FE0C64BFAbcB,Briana,Norton,Female,heathtara@example.org,685.912.3022x216,9/7/1927,Air broker
646,Ab33bD6Fb2A3a6B,Ariana,Carson,Female,boltonyesenia@example.org,(530)663-3072,10/14/2015,Armed forces training and education officer
647,3Deb6ffa82ac154,Jillian,Weeks,Female,mcphersonross@example.com,6311954980,4/7/2015,Aid worker
648,EC3e9103dAb81a3,Blake,Pierce,Male,jimmcclain@example.org,412.166.8452,8/9/2020,Podiatrist
649,Bde850C7EDe98bB,Austin,Rowland,Male,mcdonaldmathew@example.org,188.455.6479x157,11/11/1973,Chief of Staff
650,9eaBd452e6Ae5dD,Fred,Barry,Male,ralphnorris@example.com,-3800,12/7/1960,Farm manager
651,fF9CfCA3e36C0fC,Alex,Fitzgerald,Male,heberttonya@example.com,001-558-579-4856x6202,7/25/1936,Social worker
652,A0834254F49e0cE,Patricia,Mckee,Male,lorraine95@example.com,754.502.4431x52046,5/30/1924,Hydrologist
653,afF8EDdB4E7C251,Chris,Yoder,Female,hobbstammy@example.org,993-774-9270x0921,6/21/2021,Diplomatic Services operational officer
654,a5da7eD4aa7f223,Jeff,Ferguson,Male,tina67@example.net,(177)254-5342x3435,10/20/1975,Horticultural consultant
655,5C47C30E7AaE5c3,Kirk,Short,Female,tasha06@example.net,001-190-717-9505x3722,12/21/1946,Best boy
656,3E8afCbC196b684,Francis,Terrell,Female,ingramalyssa@example.org,534-360-8817x84303,8/5/1944,"Surveyor, commercial/residential"
657,DAF05BA461eFfFC,Katherine,Perkins,Male,walshmalik@example.net,990-793-4400,10/15/1994,Horticultural consultant
658,90FabEd16EaccD8,Chloe,Miranda,Male,ejacobs@example.org,+1-816-542-6022x11977,3/8/1994,Customer service manager
659,3FA9E55dD78891A,Nancy,Cruz,Male,nobletyrone@example.com,001-118-690-2254x67721,9/29/1966,Probation officer
660,AEF2682b9CcECde,Kathryn,Johnston,Female,kevinbriggs@example.com,2800493368,10/30/1971,Merchant navy officer
661,Dd6a4e56146A97e,Andrea,Reed,Male,christopherkoch@example.com,-6829,6/22/1931,"Nurse, learning disability"
662,AF13fE3a02d9124,Ronald,Avery,Female,stefanie21@example.net,294-805-2793x472,3/24/2004,Insurance underwriter
663,cF67bEf3b1Db32D,Parker,Bolton,Female,marcusgarner@example.com,+1-812-026-0411x03479,12/25/1967,Data processing manager
664,A78Da39f5daf472,Dalton,Solomon,Female,jeffrey87@example.org,7335911467,11/11/1910,Advertising account executive
665,DB24D2AF0955BC4,Patty,Cohen,Female,yford@example.net,001-221-087-3054x9167,11/27/2015,Systems developer
666,E5C423cC2c2fB6E,Brenda,Tate,Male,wbullock@example.net,(887)443-2985,5/11/1939,Orthoptist
667,E4A7CaDFD1b8acf,Seth,Ryan,Male,lmathews@example.net,190.857.5903x785,10/2/2013,Secondary school teacher
668,8292CAfcABB72bE,Patricia,Rogers,Male,rick68@example.net,+1-947-549-1174x78243,2/20/1946,Clinical psychologist
669,FEF15de9F30E8a8,Marisa,Todd,Female,lozanoisabel@example.com,(452)897-0785x18477,3/15/1973,"Biochemist, clinical"
670,f1AdcBE602eFB1b,Sherry,Sheppard,Male,hmckinney@example.net,935-117-6773x16916,4/8/1927,Heritage manager
671,469a1d76A0AfDE1,Barbara,Eaton,Female,matthew28@example.com,(461)542-1437x945,9/6/1945,Clinical embryologist
672,260c8fd82e0D8Ed,Andre,Brady,Female,danielsannette@example.org,+1-328-654-8077x7676,4/12/1925,"Therapist, speech and language"
673,e0A16DbD0bACCDf,Lawrence,Randall,Male,kguerrero@example.com,001-485-934-4540,2/8/1914,Senior tax professional/tax inspector
674,fF99aaAD37B3a66,Jeff,Huff,Male,moniquecameron@example.org,(617)494-4292x144,1/6/2005,Pathologist
675,E2303a8aBF05b34,Isabella,Rivera,Female,cristina34@example.net,5982695860,3/15/2010,Sports development officer
676,Abd387E27BeCCdA,Bernard,Prince,Male,bchung@example.com,001-222-981-7807x185,10/18/1969,Trade mark attorney
677,FB666cd4e60Aa96,Rose,Massey,Female,daisytravis@example.org,(878)761-5564x9416,5/10/1956,Land
678,ED06bbf4Db724f4,Mason,Cannon,Male,zacharyandrews@example.org,001-281-159-4793x06493,9/21/1911,Retail merchandiser
679,9fbe59C7Bf8610D,Michael,Valdez,Female,connorcarpenter@example.org,001-928-873-0618x161,9/11/2007,"Solicitor, Scotland"
680,aEB0dD69CE7BB5c,Angela,Rivas,Male,jennaperez@example.org,798-106-2643x68259,10/7/2008,Broadcast engineer
681,AbbCfEcC806dbD3,Randy,Weaver,Male,anitavazquez@example.net,827.389.2305x10450,10/28/1979,Industrial buyer
682,eE5d7A3de5dacff,Francisco,Mcintyre,Male,adrian55@example.com,+1-000-747-8312x0808,12/7/1980,Animator
683,ebEA4F84ceC945E,Warren,Hooper,Male,mayerkelsey@example.net,938-132-9688x07802,1/23/1947,Editorial assistant
684,0e772b8f4eee657,Shane,Stephenson,Male,beckpaula@example.com,921-376-2775,8/23/1979,Race relations officer
685,f99A4d29100CBfc,Kelli,Hurley,Male,joycejoann@example.com,001-039-215-5547x385,11/15/1973,English as a foreign language teacher
686,afc59A7c9Eae9D9,Michelle,Oconnell,Male,lhayden@example.org,687.953.2343x45813,3/28/2004,"Conservator, furniture"
687,5dbFDDD6B281b03,Curtis,Little,Male,howelltanya@example.org,014-862-7040x56125,9/14/1998,Fast food restaurant manager
688,205936eacca9e2C,Ronald,Meza,Male,holly96@example.net,331.459.7066x22162,4/13/2007,Lexicographer
689,c3bBCAF46d40BEF,Antonio,Rocha,Male,frederickdrew@example.net,-11359,5/14/1984,Economist
690,318dBeF0ACaBbF4,Glenda,Randall,Female,shinton@example.org,(941)823-8870,5/11/1995,Therapeutic radiographer
691,cd3e523843bac2c,Deanna,Hodge,Male,michael98@example.com,756.559.1423,2/6/2020,Barista
692,ce5B8fec3F88A2e,Tricia,Vasquez,Female,gerald03@example.net,049-042-6852x720,1/1/2002,"Engineer, biomedical"
693,a3F8DB799505F9c,Rachael,Dickerson,Female,gvalencia@example.com,001-206-394-5927x850,7/8/1932,Community development worker
694,F3b715eebcc31C4,Eileen,Knox,Female,norrisjoshua@example.net,9123202782,4/6/1989,Equality and diversity officer
695,8A5C1e0BF3eA4F5,Anita,Curry,Male,tracy96@example.net,001-302-165-4833x85664,1/1/1910,Hospital pharmacist
696,87edc3DdAdfBCAa,Gilbert,Rich,Female,nsolis@example.net,(600)417-1072x44266,5/4/1969,Herpetologist
697,beec678a35f716D,Tanya,Wheeler,Female,angela65@example.org,573-496-7761,7/14/1990,Legal executive
698,F58Ba60CF111AAA,Andrea,Raymond,Male,gwendolyncolon@example.org,(984)313-6497,1/16/1938,Herpetologist
699,be71aEcEAeDb3fe,Tim,Grant,Female,mary42@example.org,(640)915-2481x192,1/24/1958,Broadcast engineer
700,1AE4dACDF9CFFa5,Jackie,Clarke,Male,matthewbaird@example.net,+1-522-830-9652x1542,12/25/1941,"Sound technician, broadcasting/film/video"
701,FaCE5DE1D8d78Ef,Melody,Hickman,Female,taramahoney@example.org,001-210-602-9495x12879,1/27/1932,Museum/gallery curator
702,0EB2aafc4f9f6AE,Ian,Meadows,Female,donnabaxter@example.net,(215)074-7296x8655,4/3/2019,Maintenance engineer
703,87F10eD9c653cCA,Seth,Lloyd,Female,henrysheppard@example.net,001-443-409-2430x8995,6/12/1923,Retail buyer
704,dc4Dc3D23759a50,Selena,Contreras,Female,gkline@example.org,103.987.0095x5329,6/15/1937,Chief Marketing Officer
705,861ceEA13Bde7B1,Candice,Shepherd,Male,hoodmarcia@example.com,(057)405-0248x81752,8/29/1920,Optometrist
706,F79e6BE8C6EaDF8,Aimee,Hughes,Female,nathanmccullough@example.org,+1-652-321-5729x3507,9/16/2010,Applications developer
707,2dbA46F6F5eAbf4,Levi,Molina,Female,selena51@example.com,677.789.6009x10606,5/3/1986,Herpetologist
708,Cd7BA9bf5d8D8Bf,Dawn,Peters,Female,eileen79@example.org,345.269.7644,4/11/1991,IT trainer
709,CEfA366ddfD4Dc4,Dean,Hayes,Female,maxleonard@example.net,001-383-811-6906x373,10/12/1950,Trading standards officer
710,F0B8d1f904bb9F8,Sherri,Grimes,Male,gabrielawashington@example.org,544-974-5225,10/4/1960,Theme park manager
711,0d2df9d7Ed75592,Kristi,Woods,Female,ustark@example.net,(240)865-8683,10/7/2010,"Designer, blown glass/stained glass"
712,C56DbBfdbAF3eF9,Glenn,Petty,Male,duarterichard@example.net,-5245,8/12/1939,Forensic psychologist
713,3BA9C0B18e6B000,Tracey,Contreras,Male,jeremiah55@example.net,586-107-7467x803,11/17/1959,Equities trader
714,02DCdA90dD8Ea86,William,Moon,Female,wilkersonrobin@example.org,001-211-577-0952x83183,4/22/2003,Haematologist
715,13df11b43927bBB,Candace,Clements,Female,tapiacollin@example.org,471.198.9114,7/10/1962,Actuary
716,b732Ff3DB842c6D,Vicki,Carroll,Female,hubbardandres@example.org,+1-393-340-1899x284,9/8/1924,Marketing executive
717,dcdc5E96Bb57c7c,Stacie,Carroll,Female,charlenecisneros@example.net,+1-150-083-8613x69269,1/31/1943,Dance movement psychotherapist
718,FB5fD7AEd7DEd7b,Guy,Dominguez,Male,tzuniga@example.org,840.213.4028x42128,4/4/1992,"Psychologist, clinical"
719,a87D1d10D00a6C9,Hunter,Francis,Female,loweryapril@example.com,+1-891-430-0527x02147,7/30/1954,Corporate investment banker
720,AA5dFFa5e158721,Jonathon,Watson,Female,marcus05@example.net,(547)476-7412,1/13/1912,"Solicitor, Scotland"
721,aF3fc8E1E1943c2,Brandi,Thomas,Male,gabriella99@example.com,5805910307,2/15/2015,Counsellor
722,392A7B2e380a2BD,Betty,Keith,Male,mlin@example.org,093.779.7541x4895,12/29/1944,Speech and language therapist
723,Cec8Da7dE6c2BFA,Robert,Clements,Female,francishuang@example.com,9001087577,6/19/1940,"Journalist, magazine"
724,C21Eb1f4215e4B7,Frances,Melton,Female,bruceryan@example.org,7454380106,12/8/2018,"Engineer, site"
725,cc3239B0cCE2C10,Margaret,Guerrero,Male,fjohnson@example.net,001-625-762-7041x4110,10/17/1914,IT technical support officer
726,bB77f7ebDd917CE,Natalie,York,Male,marisa19@example.net,147-989-3726,12/21/1969,Haematologist
727,552Fdb83B7ddc80,Steve,Hood,Female,kirsten61@example.com,(409)277-3856,8/11/2003,Air broker
728,ba59aeeA01d2Ff6,Christie,Banks,Female,riceronald@example.org,+1-173-782-3167x99812,3/13/1974,Personnel officer
729,2Ec45276FCc0c99,Brandon,Mcfarland,Male,jesus89@example.org,652.015.7094x37490,11/4/2002,"Sales professional, IT"
730,f0EFEBF7DbdeBe9,Gregory,Richmond,Male,gallegosjordan@example.net,(594)823-6960,1/15/1932,Stage manager
731,Dc377eD1D9dd62D,Angel,Andrade,Male,manuel35@example.com,001-306-494-4861,4/22/1933,Quantity surveyor
732,3dF12beaeba5B56,Steven,Case,Female,hoffmanalexa@example.net,7526358341,3/17/1990,Exercise physiologist
733,aF0CB6aB15AcCEd,Nathan,Lutz,Male,lucas15@example.org,+1-860-239-9979x36859,10/4/1978,Volunteer coordinator
734,071ddFBC5A0b8bF,Shawn,Gamble,Male,lance35@example.org,327-286-9476,3/10/1972,"Engineer, broadcasting (operations)"
735,Dc23FDAf9dcd6Fe,Omar,Sharp,Male,alexis96@example.net,(024)360-9852x6782,5/9/2020,Museum/gallery curator
736,b0fB37c19AD4BD9,Zoe,Hunter,Male,montesgail@example.org,(947)123-6469x89298,11/17/1980,Clinical embryologist
737,5FB3469CD7CDCB1,Marco,Suarez,Female,yeseniawilliamson@example.net,001-986-846-4146x3116,2/24/1926,Human resources officer
738,2fF3daDdd861FB1,Caleb,Hernandez,Male,lbates@example.org,(938)566-4309x602,9/5/1985,Education administrator
739,d6190eAccf98Abb,Adam,Bryan,Male,lawrence08@example.net,652-740-1492,8/30/1960,Accounting technician
740,Efc61A31a8B4506,Brianna,Nichols,Female,baileybryan@example.net,001-167-173-5771x6893,3/31/1955,"Scientist, research (maths)"
741,2878B3cD86fC1E5,Malik,Craig,Female,curryjennifer@example.com,(631)311-2713,8/30/1967,Associate Professor
742,1ebc826D12f3958,Colleen,Murphy,Female,brandon97@example.com,(447)291-7805x31321,7/31/1917,"Psychologist, occupational"
743,481aAA277415eE1,Kim,Harding,Female,esparzacolin@example.com,+1-415-086-0456x3528,5/23/1985,Dramatherapist
744,A2B34C5c3f05C29,Brandy,Benson,Female,glennhamilton@example.net,096.788.3378,5/11/1954,Community pharmacist
745,BDcf289ac4265a3,Curtis,Reeves,Male,marvin05@example.com,6170858046,7/10/1926,Art gallery manager
746,4499fF490e1Be27,Cesar,Sanchez,Female,cberg@example.org,739-946-2786x0396,7/5/1960,"Scientist, product/process development"
747,2aBdD1b0Dd2aBd0,Charles,Clarke,Female,isaiah74@example.net,173.678.9426,8/1/1968,Patent attorney
748,cFF33a85fEDdfe7,Stanley,Camacho,Female,loricarey@example.org,(609)835-1441,12/4/1953,Systems analyst
749,504aB071d3d4a33,Jacqueline,Krueger,Male,clucero@example.net,001-368-613-7492x3801,10/8/1991,Research scientist (medical)
750,D3FA13ADCDfcdfc,Courtney,Roach,Male,molinapam@example.net,(030)406-3828x6434,1/29/2006,"Producer, radio"
751,35D30afEffC7fb4,Bill,Hunter,Female,terrence57@example.org,+1-192-141-2029x4355,2/1/2010,"Scientist, biomedical"
752,9EEd6DE7Aa67CF4,Kathryn,Flynn,Male,jgray@example.net,394.996.7092x97653,8/15/1966,Tourist information centre manager
753,87d98F1cc97704E,Priscilla,Prince,Male,jesusblackburn@example.net,383-256-4972,5/28/1943,Ophthalmologist
754,8EA6633cff787da,Jessica,Avery,Male,iallen@example.com,(322)881-9479x07276,3/29/1983,Public house manager
755,bAeAbd6FfdaDBb4,Ray,Holland,Male,kathleenjefferson@example.org,+1-752-098-4724x89643,12/19/1911,Broadcast presenter
756,577e5685C5ed6c7,Deanna,Jordan,Male,bfinley@example.com,561.789.5984x4009,7/29/1956,"Surveyor, building control"
757,98D8d4CD72C1AF2,Sherry,Maynard,Male,hamptonsavannah@example.net,(994)341-1493x70227,3/28/1914,Charity officer
758,0eD4cCddB0fd8E2,Roberta,Velazquez,Female,icurry@example.com,309-341-7972x854,1/18/1964,Diplomatic Services operational officer
759,7d8A5E1891C76F6,Martha,Case,Male,jodi30@example.com,(641)948-3247x229,9/14/2016,Learning mentor
760,Aaa8c5654fF8677,Yesenia,Callahan,Female,mario29@example.net,8566087095,1/8/1976,Hospital doctor
761,fFF7B21DAF2A6ac,Michael,Le,Female,sharon31@example.com,505-424-7555x768,7/27/1917,"Horticulturist, amenity"
762,5411eEbf63b1B7B,Abigail,Case,Male,alexaustin@example.net,728.719.5682x716,9/16/2011,Armed forces logistics/support/administrative officer
763,14C94Ac11ADf4A6,Elaine,Coleman,Male,rneal@example.org,(839)560-0245x404,3/20/1993,Games developer
764,E80aA26D35AD0Ea,Loretta,Best,Female,yeseniayoder@example.com,(557)668-6778x9720,10/18/1969,"Production assistant, television"
765,c5FeAf4eF3bdAA7,Richard,Mathews,Male,banksluke@example.org,585-053-2252x621,4/21/1926,Database administrator
766,Ba2648dE4A25762,Kristen,Pineda,Male,maxwell99@example.net,+1-790-292-2131x480,9/21/1968,Agricultural consultant
767,013DB0A4e7CFAd4,Latoya,Boyer,Female,bushjeffrey@example.com,305-790-0221x7091,3/1/1996,Paramedic
768,4fDE1Af96a07fC7,Jorge,Golden,Male,bjensen@example.com,287.939.8755x41798,6/30/1972,Solicitor
769,5f7B3fEaF8abBCC,Bryan,Hayes,Female,teresabrock@example.com,-6870,5/7/1955,Armed forces technical officer
770,C3fBD42BdBbd91B,Brendan,Oneill,Female,hnorton@example.com,2575563481,5/2/2015,Clinical research associate
771,3A66b1aa4b36EfA,Gwendolyn,Reeves,Male,ninapatton@example.net,244.815.3401,9/25/1974,"Copywriter, advertising"
772,79aa79cC2c7e3Ca,Warren,Hatfield,Male,rbyrd@example.net,5542466795,6/1/2012,Water engineer
773,c63eBE1dFEeAdD1,Earl,Swanson,Female,jeffery89@example.com,581-576-0438,6/17/1974,Public librarian
774,3CfBae2986cfFad,Kari,Wise,Female,jesse07@example.net,1104820133,7/16/1934,Legal secretary
775,8ABfB33725dDDf1,Erin,Middleton,Male,stuarthoward@example.com,(127)164-2875,6/6/1987,Pensions consultant
776,AEA10B24FC72d08,Arthur,Vasquez,Male,banksriley@example.net,(820)733-2085,12/10/2004,"Teacher, English as a foreign language"
777,7e07bB58fE440DB,Roger,Jordan,Male,thomas07@example.com,+1-716-031-4983x11866,6/17/2013,Sales executive
778,9b89e4b3c4Abf9d,Robyn,Lowe,Male,vcowan@example.org,846-114-3641,9/11/1906,Catering manager
779,bdADdD0A1d190ec,Luis,Stafford,Female,jaclyncurtis@example.org,272-103-0830,2/7/1982,Operations geologist
780,Fb8E50ebDB5c1DB,Jacob,Humphrey,Male,pettyrobin@example.org,660-957-0620x556,9/4/1974,"Librarian, public"
781,EFe3E22f3Af1Aee,Frederick,Sanders,Male,bhines@example.net,(188)864-5261x386,9/1/1946,Seismic interpreter
782,5ce0fFE71D6D1b4,Julian,Ho,Male,ohines@example.org,-1002,11/11/1974,"Designer, interior/spatial"
783,83A6c552dA6B7d1,Philip,Delacruz,Female,mannkellie@example.com,681.220.2972x3657,3/29/1952,Learning disability nurse
784,E662069BEEdDd2b,Debbie,Castaneda,Male,nixonphyllis@example.net,809.301.4095,3/14/1988,Physiological scientist
785,376E0dA6eb8B67F,Eugene,Beltran,Female,mmcknight@example.net,(774)580-2323x7261,10/22/1998,"Editor, commissioning"
786,6f1f332aEfa5aCE,Deanna,Vaughn,Male,raymckee@example.com,422.969.6683,1/13/1926,Cartographer
787,7310AE9fbB557d1,Paula,Deleon,Female,kirkharrell@example.org,060-505-2027x91849,3/12/1920,Armed forces operational officer
788,79EAEf62E21c27a,Mario,Walsh,Male,tony06@example.org,+1-002-482-5987x2792,6/22/1956,Quality manager
789,cbE30cccdb39F7E,Brittany,Velazquez,Male,imontgomery@example.com,001-052-355-4265x7812,5/11/1951,"Scientist, clinical (histocompatibility and immunogenetics)"
790,7cc180329fC93AB,Alexa,Kemp,Female,kiara07@example.com,2143109758,4/14/1929,"Designer, furniture"
791,A43b0F1bce3F29D,Cody,Olson,Male,haileycooper@example.net,+1-246-768-3179x7640,1/31/1936,English as a second language teacher
792,78FcdE3B3B6eAF9,Makayla,Baird,Female,joycefrederick@example.net,440-528-5836x734,2/10/1955,TEFL teacher
793,CC336BFDa86A21b,Peter,Frye,Male,miguelpace@example.org,(207)417-9164,9/21/2013,"Designer, fashion/clothing"
794,FABdDE2a35f94E5,Brendan,Hamilton,Female,jermaine88@example.net,338-884-5330,7/16/1940,Chief Operating Officer
795,cc6CBB7872bd37b,Rickey,Everett,Female,davearellano@example.net,(244)896-8029,9/18/1985,Economist
796,29adcFbB3f7f8ac,Angelica,Washington,Female,wbenton@example.org,966.783.0853,9/12/1926,Health and safety inspector
797,E837acBD163c07C,Nicolas,Rivas,Male,lawrence96@example.com,001-220-668-2465,4/28/1931,Chartered public finance accountant
798,765DCadddAdA8E2,Katie,Weeks,Female,kennedyernest@example.org,+1-755-597-4571x0245,8/28/1986,Furniture conservator/restorer
799,B1B034878a23f71,Richard,Foster,Female,cranejerry@example.org,874-779-4101x356,9/11/1953,Forensic scientist
800,b1abD9Bc9eA5ecC,Jocelyn,Gill,Male,braunalejandra@example.com,(227)242-6725,11/30/1940,Prison officer
801,9Ec872d39FDA457,Gregg,Haynes,Female,mindy39@example.com,001-790-788-9409,11/26/1981,Set designer
802,d44BEa0EFdb098b,Christian,Frye,Female,acordova@example.net,+1-022-361-3727x86576,1/1/1959,Animal technologist
803,C71b30edab0D1D2,Jason,Snyder,Male,gmoody@example.org,(719)043-2912x022,1/31/1953,Chief Financial Officer
804,EBa1c90A0F3B1Bf,Clifford,Zuniga,Male,fstrong@example.net,001-341-765-7897x822,3/16/1974,Mechanical engineer
805,E7f29DD9F5119d2,Erin,Ray,Male,tanya38@example.net,+1-737-105-3176x9547,10/11/1988,Camera operator
806,dd8AcfF08Fd09b0,Luke,Gardner,Female,duffyanna@example.com,001-800-859-2705x742,8/12/2016,Communications engineer
807,6abBBC47Bca40fe,Latoya,Savage,Female,ebowen@example.com,392806372,4/30/1952,Materials engineer
808,aaea9D1D6BeC7b4,Todd,Wilson,Female,lindsaydavila@example.com,(590)457-2888,1/22/1988,"Designer, blown glass/stained glass"
809,3BF4BabfF4e0ABA,Gail,Weaver,Female,lucerodorothy@example.com,+1-120-948-6988x35688,1/19/1982,Bookseller
810,A92E7fae28cDA29,Jamie,Mcbride,Female,carrillohelen@example.com,(367)932-7162,2/3/1941,Chartered loss adjuster
811,bacDf6db099EaB7,Wanda,Farley,Female,benjamincombs@example.com,1452727936,5/21/1926,Museum/gallery exhibitions officer
812,60bF355BeEe10aC,Bailey,Fuller,Female,colin74@example.org,(513)999-4567x74285,1/3/2021,Chiropodist
813,ad6D9d4EaFc73Af,Dakota,Conrad,Male,xkirby@example.com,137-904-7225x14318,2/10/1998,Diplomatic Services operational officer
814,2C5E479F071D550,Veronica,Mayer,Male,dgaines@example.com,001-834-035-9779x7607,1/3/1912,"Scientist, water quality"
815,c27E6eBeeDB9Cec,Marcus,Williams,Female,frankkatelyn@example.org,243.038.5985x3082,11/9/1942,Insurance risk surveyor
816,eC3E7C3D8B552f8,Sergio,Petty,Male,kaufmantoni@example.org,726-548-7879x49736,5/27/2013,Environmental consultant
817,0d2C1aadbF8Ea0a,Hayley,Berg,Male,hperry@example.com,+1-090-786-2904x9726,3/24/1922,Statistician
818,4ce2bBA6EadEDe8,Frederick,Patel,Female,hayeslorraine@example.com,018-112-8329x50699,4/9/1971,Microbiologist
819,Aacb6861e543C16,Ray,Mcdowell,Male,hensonscott@example.org,001-270-455-3647,3/17/1972,"Development worker, international aid"
820,D3eeAd52DEd79D6,Rose,Nolan,Male,everettmax@example.com,001-364-822-9723x415,9/1/1979,Wellsite geologist
821,B7d70095bAf1Bf9,Spencer,Hutchinson,Male,mariomaynard@example.org,290.919.8483,4/1/1907,Agricultural consultant
822,79ce2dd5bdb65cB,Blake,Pearson,Female,zbaxter@example.org,001-629-486-7115x46931,4/19/2014,Travel agency manager
823,A30ec99f00021B4,Sonia,Tanner,Female,carla69@example.org,+1-991-778-7518x7050,1/18/1989,Administrator
824,0eCCF0Daf4f8C8D,Eddie,Donaldson,Male,francisco87@example.org,(282)608-7917,4/6/2022,"Physicist, medical"
825,d6e92B29BEff8FA,Travis,Conner,Female,larsonjeanne@example.net,(415)787-8743x247,11/30/1920,Dancer
826,e0DA2fcDceBC4B4,Zoe,Beltran,Female,frankanthony@example.com,351-149-8744x238,7/2/1972,Charity fundraiser
827,B0a54Ef4dAA83B2,Devon,Riley,Female,janethooper@example.org,+1-496-517-7791x9438,1/25/1949,Chiropractor
828,2bbE8DFA3Bf81ed,Connor,Barrera,Male,rebecca63@example.net,794.466.9225x6661,10/7/1994,Financial controller
829,6dc60Ff5C5b2BbF,Selena,Kramer,Male,meganowens@example.org,001-555-355-1245x572,6/12/2006,Theatre stage manager
830,0BBe5aFF45bfA77,Tyrone,Farmer,Female,clayton62@example.com,919.339.8076x5415,1/22/1980,"Engineer, control and instrumentation"
831,942D0AdbB8c924A,Kent,Adkins,Female,abigailmorales@example.org,9306991215,8/29/1972,Food technologist
832,86681402e1001b6,Leonard,Perez,Male,esanford@example.org,+1-469-689-1249x01093,9/9/1985,"Surveyor, planning and development"
833,154ADAE79A4dd30,Pedro,Riddle,Female,hpetersen@example.net,(507)995-2293,3/30/1955,"Designer, ceramics/pottery"
834,9b7Ce8Fcce146A2,Judith,Davies,Male,etaylor@example.org,001-791-964-4701x0564,10/6/1977,Midwife
835,EDeB1feed3D9CCc,Katherine,Gardner,Female,bentonemily@example.com,559-428-1721x709,11/30/1984,"Radiographer, therapeutic"
836,5dCd642e46d7f02,Shelia,Cantrell,Female,jsavage@example.com,661-063-6548x9384,8/9/1941,"Programme researcher, broadcasting/film/video"
837,c1cB981DEb30dCE,Christina,Lamb,Female,johnstonraymond@example.com,+1-602-561-1307x8431,2/25/1972,Cytogeneticist
838,6FEc2C844C29102,Carla,Harrison,Male,erinmelton@example.net,423-165-5991x45304,10/2/1970,Manufacturing engineer
839,a52fBF13ecea4c1,Mallory,Melendez,Female,laurenquinn@example.com,720.055.0781,1/15/1994,Tourist information centre manager
840,fBfAA6B4b0EB307,Latasha,Collins,Male,brenda61@example.com,001-350-962-8141x3619,10/18/1927,Art therapist
841,fce9CB38e241cbe,Nina,Bell,Male,aaronmartin@example.org,682.463.5176x72708,11/21/1975,"Engineer, automotive"
842,C13eF5Ff0EE76FE,Pam,Holder,Female,comptondiana@example.net,+1-236-306-5405x799,8/3/2001,Ceramics designer
843,d5BEDbe8e600ee2,Norma,Schaefer,Female,margaret89@example.com,-2419,11/23/1972,Dispensing optician
844,EFdA2Ab98FE22eA,Michele,Walsh,Female,jessicagarza@example.com,(615)933-3458x7453,8/29/1922,Hydrographic surveyor
845,66516eCBB4e89aE,Bridget,Newman,Female,akim@example.net,+1-781-696-7370x74031,7/7/1971,Hydrogeologist
846,EfbA87B7D9cB67e,Maria,Ponce,Male,gavin95@example.com,517-222-8089x31834,1/21/1982,"Engineer, production"
847,bFbE09D66BCeF1E,Sergio,Lloyd,Female,dawnmclean@example.org,(905)685-4169,11/1/1910,Media planner
848,7f762CF1418e8E5,Scott,Anderson,Female,bbarron@example.com,3826645434,2/9/2018,Advice worker
849,37b9ab27d49135E,Sophia,Wilcox,Female,glutz@example.net,(736)145-9163,8/16/1948,"Surveyor, commercial/residential"
850,877CBB1E1adfF62,Caroline,Bender,Male,jonathonmathis@example.com,(453)143-9670x36842,7/8/1907,"Secretary, company"
851,B9DB91abb5C0C5b,Levi,Bartlett,Male,arthurtrevino@example.org,(176)564-2774,6/22/2012,Retail buyer
852,355FF02cc94d0D7,Mary,Hays,Male,rdodson@example.com,410.723.8569x883,4/23/1959,Architectural technologist
853,81E4c96Ecf5F059,April,Morse,Male,eddie58@example.org,939-985-3707x313,7/6/1939,Manufacturing engineer
854,5530f921bf23D5c,Jim,Jackson,Female,tiffanynichols@example.net,498-194-1689,5/28/2018,Surgeon
855,031bA53E65eeBC1,Joanna,Kane,Female,ryan69@example.com,(802)350-2352x49831,9/20/1996,Chartered loss adjuster
856,5EFF912D7EDDB23,Alfred,Nunez,Female,hendricksrobin@example.org,(511)711-3843x56145,5/5/1999,"Copywriter, advertising"
857,C0fb32Ef32acDE6,Maxwell,Frey,Female,sharonmadden@example.org,(953)622-3589,2/2/2013,Corporate treasurer
858,16fF300920AcdAB,Antonio,Patel,Male,johnnycook@example.net,852.975.9652,3/11/1984,Geochemist
859,f0c60b6Fa0E6B7f,Vanessa,Mayer,Male,devon97@example.net,661.377.4449,11/22/1984,"Research officer, trade union"
860,5540c1E31f7FB0B,Oscar,Richard,Female,ccain@example.com,666.915.7306x503,1/27/1925,Primary school teacher
861,60072fE521e4E3c,Dominic,Hardin,Female,sherriblevins@example.com,(905)721-3073,10/2/1921,Hydrographic surveyor
862,FcB94DFbd2EBB7d,Ricky,Hubbard,Female,jadekaiser@example.org,489.288.8901,11/2/1989,Energy engineer
863,c2db50eF77B4B61,Levi,Reynolds,Male,amberblack@example.net,607.175.0732,4/15/1987,"Therapist, music"
864,cC7dAffc4c29E6B,Evan,Chen,Female,justin26@example.org,474.277.5238,4/3/1975,Commercial art gallery manager
865,0B27E88981ff307,Tonya,Tanner,Male,albert02@example.net,125-805-4238x421,4/24/1997,Retail merchandiser
866,9dc3bB9C5c13d4B,Janice,Branch,Male,scarlson@example.org,+1-808-166-0204x940,6/4/2011,Scientific laboratory technician
867,dc1bd41eb53fB32,Isaac,Gallegos,Male,georgebianca@example.net,462-645-3318,12/22/1977,Community education officer
868,d3Ede3b2AA74c11,Neil,Gaines,Male,carol15@example.net,-2202,3/20/1967,"Horticulturist, amenity"
869,184a02F68FBeAeB,Lawrence,Santiago,Male,angelicaerickson@example.org,4036696956,1/4/1942,Arts development officer
870,6B7BAEf9e62C7dF,Alejandro,Harrison,Male,haroldterry@example.org,(683)495-8071x0126,2/24/1916,"Development worker, international aid"
871,cC8D88cd7Acbbe0,Cesar,Downs,Female,ostephenson@example.net,(884)634-4205,1/22/1981,Animator
872,29ae3af173Bd2Fa,Julian,Manning,Male,levi80@example.org,(925)641-6030x9776,10/7/1946,Architectural technologist
873,BbcaBAcf69aFE3F,Chad,Lester,Female,hannahschultz@example.net,360.369.4223x66977,12/9/1918,Sales executive
874,c4AC5E4AbB2AEB2,Eugene,Macias,Male,vdorsey@example.com,001-369-834-6292x9905,6/16/1931,Immunologist
875,E29888B8eee199D,Victoria,Washington,Female,betty19@example.net,373.912.0209x84555,6/16/2007,"Administrator, charities/voluntary organisations"
876,8Df31D7ACfd8bb2,Jerome,Church,Female,daisy04@example.com,412.514.9706x4127,4/5/1908,"Nurse, learning disability"
877,eEb16f3Dc4982e4,Jennifer,Rodriguez,Female,shawnadecker@example.org,726-904-4868,5/3/1998,"Engineer, building services"
878,AFD4f0ddAAFCBfa,Janice,Mueller,Male,fhaney@example.net,(170)488-2231,8/5/1965,"Engineer, drilling"
879,e61e3c13FCA24E7,Vincent,Bautista,Female,kaitlinli@example.org,+1-962-496-0816x1347,7/23/1927,Solicitor
880,481aAecCB39CB47,Debbie,Doyle,Female,lauriemoreno@example.com,001-640-403-4459x67633,6/25/1982,Social researcher
881,B70a32fd2f6721E,Melissa,Miller,Male,lindasalinas@example.com,396.078.1822x407,7/31/1929,Advertising art director
882,a279D0dcb0aae14,Jaime,Patrick,Female,jake67@example.com,616.553.0927,2/14/2017,Armed forces training and education officer
883,cFc801E1d178CFA,Curtis,Swanson,Male,friedmancheryl@example.com,709-150-4840x425,6/25/1911,"Librarian, public"
884,de2382a6D2FeAd9,Ana,Raymond,Male,ymcguire@example.net,3978170513,4/26/1952,Museum/gallery curator
885,E2C4C74d1a53577,Walter,Campos,Female,mckayariel@example.net,637-630-1194x335,5/10/1992,"Psychotherapist, dance movement"
886,BcD429EC86CC063,Sean,Mckee,Male,carolynhill@example.org,-2699,6/24/1920,Television/film/video producer
887,18D809e2e58b7eb,Joyce,Kemp,Female,hjohnson@example.net,4596205030,11/7/1929,Health promotion specialist
888,0Ba1E22cCd3a8f4,Alan,Juarez,Male,rossmunoz@example.org,+1-456-275-3963x612,4/23/1992,Armed forces technical officer
889,D1FE23e11C04B34,Cristina,Mullins,Female,tricia32@example.org,070-202-6450x82504,2/18/1983,Ship broker
890,2fDCA0BDD38dBEd,Benjamin,Mathews,Male,russell62@example.net,132.604.1470x9780,7/8/1971,"Teacher, English as a foreign language"
891,c136dfBED045cE2,Danny,Dominguez,Male,mfischer@example.net,6914840287,5/13/1926,"Physicist, medical"
892,5A14EBa1f0Fb82A,Jake,Cohen,Male,donbautista@example.org,(857)946-3858,10/4/1923,"Producer, radio"
893,329fFcfcdF3bf7b,Cathy,Buck,Female,chungbrent@example.com,789-933-8338,10/12/1966,"Conservation officer, historic buildings"
894,2c89BCF02dC9B8E,Gloria,Hooper,Female,bailey18@example.net,001-591-063-4026x4117,6/2/1999,Sport and exercise psychologist
895,6b62c7CbdD4F8Dc,Malik,Fritz,Male,kleinmichaela@example.com,844-572-2798,11/11/1988,"Surveyor, mining"
896,E7C64B2e9Bf23Fa,Maureen,Daugherty,Male,vmalone@example.net,890-875-8388,5/4/1972,"Journalist, broadcasting"
897,ceCF49EDE8cdE2d,Brandy,Shepherd,Male,erinblack@example.com,798.165.5590x88099,7/22/1966,Licensed conveyancer
898,72eFa3AD10aD38B,Lonnie,Pennington,Female,tommy55@example.net,054.771.3871,4/15/1976,"Scientist, water quality"
899,fFbACbC6EcCfE5a,Cheyenne,Montgomery,Male,gregoryfaulkner@example.com,743-983-6427x58274,10/4/1925,Interior and spatial designer
900,18CbdA0Aea428B4,Teresa,Turner,Male,lydiasnow@example.com,(665)305-0216x11992,10/27/1937,Technical brewer
901,eA6C14cE5ca3C81,Mackenzie,Shea,Male,angelicahunt@example.org,(358)435-9375,12/14/1911,Advertising account planner
902,a6630eDA96f9fC7,Jon,Daniel,Male,mlowe@example.net,180-063-7265x838,6/28/1991,Geophysical data processor
903,871F2ABfefbF4A3,Harry,Tanner,Female,norma68@example.org,009.430.9580,7/15/1966,Equality and diversity officer
904,fCaD3a15ca735a0,Penny,Aguilar,Male,mcollier@example.org,+1-903-892-9525x529,8/6/1918,Chiropractor
905,3BdBf8A0FfAfAcb,Jody,Taylor,Male,alvinwolfe@example.com,4165143426,2/21/1961,Trade union research officer
906,fdbEA2AdDa8aF65,Oscar,Rosales,Female,dawn80@example.net,191.407.4635,7/18/2018,"Pharmacist, community"
907,fAc9A81E24d6194,Christian,Dunlap,Female,kbaker@example.net,(863)100-8674x7242,2/9/1964,Research scientist (physical sciences)
908,6563bAf04C5b2FB,Rita,Barker,Male,deckeralan@example.org,818-788-1660x547,12/23/1941,Speech and language therapist
909,4AAdeDb9F2dE401,Kelly,Mendoza,Female,dominique06@example.net,233.824.3195x51778,10/2/1993,Environmental manager
910,6F90C663a8EFAaf,Leslie,Rowland,Female,don02@example.com,001-774-260-0550x38762,7/10/1953,Television camera operator
911,9dC9439fcb8898c,Eugene,Gay,Male,rcontreras@example.net,328-022-6779x83141,3/4/1928,Emergency planning/management officer
912,cBca7a8ECf7a04C,Gabriel,Gonzalez,Female,beanmarco@example.com,1814025492,2/8/1976,"Administrator, local government"
913,BDB7854A0B223ED,Jamie,Wong,Male,gabriella23@example.net,075.355.4165x8276,9/1/1934,Stage manager
914,F17c40eA7bBcf0E,Heidi,Mann,Female,pachecogreg@example.net,-7666,12/10/1930,Pension scheme manager
915,aFf347bbc3EfFAc,Raven,Wilcox,Female,robin49@example.org,422-274-4691,10/3/2006,"Research officer, trade union"
916,8a88aa329Cc5a53,Dominique,Cooke,Female,claudia41@example.org,386-537-2591,6/21/1964,Armed forces operational officer
917,5B7AbBDF4c5bD56,Dennis,Schmitt,Female,woodardcarmen@example.org,296.816.3929x71786,11/20/1949,Local government officer
918,ABcC08c0de7Ca9F,Glenn,Solomon,Male,qguerra@example.com,(297)594-8410x62663,6/14/1919,"Accountant, chartered management"
919,beE1b8ce6E47B24,Frank,Travis,Male,autumn94@example.net,430.773.9174,1/16/2010,Neurosurgeon
920,39686fAAE3c0baE,Adriana,Cochran,Female,sharoncamacho@example.com,+1-860-305-5704x3610,5/17/1913,"Geologist, wellsite"
921,2ee0fA2dc4c112b,Alisha,Rivera,Female,jacobsvictoria@example.org,399.455.8989x41118,7/5/1935,Paramedic
922,950D3ce8eaA57Ec,Jonathon,Barber,Male,cmcclure@example.org,001-553-347-2953x464,2/23/1960,Advertising account planner
923,b82C3953E8e1D41,Sydney,Barker,Female,matadawn@example.com,635-689-7423,12/29/1963,Sports administrator
924,eeAcf7C5ABeaa3A,Marisa,Moran,Male,kelleymonique@example.com,778.522.9372x3991,9/10/1993,Film/video editor
925,3e4E333a1C6cE0e,Steve,Brady,Male,vballard@example.org,(195)771-1086x783,11/30/1949,Pension scheme manager
926,Cb6d3d43487A8ab,Stacie,Blackwell,Male,justin13@example.net,824-312-1632,3/8/2005,Race relations officer
927,5fBaec9cE8d3d0F,Phillip,Poole,Male,mwilkinson@example.org,+1-709-664-2054x3248,6/25/1977,Radio broadcast assistant
928,C20fB469baC880d,Selena,Petty,Male,gordonhicks@example.net,001-840-069-0166,7/14/1975,Horticultural therapist
929,5BA5cADcaa8a684,Molly,Cabrera,Female,liucarrie@example.net,210-075-9447,5/18/1931,Graphic designer
930,320ce8F39e6dbeF,Barry,Mcdowell,Male,brittanyaustin@example.com,(418)491-0325x400,1/18/1946,Facilities manager
931,b52B9EEd0DC88Ed,Andres,Proctor,Female,mitchell59@example.net,016.610.1349x07387,8/1/1957,Logistics and distribution manager
932,Fc4e3c61e75e25b,Calvin,Pineda,Male,chrisandrade@example.com,129-198-8288,1/6/1941,Medical technical officer
933,99EA1d4cc4EdBAD,Evan,Frazier,Female,casey36@example.net,118.814.8452x42346,4/22/1963,"Surveyor, insurance"
934,f2e56dDCe3Fa98c,Kristie,Stafford,Male,rarias@example.net,864.787.4341,9/6/1994,Chartered management accountant
935,6BaA3B89DF2B2AD,Howard,Joyce,Male,cantrelljocelyn@example.net,(234)901-7331,8/19/1930,Education administrator
936,6CC40dEEFc92c24,Gerald,Ryan,Male,harrisveronica@example.org,319.813.5517x589,10/23/1943,Pathologist
937,adC0d06717586E5,Kristine,Vasquez,Male,zacharymckenzie@example.org,442.200.4144,9/3/1915,Site engineer
938,DAD7EaBa0e1069e,Autumn,Morris,Male,jake64@example.com,+1-109-354-9618x441,9/1/1955,Microbiologist
939,eC44E4182A06abC,Isaac,Shaw,Female,jmorales@example.net,801.337.4556,8/6/1925,Graphic designer
940,4e521fAa0f5f8ae,Suzanne,Curry,Male,jasmine18@example.org,(164)960-7560,5/23/2001,"Designer, industrial/product"
941,B8eB0eE7EB68383,Anita,Randolph,Male,wallscharlene@example.org,(333)589-1123x8437,8/29/1930,Higher education lecturer
942,82dC7fa4A3eaEC4,Mary,Willis,Male,stricklandglen@example.com,001-422-423-3707x9009,1/7/1960,Administrator
943,bEF432EF397Fe85,Collin,Proctor,Female,irwinjeanette@example.com,488-250-6045,6/3/1987,Medical laboratory scientific officer
944,b77032B7BaCE48c,Lorraine,Hubbard,Female,dodsonjohnathan@example.org,184-381-7787,4/21/1946,Quantity surveyor
945,9C80Cb7fF40fc99,Emma,Roth,Female,anashepard@example.com,(552)475-4500x7325,11/2/1948,"Pilot, airline"
946,7370a68fABD5E3d,Cristian,Molina,Female,jamie40@example.org,941-305-4075x248,3/7/2000,Race relations officer
947,fc9cb1e7d8E052A,Katelyn,Trujillo,Male,sotorachel@example.org,(161)019-3109,9/3/2018,Lexicographer
948,d565d9cFfbD3AF0,Kristopher,Woods,Female,shelbyboyd@example.com,486-851-0205,12/18/1928,"Investment banker, corporate"
949,e10dc26ABc0D065,Rickey,Cantu,Male,bonnie10@example.org,672-966-1689x99496,8/21/1983,"Radiographer, therapeutic"
950,1d4D0b0eCb4b333,Norma,Prince,Female,hendrixnichole@example.com,-2495,10/29/1930,Risk manager
951,DEa49Ad9dfDAee1,Rita,Livingston,Female,alvin11@example.org,7284250287,11/25/1978,Research scientist (maths)
952,D7eFbcCBD2b8CFe,Carla,Harris,Female,cassidy44@example.com,477.038.6776,11/1/1924,Acupuncturist
953,eF0bC43fC6c8eEd,Franklin,Vincent,Female,icasey@example.org,016-029-9950x77152,4/29/1910,Writer
954,AE0Ed431a61C1e6,Mikayla,Arellano,Female,samuelcox@example.com,289-440-5381,6/23/1992,"Embryologist, clinical"
955,FFb8cdb5C63E69c,Barry,Galvan,Male,sfaulkner@example.com,936-803-5524x28460,11/4/1987,Chief Executive Officer
956,Cfe0cBd4ffEde7A,Tara,Higgins,Female,oalvarado@example.com,(823)441-9182x9746,10/2/1928,"Education officer, community"
957,00eC11cFB62fB2B,Kari,Stanley,Male,nicholasgood@example.net,9772572511,9/19/1977,"Scientist, clinical (histocompatibility and immunogenetics)"
958,e4733efeBecBD4f,Edgar,Cole,Male,aaron42@example.com,001-056-349-8276x8429,9/14/1947,Herpetologist
959,47E3c9A5DB3ca23,Vernon,Powers,Male,garciadana@example.net,+1-962-111-7610x128,1/2/1970,Restaurant manager
960,23332AafEbee265,Dustin,Gonzales,Male,edgar54@example.net,001-102-414-1115x11785,12/26/1950,Data scientist
961,64b8f211A094e07,Julia,Wallace,Male,bobbymerritt@example.org,917-642-7439x7863,6/20/1942,"Therapist, music"
962,8c6B7440176dDdb,Maxwell,Mcintosh,Male,carolynmays@example.net,(482)379-0001,10/5/1953,Careers adviser
963,351d22bE7406e46,Barbara,Schwartz,Female,gene17@example.org,781.674.1579,2/17/1941,"Scientist, audiological"
964,EEbAe78DEE81f5E,Lee,Shannon,Female,ahendricks@example.org,+1-971-184-4089x6919,9/24/1927,Trading standards officer
965,4C516A7c8C9DaaC,Rick,Rogers,Female,sean76@example.org,6041018799,11/16/1965,Medical technical officer
966,317BB9edDD192ed,Sally,Bean,Female,vwood@example.net,+1-653-309-1718x610,10/11/2019,Museum/gallery exhibitions officer
967,4b3fDEAa7D3F5AF,Francis,Parker,Male,patty45@example.net,+1-939-630-9580x1977,3/13/2003,Geoscientist
968,C3EDD3aabcF69b4,Christie,Jordan,Male,teresa91@example.net,(342)679-9074,5/20/1915,Minerals surveyor
969,5A395DbcF1A0E7b,Kirk,Ware,Female,qrosario@example.org,001-067-470-5858x5424,10/14/1963,Environmental consultant
970,EbAbbA1aCFfF5B7,Kara,Richards,Female,johnathancherry@example.com,332.379.7131x80027,9/21/1992,"Civil engineer, consulting"
971,E8bDa6f06112B9F,Austin,Acosta,Female,heathsonya@example.net,001-209-389-5718x5678,3/15/1913,"Designer, graphic"
972,d50ae1d9Fb20c3E,Yesenia,Preston,Female,diamond93@example.net,896-856-2413,11/15/1997,Social worker
973,8Ca66E43bC716d7,Leslie,Flowers,Female,leblanctim@example.org,-4375,11/29/1913,Agricultural consultant
974,e2beE8eECaeDbE0,Jorge,Jimenez,Male,lozanojake@example.com,+1-449-059-4336x698,9/8/1978,"Engineer, manufacturing"
975,e0F41c80c2c1Eab,Selena,Mathews,Male,kerry38@example.net,204-842-3096x339,12/28/1944,Patent attorney
976,A50733Fa88CcF9C,Mitchell,Hamilton,Female,bergphilip@example.org,(219)188-0098,12/28/1967,"Surveyor, commercial/residential"
977,E2Df6F4581bfFac,Laurie,Long,Male,krystalprince@example.com,492.143.5763x97973,5/31/2011,Armed forces training and education officer
978,3594AfAeE647138,Desiree,Fields,Female,vellis@example.net,901-349-3523,6/14/1956,Marketing executive
979,DE05D6C7CDd5b51,Tricia,Meyers,Female,nsuarez@example.com,529.863.3381,10/21/2017,"Production assistant, radio"
980,22F3FB9afCBDafc,Luke,Pittman,Male,scottchavez@example.org,107-367-5857x8618,8/7/1925,"Accountant, chartered certified"
981,a07D3Ce8E60EBd1,Ricardo,Bentley,Male,cfields@example.org,924-519-0375x947,5/14/2000,Regulatory affairs officer
982,F98EAD17D402EDa,Helen,Chandler,Female,calvin86@example.net,+1-836-859-5104x65233,10/2/1975,Horticultural consultant
983,00da6a1DC1E5bbE,Jared,Molina,Female,isabelshannon@example.com,001-727-852-4052x50553,3/16/1990,Chief Technology Officer
984,13af4e52F6CE8Bf,Brandon,Parsons,Female,brittney91@example.com,001-412-442-2633x659,4/7/1967,Maintenance engineer
985,Fb8b520f2c19932,Connie,Grimes,Female,gregory28@example.com,001-041-424-0686,8/8/2010,Facilities manager
986,a5335efABa80ACa,Bianca,Lane,Female,gillespiemeagan@example.com,644.576.9814x78379,7/18/2005,"Administrator, education"
987,99Ecd3bE86656B3,Kelly,Shannon,Male,mroy@example.org,539-455-4735,8/6/1951,Bonds trader
988,C574CFEec88F2dE,Clinton,Knapp,Male,shannoncurtis@example.org,943-177-3715,4/12/1917,Museum/gallery curator
989,eBefC2C7d78f561,Dwayne,Cortez,Male,qsavage@example.com,808.573.4404x71306,11/9/1974,Police officer
990,ce9D2dfDD9E77B2,Shelby,White,Female,angela92@example.com,575.039.9176x1456,6/4/1916,Barista
991,f8faC6db81Dfd38,Don,Graham,Female,gordoncarmen@example.org,(355)742-8207x51681,1/2/1999,"Surveyor, hydrographic"
992,25d5F14dbcCB263,Suzanne,Scott,Female,sramirez@example.org,+1-885-922-1909x4367,11/21/1982,"Engineer, manufacturing systems"
993,6FE8FB4fa15EC5b,Savannah,Gould,Female,gabriela69@example.net,485-308-7944,2/12/1909,Chartered public finance accountant
994,620B1BEBDfDA6a3,Latoya,Rangel,Male,lkaiser@example.net,044-032-9005,4/15/1966,"Accountant, chartered certified"
995,aC0baa04fbacBD5,Brenda,Fisher,Female,paige81@example.org,483-100-6243,6/2/1924,Electronics engineer
996,e34d29886f32bBC,Sean,Mays,Male,vernon46@example.net,4876533789,3/30/1977,Aid worker
997,E3E3DF7B8B4ecDA,Marissa,Mcmahon,Female,eholder@example.com,(707)019-7163,10/15/2017,Land
998,284CE4fD4Eb08DE,Sonya,Reilly,Female,tranbailey@example.org,823.613.5727,1/10/1934,Lexicographer
999,AEAEf3A0ae63B50,Lynn,Hodges,Female,rileygabriela@example.org,522-878-7299,12/30/1934,Arboriculturist
1000,a0dC6ae3356B6D5,Wyatt,Stark,Female,tsims@example.com,001-250-399-8093x31859,9/18/1933,"Investment banker, corporate"
1001,9FD5b1C48AEcBCA,Meagan,Hanna,Female,sheenawright@example.com,973.975.4139x40429,7/10/1941,Architect
1002,EC09f9fb3CBa775,Betty,Cannon,Male,ninajohns@example.org,(007)994-1990,12/1/1940,"Conservator, furniture"
1003,Aa6C876B91a60d4,Darin,Vaughn,Female,zoe23@example.com,702.042.6731,6/10/1908,Fitness centre manager
1004,93175960EE96Bbe,Joan,Knight,Male,ochoabrian@example.net,001-160-128-8717,2/24/1925,Charity officer
1005,6b1BE8C57Bbac0E,Ann,Koch,Male,robynkirby@example.net,001-733-358-9458x7904,2/28/1913,Office manager
1006,cB5DCFa79BfFFFC,Carly,Mayo,Male,achapman@example.org,716.795.7329x5416,9/18/1909,Set designer
1007,Fd91901a985bA7d,Carol,Mcclure,Male,bianca13@example.com,(216)970-8551x30798,9/29/1951,Recycling officer
1008,0Be378C2Ba6FD4A,Leroy,Boone,Male,candace98@example.net,(140)118-0323x050,7/14/1988,Best boy
1009,E3E9D710EeBd8DB,Tanya,Kirby,Female,nkelly@example.net,+1-088-624-3635x9114,2/11/1923,Hydrogeologist
1010,DffCc9B50b4e30B,Stacie,Grant,Male,tfinley@example.com,2544936233,10/31/1906,Special effects artist
1011,8Bc69d3FDa8fbaC,Fred,Harrell,Female,rasmussenpam@example.org,(150)308-0595,9/9/1996,"Teacher, primary school"
1012,A3aAD2bb8Bf60bE,Lydia,Stafford,Female,dbaxter@example.com,412-031-6361,6/18/1914,Conference centre manager
1013,a4D5AB3F24B6d77,Edward,Rosales,Male,omathis@example.com,(080)707-6547x467,6/26/1979,Mechanical engineer
1014,fc888c09Aacc6b4,Arthur,Acevedo,Male,rochakristen@example.com,096.293.1882x7725,5/28/1953,Advertising account planner
1015,0B4edf100762eec,Jake,Gay,Male,hhudson@example.com,879-886-5655,6/24/2000,Building surveyor
1016,86D5cDa28EBCb94,Mitchell,Walter,Female,catherine58@example.org,(877)060-9072x35895,3/29/1950,TEFL teacher
1017,c85bf69aE3e34E4,Krystal,Daniel,Female,sherri32@example.net,+1-445-920-2892x71468,7/30/2007,"Restaurant manager, fast food"
1018,EE80d3BF33EfE51,Alexis,Solis,Female,qjones@example.net,(438)052-8175x43184,12/17/1957,"Journalist, magazine"
1019,Dac4E2cBBAb68dE,Mckenzie,Johnson,Female,lucasmorrow@example.net,(308)681-3349x25388,3/6/2016,Press photographer
1020,aee9DdA1B9682e0,Corey,Franco,Male,karina02@example.org,-5705,12/11/1959,Tourist information centre manager
1021,BAFb94f5C9b34D5,Lance,Riley,Female,vpittman@example.org,(300)188-4125x920,8/25/1919,Theatre stage manager
1022,9fefbEfFdd4A99c,Joanne,Leon,Female,vmelton@example.com,428-526-2392x336,8/10/1914,Paediatric nurse
1023,2aF61DF7AceECfa,Stephen,Kaiser,Female,masonweiss@example.net,(177)984-6035,9/22/1940,"Pharmacist, community"
1024,EeBAA5ED6CDE8Bf,Gabrielle,Hurley,Male,ohull@example.com,001-466-556-0442,6/7/1941,Speech and language therapist
1025,c53c8DB9D932b43,Jack,Vang,Male,ohaynes@example.org,(150)206-0632x3370,12/8/1957,Chartered public finance accountant
1026,C5A1739aBc8bADc,Jasmine,Zamora,Male,morozco@example.net,665.166.2275,6/29/1949,Sport and exercise psychologist
1027,Fc9DF38Ef5E2bc2,Sherri,Shannon,Male,cmcdaniel@example.com,057.029.5607,3/2/2019,Advertising copywriter
1028,edE2b31Bf3340cF,Nichole,Mullen,Male,gfarmer@example.org,(774)222-2904x6974,12/24/2001,"Biochemist, clinical"
1029,aBB177E0B3d6Dbd,Brian,Watkins,Male,masseysusan@example.net,+1-338-307-8583x95606,10/4/1964,Geophysicist/field seismologist
1030,A6Db362BFD5EABb,Joanna,Byrd,Male,pgalvan@example.org,195.917.1447x62055,8/7/1914,Advice worker
1031,bAB5F4Ee89BdDba,Peggy,Cowan,Female,everettvernon@example.net,(222)061-2897x680,11/11/1949,"Education officer, environmental"
1032,DaB736EA5edced5,Breanna,Good,Female,shepardamber@example.com,733.218.2757x74516,5/8/2012,"Embryologist, clinical"
1033,6Db5AD72aEb3641,Rachael,Olsen,Male,tranarthur@example.com,+1-434-468-4914x158,6/22/1955,"Surveyor, building control"
1034,3f2112E98876Fd3,Megan,Walls,Male,catherine36@example.com,008-480-0881x0290,6/14/1908,Administrator
1035,d94669B5a0f3EC3,Martha,Strickland,Male,meghan29@example.com,(406)014-8462x11620,2/17/2001,Armed forces technical officer
1036,8fB2fAd29B61Def,Charlotte,Phelps,Male,karabecker@example.com,916.948.3536x88180,1/29/1950,"Investment banker, operational"
1037,d44AdDdaBBFf4E8,Darren,Haas,Male,sandra99@example.com,001-673-085-3317,2/16/1930,Media planner
1038,F59eBE0d0Af9f8E,Marilyn,Greene,Female,kanecandace@example.com,892.531.5440x96319,6/18/1937,Advertising account planner
1039,CDfCcC583fF75Ad,Thomas,Greene,Female,joycemarc@example.net,906-581-9729x29595,12/10/2010,Network engineer
1040,f0EB3d76E9CFECb,Kayla,Doyle,Male,daniellemcbride@example.com,101.722.3231x11724,3/17/1999,Contracting civil engineer
1041,FDD1387D8E819CE,Theodore,Holt,Female,carmen65@example.com,-7055,12/21/1932,Mechanical engineer
1042,Fd1C3A34Cb559b1,Stefanie,Burch,Male,bhuff@example.com,(397)982-5131x6456,7/20/1948,Planning and development surveyor
1043,A8Ac31BEeaE0dfC,Haley,Lawrence,Female,kerri80@example.net,920-362-7131x27074,7/18/1997,Radio broadcast assistant
1044,BA455696EABeEcD,Caleb,Warner,Female,timgeorge@example.net,001-501-959-8535x3147,9/22/1964,"Programmer, multimedia"
1045,81CbFA7fEA58De1,Jim,Kline,Male,gonzalezchris@example.net,430.004.0424,11/4/1932,"Civil engineer, contracting"
1046,DdfeDD89c9D3ab3,Christy,Shaffer,Female,albert23@example.net,(085)670-3662x617,4/20/2022,Analytical chemist
1047,79ce3DA8A7f55bD,Jon,Marks,Male,brockvicki@example.com,162-470-3570x99770,4/26/2015,Printmaker
1048,10CcecE5865b3Dd,Faith,Schultz,Male,amanda30@example.net,531-171-3400x4710,8/7/1945,"Journalist, newspaper"
1049,a282FD457771FbF,Scott,Villanueva,Female,boyeralexandria@example.org,001-249-657-5324x119,3/2/1970,Architect
1050,4eFe340C35aAc2D,Sonya,Gomez,Female,cameronmark@example.com,001-001-675-8236x4462,10/12/1935,"Administrator, Civil Service"
1051,B927F18CcEaCb11,Annette,Bray,Male,marcus28@example.net,185.508.3264x4706,7/14/1910,"Nurse, children's"
1052,2B0D3B6CfDEcDF4,Kayla,Stanton,Female,nicholebrock@example.com,289-955-0581x28314,2/11/1986,"Nurse, learning disability"
1053,DBE8BFc9DF9Ea82,Gerald,Andersen,Male,chungcory@example.com,620.430.9199,2/14/1943,Fitness centre manager
1054,B3C42617eDAC8Fe,Dale,Dillon,Male,jsandoval@example.net,(329)946-5918,3/1/1935,Solicitor
1055,fe5EEFFcBdDBdEF,Juan,Oneill,Male,julianbender@example.net,735.553.6865x658,8/4/1995,Financial manager
1056,2D797b1A259EDe8,Alejandra,Wilcox,Male,wclayton@example.org,400-375-9857x5266,7/5/1990,Hospital pharmacist
1057,B6F9FDde6da927E,Maurice,Irwin,Female,victordean@example.com,6515965182,7/16/1913,Television/film/video producer
1058,0dd05183b9A8f5b,Lorraine,Hanson,Male,andreamcguire@example.org,814.905.1415,2/12/1968,"Scientist, physiological"
1059,c15fF28Cae9Cabc,Joseph,Hoover,Male,sharonmorse@example.com,+1-361-649-8359x4321,9/24/1953,Energy manager
1060,f0a3b1d410EDaBF,Stephen,Blair,Female,fernandobeck@example.org,256-909-4511,9/16/1957,"Civil engineer, consulting"
1061,C1BAe5CA14aBF98,Rodney,Beltran,Male,watkinstina@example.net,733.616.7739,7/31/1914,"Surveyor, planning and development"
1062,0D52c8bA4D9Ca2E,Darlene,Estrada,Male,yatestoni@example.org,093.910.3199x748,8/13/1943,Recycling officer
1063,46a7e536ccED680,John,Parker,Female,alejandro73@example.net,905-693-3457x908,8/6/2007,Energy manager
1064,fBcca7F6bf79bCD,Tiffany,Anderson,Male,lmccormick@example.org,+1-799-585-2289x59513,10/11/1961,Commercial horticulturist
1065,3BBbd140EAbaefb,Carol,Smith,Male,hannacarol@example.net,222.071.7733,1/8/1948,"Engineer, site"
1066,37ed712C88342A8,Taylor,Tapia,Female,keithhenry@example.com,-4289,3/22/1979,Armed forces operational officer
1067,79daAEc6A7faE6C,Tony,Kemp,Female,wyatt96@example.net,001-697-305-7739x09081,12/15/2011,"Programmer, applications"
1068,E610D3efaF3cef2,Miranda,Mccall,Female,vegajorge@example.org,660.573.2637x808,1/31/2021,Midwife
1069,B25cC69Faf7B38a,Teresa,Frost,Female,jbowers@example.net,8736270246,9/17/1999,Tax adviser
1070,ECa9D7E0FEAaEba,Jenny,Booker,Male,xbass@example.com,(653)625-2286,4/16/1912,Energy manager
1071,fe77eb4cCF44eEc,Amanda,Olson,Female,brandon45@example.net,+1-373-563-9622x76188,4/8/1992,Chartered accountant
1072,8CA10FF0dEEa21f,Katrina,Swanson,Female,ashlee53@example.com,230.276.9525x610,2/15/2008,Careers information officer
1073,fdFBbB32dfb4ec8,Brianna,Rose,Male,lydia07@example.com,476.425.9715,12/2/1969,Warden/ranger
1074,EE4E0EcE2AeAc2F,Alexandria,Bennett,Male,miguelstrong@example.org,(814)085-5804,11/4/1938,Arboriculturist
1075,126df1dd227eFe7,Jeanne,Aguirre,Male,trevinozachary@example.org,(668)960-9602x0101,8/3/1908,Building control surveyor
1076,A81c46c8F80Ae89,Isaac,Mckee,Male,nmccarty@example.com,001-690-827-6823,4/16/1921,Community pharmacist
1077,55Eb3d4705Dc73e,Cheryl,Yoder,Male,jacobscraig@example.net,768-600-9022x6802,4/21/2005,Research scientist (medical)
1078,69565CDFaC8Ae60,Cristian,Valdez,Female,garysalazar@example.com,001-042-061-1896x2658,10/20/2007,Midwife
1079,d87879AEb12f3Cc,Traci,Wilcox,Female,martin53@example.com,-6106,1/19/1965,Wellsite geologist
1080,cE65acBC5C34829,Gwendolyn,Sanchez,Male,blankenshiptanya@example.net,791.389.6665,4/9/1927,Town planner
1081,7BbFb3BE3362B2a,Dale,Irwin,Male,patrickali@example.net,+1-658-678-0796x100,4/1/1957,Public librarian
1082,Ad431d724919CB3,Alexa,Suarez,Female,hunter83@example.com,888-673-1647x339,6/8/1979,Dramatherapist
1083,d0B0aB96e7E443d,Isaiah,Baker,Male,chavezangie@example.org,001-244-547-4228x577,2/16/1923,Sales executive
1084,B4D4Fde7becbE34,Chelsey,Yates,Female,mariah00@example.net,(354)768-2267,7/31/1981,Software engineer
1085,83a5aDE156Cf0E9,Marisa,Ortiz,Female,xavier15@example.org,650-307-5531x9954,7/6/2020,Patent examiner
1086,bdeDF9E712cED36,Lauren,Lynn,Female,jerickson@example.com,001-623-260-1996x04686,8/27/1966,"Psychologist, occupational"
1087,1236F8Fdc4E66D0,Sydney,Krause,Female,mhenry@example.com,6311600283,3/23/2015,Geochemist
1088,9542414CC6bDc4C,Isaiah,Frank,Male,bill83@example.org,(371)115-5378x4057,4/21/1916,Archivist
1089,587Ed14c1FA1BaB,Donna,Mckinney,Female,ikrause@example.org,4617884788,10/13/1938,Private music teacher
1090,8C2A9bFb358abc8,Nathaniel,Mccarty,Female,ricardorandall@example.com,720-086-8197x3890,8/14/1952,Mudlogger
1091,B142EbBd1c0cFB9,Rachael,Mcgrath,Male,dunlapanita@example.org,509-275-0998,10/2/1932,Software engineer
1092,baf281Ccdb9e93D,Savannah,Dalton,Female,logannichole@example.org,665-145-8414,7/20/2012,Forest/woodland manager
1093,FBF7dfBaFbA8D1F,Meredith,Murray,Female,fharding@example.org,087-308-0738,9/5/2012,Engineering geologist
1094,f4562ddE1bbcc5a,Claire,Ortega,Female,amyweiss@example.com,+1-907-210-2387x79261,9/10/1938,Geoscientist
1095,D8F9eCBf5AA71CE,Blake,Martin,Female,ryangraham@example.com,+1-775-874-3760x34327,10/21/1955,"Scientist, research (medical)"
1096,E48bbdeD1E2BFd3,Destiny,Nguyen,Female,francoisaac@example.net,718.262.5509x411,1/25/1959,Actuary
1097,A21627bFE015beb,Martin,Ashley,Female,penabrenda@example.org,001-698-181-6018,1/9/1985,Orthoptist
1098,AE7F0AFA7Cc4DBd,Donald,Berg,Male,jodi44@example.com,558.507.3392x915,10/27/1962,Chemical engineer
1099,afaB13A9cE88867,Isabella,Stevenson,Male,uking@example.com,(764)929-2298x36207,2/6/2019,English as a second language teacher
1100,b88dcF3AA92b633,Marco,Mcintyre,Male,mullinsbrittney@example.org,(223)316-0688x0761,9/4/1922,"Accountant, chartered certified"
1101,70BBf31CA4bc9c9,Robert,Silva,Male,ihobbs@example.net,+1-958-591-5117x1197,5/15/1998,"Administrator, sports"
1102,bF49b5CfaF6aCa9,Sandra,Cunningham,Female,ytapia@example.org,5786504753,9/8/1985,"Administrator, sports"
1103,A4C1a637efac5DA,Lee,Bailey,Male,shirleyrichmond@example.com,642.550.8218,11/6/1930,"Therapist, drama"
1104,b2E9aEBE4Ba535C,Peter,Sims,Female,merrittrobyn@example.org,138-507-2756x712,7/28/1948,Bonds trader
1105,4D7C509f59Baa19,Robyn,Vasquez,Female,jennythornton@example.net,+1-731-357-5202x4409,9/16/1985,Commissioning editor
1106,d83373CFeE0a5ae,Patrick,Douglas,Male,traviscolton@example.com,8951729950,11/10/2011,"Producer, radio"
1107,E8C19775cb5EED9,Shelly,Coffey,Male,drobles@example.org,677-182-2530x38369,1/5/1971,"Copywriter, advertising"
1108,f8eCe9173F7b2Ea,Shelby,Baldwin,Female,angiestevenson@example.org,290.303.1376x3207,3/9/1955,Chartered legal executive (England and Wales)
1109,adbace610aBA49f,Briana,Torres,Female,gregg74@example.com,789-786-3124x77517,3/25/1999,Psychiatric nurse
1110,f6c439Baae52B35,Norman,Norton,Male,owalls@example.net,248-153-0503,11/6/1955,"Administrator, local government"
1111,dbA31bfCfE24B7f,Jack,Woodard,Male,schaefercarl@example.com,767.512.1621x27080,3/25/2008,Legal executive
1112,e79A92Fd54f5AFD,Brittney,Rubio,Male,devin80@example.net,001-433-650-3373x4620,4/12/1999,Recruitment consultant
1113,10B458e0feFE4Fd,Carlos,Tanner,Male,hmayo@example.org,948.380.9471,12/12/1997,Production manager
1114,0F4AE9aF3eA15Df,Cassie,Mccormick,Female,wcabrera@example.com,001-334-315-4714x59213,6/9/1939,"Conservator, furniture"
1115,ad7b5bDdfAb1E0d,Tony,Wheeler,Male,sheena75@example.com,995-030-5998x1623,11/2/1985,Recycling officer
1116,3Df32Bb517CDfe8,Kelli,Huffman,Female,wallwillie@example.org,858.407.8658x116,7/9/1965,"Administrator, local government"
1117,AfF8a29BAB7B5A6,Brett,Johnston,Male,jodimason@example.org,898.673.7362x681,11/6/1920,"Librarian, public"
1118,d68EDbce2c86Bea,Christie,Bautista,Male,mfoster@example.net,001-104-509-6327x2046,5/14/2014,"Surveyor, land/geomatics"
1119,b443a5eebEeF76F,Todd,Irwin,Female,tim76@example.org,293.175.9873,6/28/2011,Building services engineer
1120,c3d73e9AAa9A541,Bonnie,House,Male,mckenziekrista@example.org,001-805-814-4219x0833,6/9/2009,Ranger/warden
1121,BE5cBbEc6b7eb2a,Vanessa,Ortega,Female,patty77@example.net,612-792-3418x804,5/15/2007,"Education officer, community"
1122,D0DF18bCe1Fa7B5,Terrance,Wu,Male,kproctor@example.org,(313)135-4715x76417,4/6/1910,Press photographer
1123,ceA55AECdE7CAF2,Perry,Rowland,Female,padillalynn@example.org,7553497721,8/29/1967,Warehouse manager
1124,E2E2B2cefB8B2da,Glenda,Lynn,Male,brittany41@example.net,001-280-757-6282x936,5/26/1949,Financial manager
1125,30bFa3cc93f5b08,Sylvia,Mckinney,Female,jburnett@example.net,188-673-9641x5366,1/20/1937,"Engineer, electrical"
1126,8b196532D9bA64A,Daryl,Washington,Male,ubarrera@example.net,963.848.1756x1804,8/27/2021,"Loss adjuster, chartered"
1127,0aBcef1EF4Eace6,Jerry,Arias,Female,bdouglas@example.org,001-077-985-2097x97138,12/5/2002,Pensions consultant
1128,0924d672dca92Da,Brittany,Finley,Female,marthafarmer@example.org,-10225,2/29/1968,Learning mentor
1129,1BAaAac0FD9FdB3,Sheila,Mcconnell,Female,tylerleonard@example.org,+1-719-735-9457x10242,3/28/1956,Technical author
1130,F69f1faC3B7DBEC,Grant,Moran,Male,orozcoclarence@example.com,4748040946,5/11/1972,Lobbyist
1131,EE219a4b1fE6629,Drew,Mahoney,Female,deborahmitchell@example.net,001-949-077-9911,6/13/2013,Camera operator
1132,3b79D219D4e1bdb,Jamie,Spence,Female,bhudson@example.com,596-788-5228,10/26/1917,Insurance broker
1133,1a1e64f606B2a5b,Mindy,Hancock,Male,brandonbaker@example.com,789-981-7796x915,11/5/1979,"Biochemist, clinical"
1134,F861696279B04A5,Erin,Owens,Female,greggnorman@example.net,+1-305-327-2366x28980,2/4/1909,Environmental education officer
1135,D5eBd8eaF6343a9,Deanna,Alvarado,Male,brittney39@example.com,001-734-829-4956x38835,11/17/1965,Oceanographer
1136,8f5a13Df4daecfD,Nancy,Melton,Female,chelsey71@example.org,268-839-1696x6125,12/8/1925,"Investment banker, corporate"
1137,AfDaa3e7b44ed52,John,Snow,Female,alexandrahughes@example.org,001-355-481-8350,2/12/1959,"Designer, ceramics/pottery"
1138,22BCbffc0eBa65E,Aaron,Welch,Female,navarrovincent@example.org,081-671-7361,6/18/2001,Horticultural consultant
1139,CED7fb5d3fCedBb,Penny,Moran,Female,franciscoblankenship@example.org,(681)477-7085,8/12/1953,Police officer
1140,e566fCe0Be6A5Dd,Gloria,Suarez,Male,galvankatherine@example.com,(574)162-2018x8589,9/15/1926,"Designer, furniture"
1141,A2a7Af3ED732bbE,Joy,Mendoza,Female,clifford03@example.com,001-956-744-0050x54325,10/7/1968,Civil Service fast streamer
1142,686286a7FEe7C1b,Shannon,Kemp,Female,meredithrobbins@example.net,(275)189-1147x669,4/21/1917,Adult guidance worker
1143,8B9d5abd25461Ce,Brittany,Mitchell,Female,phillip92@example.net,984-238-6489x1049,7/31/2010,"Designer, multimedia"
1144,6779dac5a24DFAE,Sue,Hatfield,Female,flamb@example.com,458.027.5318,11/21/2016,Bonds trader
1145,AdC55FAebF1Be4E,Toni,Donovan,Male,agriffin@example.com,001-631-569-6576,4/25/1992,Historic buildings inspector/conservation officer
1146,ad7fEEBFDEAe920,Kristie,Christian,Female,crystal99@example.com,2561158378,6/15/2009,Advice worker
1147,CcA0B5091E02CaC,Valerie,Hudson,Male,hallcameron@example.org,230-627-9142x2104,9/8/1949,"Psychotherapist, child"
1148,Cdf74FD47F4244F,Lonnie,Banks,Male,christenseneddie@example.net,114-483-9899,10/7/2004,Software engineer
1149,75153AB3Ee6bd5d,Clinton,Orozco,Male,aprince@example.net,(648)118-2320,10/14/2003,Catering manager
1150,faa798EEd1Edd2a,Judy,Zimmerman,Female,mcguirecynthia@example.com,405.113.5033x105,6/3/2020,Broadcast journalist
1151,F64cD2EdcDe55fb,Isabella,Ewing,Female,clintonmcfarland@example.net,+1-936-396-3866x14542,10/30/1986,Retail buyer
1152,71c4DaA5D1ff85D,Jessica,Carson,Male,melvingregory@example.com,833-684-2786x71732,2/17/1989,Recycling officer
1153,4E3adF1DbBf7434,Chad,Hutchinson,Female,wiseroy@example.net,(469)527-8931x558,7/5/1972,Commercial/residential surveyor
1154,Ae61a1D0C47ACb6,Jack,Wyatt,Female,deborah33@example.org,972.008.2032x5430,2/2/1957,Financial controller
1155,2988F38BF80da9f,Joseph,Arias,Male,elainekennedy@example.com,+1-909-373-8465x27757,9/30/1980,"Journalist, magazine"
1156,C85D5ECF82AFef7,Dustin,Wolf,Male,ayalaemily@example.org,(102)172-1310,1/25/2017,Accounting technician
1157,42D2ad29CDF9B5C,Diana,Garrett,Male,udurham@example.com,655-194-6482,5/20/1931,Personnel officer
1158,EBB4eE73def1A97,Theodore,Kirk,Female,nwatson@example.com,(050)855-3724,8/25/2021,Multimedia specialist
1159,EC6f24AF7930c7a,Bailey,Pitts,Male,michaela55@example.org,080-925-2906x67169,10/18/2012,Equality and diversity officer
1160,0cD5FA885c96CBb,Rose,Hurley,Male,victorgarza@example.org,(890)098-3483,2/26/1920,Higher education careers adviser
1161,25Fa91FEdBCB050,Daisy,Weiss,Female,gibbslawrence@example.com,(471)522-5192,1/30/1948,Hydrographic surveyor
1162,E0bf9dC10bCE163,Yesenia,Phelps,Male,chavezsheena@example.org,5134168657,12/27/1995,Tree surgeon
1163,aE43a3c34BC6f26,Martin,Gentry,Female,danielsnancy@example.net,354-580-6565,11/1/1932,Audiological scientist
1164,BdC2cCbfeCbf37d,Gabriel,Petersen,Male,pedroroach@example.org,107.939.0204x079,4/11/1961,Psychiatrist
1165,EcbDD8bB0fBb83A,Caitlin,Hudson,Female,careyjuan@example.net,001-491-994-0015x698,1/23/2002,"Lighting technician, broadcasting/film/video"
1166,5EAfE5278e56B6f,Kaitlyn,Herman,Female,larry76@example.org,096-812-8527x63033,6/26/2013,"Sales professional, IT"
1167,45CAE3f40bf41Cf,Jeremy,Travis,Male,ufox@example.org,(250)803-1505,7/15/1941,"Physicist, medical"
1168,bfbAd41aCDD0eeB,Brandi,Vang,Female,wshort@example.com,+1-608-476-4420x21713,9/12/2018,Telecommunications researcher
1169,2da14D3704E0fE4,David,Oneill,Female,laurensellers@example.net,(949)050-9443x460,1/29/2022,Research scientist (physical sciences)
1170,B16fD47975FBe6d,Malik,Malone,Female,claudiaduncan@example.org,(904)843-6540x226,3/30/1982,Television/film/video producer
1171,DAD3b7C01dEAe9A,Lori,Barton,Female,jmatthews@example.com,-9070,6/7/1911,"Accountant, chartered management"
1172,883C2619D119E6C,Doris,Cordova,Male,vincent87@example.com,166-790-2913,4/12/1965,Archivist
1173,EDf6fdbde77B3Be,Katelyn,Freeman,Male,zfowler@example.org,608-980-7018x13752,1/9/1946,Charity fundraiser
1174,56faBa7ecd95B3a,Logan,Whitaker,Female,brucemeagan@example.com,784-932-4753x9904,2/22/1928,Field trials officer
1175,C3f760EFaDfdEbC,Julian,Skinner,Male,baileydominguez@example.org,721.843.8845x96343,8/30/1907,Data scientist
1176,8BF6a72fEaEbaDf,Meagan,Higgins,Female,gvelazquez@example.com,570.057.1402,6/16/1991,"Psychotherapist, child"
1177,1fb9e342FE5e19b,Shawn,Whitaker,Female,mary20@example.com,(101)187-2735,8/29/1948,"Designer, television/film set"
1178,32eec3434fb60D5,Evelyn,Mooney,Male,tamarapeters@example.com,+1-214-581-3712x519,4/21/1935,Hotel manager
1179,fC8Bc8065E04E9d,Mia,Tanner,Female,reginald52@example.org,(269)973-2935,10/14/2002,Housing manager/officer
1180,063AE732b5F4d8e,Bonnie,Case,Female,grant43@example.com,657.930.6117,10/22/1953,Operational researcher
1181,e3B787F0c9Db0b4,Norma,Pineda,Female,ethan18@example.org,+1-072-640-2208x86579,8/15/1908,"Clinical scientist, histocompatibility and immunogenetics"
1182,CbBa5D581bE08Ad,Sharon,Cervantes,Male,fred76@example.org,001-383-461-6129,5/14/1934,"Therapist, music"
1183,c3fE3FB12fB3AcA,Dylan,Heath,Female,weissphyllis@example.net,482-932-9077x3827,5/3/1932,Community pharmacist
1184,2a61BB20b781A4C,Franklin,Ruiz,Female,lindasanchez@example.net,(540)144-3634x1392,5/1/1962,"Engineer, land"
1185,8f6fd8Add44e8d3,Kayla,Patrick,Female,singhmakayla@example.com,(298)109-5488,1/29/1987,Public relations officer
1186,3F9daffD29ccD32,Tristan,Little,Female,galvanruth@example.net,(884)758-7678x89521,6/15/1909,Tourism officer
1187,1FC3AAcA1AF8eE0,Gordon,Bolton,Female,claytonsandra@example.org,986-512-3805x9917,11/30/1915,Operational researcher
1188,6DDB30b2FFfc69c,Bob,Cardenas,Female,mathisangela@example.net,(928)306-0347,8/21/1973,Oncologist
1189,a3BeFFB46bdfa54,Bridget,Francis,Male,darryl95@example.com,331-362-8560x11017,3/17/1920,"Engineer, chemical"
1190,cD3cfF5e2e09DF9,Rebekah,Fowler,Male,mikaylabass@example.com,214.164.7757,10/8/2011,Chartered certified accountant
1191,20c6D6486cf520F,Dana,Aguirre,Male,ncabrera@example.com,001-499-201-3909,9/29/1923,Cabin crew
1192,C4beCaac26a79C1,Dalton,Hendricks,Female,livingstonkarina@example.com,+1-770-831-4659x137,1/14/1991,Bookseller
1193,Fde531025F2EC5e,Meredith,Solis,Female,ronniesmall@example.org,001-190-517-9404x86111,8/26/2010,Furniture designer
1194,81E63bC2E8Fe8A6,Kirsten,Larson,Male,melvindouglas@example.net,924-651-3735x74783,9/25/1948,Quality manager
1195,bD8F021C8d4A72a,Perry,Davies,Male,elijahsloan@example.org,939.265.8218,11/24/1950,Retail buyer
1196,Ac6FDfe2C5f9a2c,Kristy,Conrad,Male,connor94@example.org,776.354.8011x930,1/14/1972,Psychiatrist
1197,e8E7Da5f6baccC0,Susan,Mathis,Female,stacyfaulkner@example.net,-8607,6/23/1960,Retail buyer
1198,BaC4Bff16dbE6b8,Parker,Russell,Male,yschmitt@example.org,2336541525,4/1/1996,Press photographer
1199,6aA3C57bC18C4F6,Debbie,Forbes,Female,welchkristin@example.net,+1-120-284-8760x8559,1/24/1991,Phytotherapist
1200,E338FFb9aA4f308,David,Barron,Male,rodney44@example.com,001-892-841-7967x8515,10/23/2003,Film/video editor
1201,feAEC7eeCBE7f44,Kristy,Wiley,Male,evan66@example.com,001-432-372-2770x301,6/6/1928,Human resources officer
1202,e8b628f28cABae1,Barry,Price,Male,abowers@example.net,535.155.1127x35666,3/27/1961,"Therapist, music"
1203,F5DdD84f2Ffa5D1,Gary,Ayala,Male,franciscogrimes@example.net,267.507.2299,6/14/1930,Arts development officer
1204,9cdECF5c8a74EA5,Misty,Horton,Female,olarsen@example.net,+1-870-714-3933x101,7/31/1989,Ergonomist
1205,beDE2F2fcD286b3,Judith,Ferguson,Male,whitney68@example.net,734-784-6645x62389,12/10/1998,Pathologist
1206,4cAFf9C3652D85e,Barry,Bright,Male,lewisnorman@example.com,9553670036,8/12/1958,Lobbyist
1207,2B047cFF5C68687,Darryl,Ray,Female,jcobb@example.org,(049)282-2971x4138,3/5/1941,Public house manager
1208,29bf6246Eb3982E,Jeff,Gillespie,Female,jonathon06@example.com,(685)948-4460,4/10/1963,Learning mentor
1209,6252EA5d18ECBfD,Rebekah,Mercado,Female,elizabeth69@example.net,8178396452,12/15/1980,Records manager
1210,8cCd6279BbAac1d,Sonia,Hatfield,Female,melinda00@example.org,001-010-754-0144x327,7/28/1988,"Administrator, sports"
1211,5ACB768fD51e6F5,Joe,Pace,Male,cliffordpineda@example.net,757.595.6788x22232,11/28/1977,IT technical support officer
1212,3A72858Db6CB576,Garrett,Sandoval,Female,villarrealricky@example.org,206.284.3683,9/30/1997,"Investment banker, corporate"
1213,5BBd739Da9474EC,April,Jennings,Female,jenniferjoseph@example.com,2167572191,11/7/1979,Furniture conservator/restorer
1214,f1fEd9eaC6109Ed,Sherri,Bush,Female,edgar99@example.net,001-800-452-8704x825,12/18/1991,"Surveyor, planning and development"
1215,A913cf44A9bfC51,Alisha,Dean,Male,wchapman@example.org,(402)106-6326,4/6/1913,Chartered legal executive (England and Wales)
1216,66C12De86113dE5,Jeff,Boyle,Female,osbornmaureen@example.com,001-696-911-3668x3473,9/8/1964,Airline pilot
1217,2C532FA13c6cBd6,Danny,Jarvis,Male,dorothyhopkins@example.org,(757)115-2133x506,12/21/1986,Animal technologist
1218,aDa8ba4b8e986fb,Tony,Graves,Male,cannonebony@example.org,+1-351-421-3886x1488,10/14/1989,"Accountant, chartered certified"
1219,Ec6eaDD5Eedc225,Emily,Steele,Male,glen96@example.net,374.849.7995,6/30/1928,Television production assistant
1220,2C37B3BF32Cea6e,Madison,Shelton,Male,makaylathompson@example.org,+1-866-928-4559x8897,1/7/1996,Horticultural therapist
1221,d8Aaea7cd3e934E,Shari,Meza,Male,carolinenolan@example.net,7730708326,11/2/2011,"Teacher, secondary school"
1222,ab2cA1ccAD12EEB,Helen,Pineda,Female,joanngarner@example.net,968-394-2115,10/31/1947,Museum education officer
1223,6B1DfB4FBd34170,Ethan,Adkins,Male,chelseagriffith@example.org,001-089-099-5722x35467,9/11/2014,Health visitor
1224,fB8f5e1fe6FEbd2,Cynthia,Phelps,Male,huynhbrian@example.com,701.548.1129,3/16/1936,Hospital pharmacist
1225,ee8AAadf682FD13,Allen,Ryan,Female,kirstenfrey@example.net,(973)111-2099,12/5/1939,Printmaker
1226,1E0a404E4F224D8,Bryce,Rosario,Female,barrettkarl@example.org,001-741-934-2812x133,5/1/1969,Waste management officer
1227,113e041Cbf8CE99,Kristen,Duke,Male,billy68@example.com,001-686-670-2101x58684,11/8/1918,Warehouse manager
1228,CF5fB6653fc6CD5,Tracie,French,Female,xpacheco@example.org,054-043-6836x4851,5/9/1980,"Teacher, English as a foreign language"
1229,2EAda5B2733bD16,Edward,Oneal,Male,knorton@example.com,228.998.2616x6624,9/3/1917,Database administrator
1230,2DA67FBdFb3F477,Belinda,Odonnell,Female,ehopkins@example.org,(048)067-0955,10/11/1958,Personnel officer
1231,2DeA922CC3eC748,Christopher,Valdez,Male,vyork@example.net,714-396-1540,5/16/1971,Academic librarian
1232,4c828faef1Dc4df,Patty,Mckinney,Female,isabella73@example.net,523-423-9705,6/13/1986,Higher education careers adviser
1233,e42ccf07ADaa08B,Stacy,Dudley,Male,darrell37@example.net,(298)223-0098,10/8/1924,Personnel officer
1234,Eaa951e6aFeD7AA,Jeffrey,Riddle,Female,walterpierce@example.net,242.429.9834x35010,12/28/2003,Pension scheme manager
1235,7Fbfb4e3DeB3A3D,Spencer,Mack,Male,alan30@example.net,9336931703,4/26/1974,"Engineer, maintenance (IT)"
1236,6a8E2Dc7dEab8F2,Stacie,Barrera,Female,adriana37@example.com,-10439,11/22/2012,Meteorologist
1237,3Ac9a14bfAAf95f,Victor,Oneill,Female,noahcooper@example.net,001-316-993-8851x98059,8/30/1985,Biomedical scientist
1238,DFecd1EEDaEFDDD,Jermaine,Combs,Male,evelynfrost@example.org,+1-509-499-8907x13736,5/29/2020,English as a foreign language teacher
1239,7cdbd6FdaeEB85c,Beth,Hull,Male,terrence88@example.com,837-675-8108,10/27/1971,Patent attorney
1240,CAc953A2ee4E2FE,Savannah,Yu,Male,youngjeffery@example.org,115-294-7615x430,8/5/1990,Social researcher
1241,E3dF2F7F47d45c8,Tony,Baker,Female,nford@example.org,(256)026-8691,3/16/1982,Investment analyst
1242,4ebcbCf8Ea9Df39,Roberto,Roman,Male,melvinlee@example.org,781.755.9303x75833,8/25/1971,Clothing/textile technologist
1243,9BC30d4195aC5aF,Mercedes,Cantrell,Female,lawsonsteven@example.org,185.001.7369x58101,7/16/2010,Chartered legal executive (England and Wales)
1244,Ec399FeBBF8fD6c,Levi,Charles,Female,kim60@example.com,995-373-1135x268,3/11/1969,Geoscientist
1245,8066B38410cE9B5,Karen,Roth,Female,maynarddebbie@example.net,635.376.4271x1185,3/30/2001,Broadcast engineer
1246,CC49c68DfE7eCA0,Angel,Davis,Male,jennifer82@example.net,635.742.3409,4/15/1977,Clinical embryologist
1247,cFae378Dbe7ABeb,Alec,Ford,Female,xkaufman@example.com,341-144-9994x27773,4/23/1982,Forest/woodland manager
1248,1f66Cb32Fd49d90,Donna,Koch,Female,elliottross@example.net,(449)713-7280x1561,2/17/2013,Regulatory affairs officer
1249,CbAbefcEf147B43,Paula,Ramirez,Female,shawn71@example.com,668.305.6485x1117,6/26/1923,Volunteer coordinator
1250,A654CCB5Cd8fB04,Judy,Cervantes,Male,robert62@example.org,942.213.8380x01050,4/30/1959,Race relations officer
1251,495126531590EFF,Isaac,Long,Female,tom86@example.net,3817872448,2/4/1927,Database administrator
1252,59539c97e0f053A,Logan,Miller,Male,wadkins@example.net,+1-667-444-1337x9007,6/28/1954,Commissioning editor
1253,F0E57Ed278DdDF4,Haley,Finley,Female,iluna@example.org,(874)070-3275,4/13/1911,Regulatory affairs officer
1254,0A0F2854B20F583,Derrick,Hanson,Female,mathewsteele@example.org,4630788901,3/2/1975,Data scientist
1255,aDfc80E9EFF57BD,Brooke,Moses,Female,penacameron@example.net,427.900.5986,3/13/2012,Medical physicist
1256,f53f9892554E6CC,Terry,Callahan,Male,bradley81@example.com,668.931.3432x4640,7/22/1938,Building services engineer
1257,b85a0dff94759fe,Spencer,Barr,Male,snyderdestiny@example.net,031-639-7333,11/17/2003,Medical sales representative
1258,2A6D9c01D9BbAef,Lacey,Gibson,Female,hskinner@example.org,001-256-737-4200,5/27/1961,"Education officer, museum"
1259,1bf46dC8E3eD7Af,Alan,Freeman,Female,brad55@example.org,340-786-0479x7238,11/3/1919,Product manager
1260,160Ad64D8c14d35,Marcia,Castro,Male,nathanglass@example.com,+1-190-686-0955x62868,3/14/2021,"Horticulturist, amenity"
1261,DaEc6CBca3b6f47,Rose,Thornton,Female,kimberly95@example.net,+1-381-191-7968x768,5/23/1949,Furniture designer
1262,b04e3d6EAe8a67E,Briana,Kemp,Female,haasmadison@example.net,001-094-374-2585x450,10/1/1949,Mental health nurse
1263,8fcEFd0a3a24d9E,Andres,Monroe,Male,pmaddox@example.net,460-988-3598x97378,7/22/1929,Optometrist
1264,B71dFef8CDe2a29,Renee,Dodson,Female,colliersteve@example.org,+1-587-593-8442x7883,7/6/1947,Environmental education officer
1265,922FEdFDbDd1BAb,Valerie,Kaufman,Female,ricky99@example.org,(986)481-7709,10/20/1961,"Editor, commissioning"
1266,3Edd5aF2CefdbbF,Rose,Castaneda,Female,stevensrachel@example.org,001-969-334-0326x71409,4/6/1907,Chief Operating Officer
1267,Cfa5C58aD7ffFCf,Jake,Dennis,Female,estessheena@example.org,723.683.2050,1/8/1998,IT technical support officer
1268,22B9dA44E673bBE,Alec,Melendez,Male,melissaadkins@example.org,001-327-125-9041x1678,4/12/1916,Marine scientist
1269,074AABc5f778eBC,Sandra,Berg,Male,tklein@example.org,169-763-4885,5/1/1948,"Editor, commissioning"
1270,7D21eDaAb425a2e,Bonnie,Delgado,Male,krubio@example.net,1931077940,3/8/2006,"Research officer, trade union"
1271,2eBf0daFeBa6e49,Cheyenne,Spencer,Female,teresaporter@example.net,9192245625,7/30/1995,Occupational hygienist
1272,acCA861F5010F04,Juan,Simon,Female,kelly97@example.com,001-308-338-9433,4/12/1962,"Designer, television/film set"
1273,bEaBBbaebEEBd30,Micheal,Grimes,Female,qtyler@example.org,717.786.8000,8/5/1931,Haematologist
1274,6d1c2afb3F27450,Ernest,White,Male,vrichardson@example.net,707.937.1339,12/18/1946,Barrister's clerk
1275,bab186AfD81Ae5B,Gloria,Grant,Male,glen29@example.com,575.363.1417,7/9/1982,Ergonomist
1276,d3cBcDd25dfC49B,Stephanie,Cooke,Female,andres21@example.com,001-238-803-7688x69587,2/21/1948,"Administrator, education"
1277,EA2EBeea39bEFE1,Sergio,Hicks,Female,ndillon@example.net,766.920.3274,11/12/2010,"Journalist, broadcasting"
1278,EbcBEAE9bCfa5B6,Gregg,Juarez,Male,kerrymosley@example.com,204-940-6593x7429,12/27/1988,Chartered loss adjuster
1279,e45F14B2E1C76e0,Cheryl,Ferguson,Female,codybullock@example.com,(474)574-3330x0460,9/8/2007,Rural practice surveyor
1280,2FD25051Caf96cb,Isaiah,Cochran,Female,carla20@example.net,+1-398-665-0303x1337,5/29/2020,Cabin crew
1281,8BE5019Dcf8049C,Ethan,Clarke,Male,suzanne13@example.org,001-860-175-1466,9/9/1977,"Engineer, maintenance"
1282,08Ed2bd3C82cd87,Xavier,Oneill,Male,murphydarryl@example.org,284-448-9206,4/8/1949,"Designer, multimedia"
1283,e6eB21Dd81A187e,Joann,Norris,Male,carneybrittney@example.com,997-203-1464x8461,3/30/1996,Politician's assistant
1284,dD7DcdDb119ca1e,Elaine,Koch,Male,peckperry@example.net,392-245-2983x018,1/20/1921,"Research officer, trade union"
1285,cf084dDeD4Fb44C,Kenneth,Scott,Male,loretta86@example.net,615-618-2852,5/4/1970,Data scientist
1286,Bda0CeED83d7CEa,Misty,Jefferson,Male,johnathan58@example.com,635-560-2052,12/28/1997,"Civil engineer, consulting"
1287,2c78c8F233f0Bbe,Larry,Rollins,Male,mosespaula@example.org,(240)531-0723x94286,3/15/1929,Outdoor activities/education manager
1288,9eE8eEEcFbEdd0f,Dwayne,Burton,Male,armstrongjerome@example.org,213.504.4727x877,1/9/1945,Agricultural engineer
1289,88aCD4Cdd86Cb82,Renee,Perry,Male,pattonpatty@example.net,+1-631-405-0443x58029,4/30/1982,"Surveyor, quantity"
1290,5c23B005B87FDc3,Bonnie,Velez,Female,shawnawang@example.org,132.591.5716x9004,5/3/1914,Microbiologist
1291,42Fe84a98CF2A12,Angie,Wallace,Male,alberthahn@example.net,+1-416-208-9098x05533,8/29/2008,Personal assistant
1292,Aa7BA46aFFac415,Mallory,Thomas,Male,jane56@example.com,450-939-3139x02940,9/23/1967,Intelligence analyst
1293,D4EC1749d515dF7,David,Rubio,Female,maldonadoelizabeth@example.net,001-524-825-4349x0202,1/14/1924,"Therapist, speech and language"
1294,4Bf09CfaF2c0d5d,Melvin,Burns,Male,sergiowatkins@example.net,+1-921-334-1511x314,7/9/2015,Hotel manager
1295,dF9e923C0Da4dcE,Stuart,Woodward,Male,jayjensen@example.org,2993847837,3/2/1943,Medical sales representative
1296,CbD885aC57aC01d,Tyrone,Burgess,Male,chris15@example.net,001-153-054-4194x86791,12/19/1947,"Teacher, adult education"
1297,C31eBe772F20Cde,Billy,Jennings,Female,monicaguzman@example.com,(391)858-6112x02712,9/5/2000,Medical laboratory scientific officer
1298,F69de668fd90de5,John,Mcdowell,Male,stevenssheena@example.net,(760)734-4477x26532,11/14/2006,Tourist information centre manager
1299,337b9cbd132bF30,Cheryl,Wiley,Female,caseysmall@example.com,+1-906-271-5303x531,3/21/1985,Armed forces logistics/support/administrative officer
1300,2B1FDa41Be3F1DB,Derrick,Patterson,Male,jray@example.org,001-229-397-0542x0478,8/5/2005,Veterinary surgeon
1301,6df4CdC3CC41Eb2,Joy,Hayes,Female,averyjeremiah@example.com,811.291.5900x28206,6/30/1917,Land/geomatics surveyor
1302,013a316799eD614,Kellie,Lutz,Male,rachael99@example.com,530.072.0801x330,10/27/1972,"Scientist, marine"
1303,42dae033eEe1067,Sherri,Richmond,Female,millspeggy@example.net,703.125.6660x6662,11/13/1918,Public house manager
1304,B0adfB8bcd60532,Megan,Gonzales,Female,vmitchell@example.net,990-821-7363x38080,3/19/1995,Jewellery designer
1305,7fbBcD58aEAA711,Tamara,Durham,Female,mcgrathsue@example.net,001-531-439-7350x12277,2/6/1914,Sports coach
1306,53Bd8d9CCeeDCDc,Joann,Fowler,Female,nicolas33@example.com,001-623-203-0670x826,9/24/2016,Advertising account planner
1307,621bfCD1e84ede0,Ricky,Campos,Female,courtney99@example.net,6999011733,9/2/2001,"Nurse, learning disability"
1308,9DD1Df51CE24E4a,Kaitlin,Long,Male,angie81@example.com,003.425.6041,7/19/1980,Clinical research associate
1309,24eA26a75329D2f,Sabrina,Baird,Male,mbutler@example.net,033-727-8169x179,7/17/1973,Sport and exercise psychologist
1310,aFB32A23FaFC01F,Melinda,Estrada,Female,edwinarellano@example.com,8810976757,1/28/1978,"Chemist, analytical"
1311,ec02fa7BAdE6785,Carly,Lindsey,Male,alidalton@example.com,-7613,10/10/1970,Occupational hygienist
1312,bdAabbC4fab499F,Juan,Carroll,Female,cruzbarry@example.net,(818)710-9733x5847,3/30/1922,Animal nutritionist
1313,cb367DC49De0E7D,Raymond,Montes,Male,jenny10@example.org,-2166,10/3/1986,"Teacher, music"
1314,8C65EEFbF2BdBd9,Mary,Bridges,Male,wandabonilla@example.org,-9847,5/19/1964,"Librarian, academic"
1315,06DA1D6a8ADd0F8,Barry,Hurley,Female,jessica20@example.org,361568733,10/4/2004,Chartered management accountant
1316,e1aa5604F8D74CB,Brad,Ramirez,Male,sierrapatrick@example.com,001-409-875-8079x53465,12/3/1986,"Production assistant, radio"
1317,13a963dfbDe2Cbd,Marie,Foley,Male,brookereyes@example.com,001-819-892-5685x26464,10/24/1989,Landscape architect
1318,47D8f94aecBFcBC,Kathleen,Mack,Male,unoble@example.net,569-984-8653x0508,5/23/1958,Farm manager
1319,D4022c94a95Abd2,Blake,Winters,Male,marcus69@example.net,(976)557-1492x087,2/22/2016,"Programmer, multimedia"
1320,44f84Fddc32bd52,Riley,Mcmillan,Female,alan95@example.org,029.775.9419x47922,10/5/1974,Ambulance person
1321,3dfEC7bB1e1eE8b,Geoffrey,Velasquez,Male,awalter@example.com,+1-130-078-5671x87156,10/23/1978,Archaeologist
1322,8E6EC42Fc2F3B4F,Russell,Smith,Male,christinabeard@example.net,(798)305-4174,11/8/1930,Race relations officer
1323,BE17aBF6839c5D5,Scott,Gibbs,Female,villaconnie@example.net,(739)326-1050,5/2/1959,Bookseller
1324,A2dbAC1728cDC99,Alicia,Lewis,Male,yreeves@example.net,1713316120,8/31/1941,"Producer, television/film/video"
1325,6F5d43128Ba8c7A,Katelyn,Bishop,Male,fredblake@example.org,+1-931-207-8141x63727,2/2/1962,Cartographer
1326,e3ffeA11a29faCE,Joshua,Bradshaw,Female,karimatthews@example.org,(155)815-8381x4939,5/15/1925,Investment analyst
1327,E4ec815DFc526CE,Misty,Mitchell,Female,sweeneycatherine@example.com,+1-944-681-6656x72050,5/23/1998,Contracting civil engineer
1328,Dbc556Df265E40C,Kaitlin,Zavala,Male,efinley@example.org,(301)589-5603x7383,5/19/2021,Arts development officer
1329,45a8f337FaBF3d7,Sydney,Reed,Male,kmercado@example.com,(510)539-4611,3/9/2015,"Surveyor, minerals"
1330,e1BC4aCEF689e55,Jeremy,Anthony,Female,chase48@example.com,-2676,12/17/2019,Broadcast engineer
1331,c795cB67EcFC33E,Jenna,Garrett,Male,neilharding@example.com,(384)983-7086x160,10/12/1929,Call centre manager
1332,Ed015d4fA7F78D6,Mitchell,Trevino,Male,brett69@example.com,6756674772,9/18/1950,Water engineer
1333,2FBD53dBe69212A,Howard,Contreras,Male,penadwayne@example.com,001-944-521-1346x3031,6/14/2005,Structural engineer
1334,f9AfFDFCEc838CE,Gabrielle,Alvarado,Female,careyyvette@example.org,+1-188-397-3922x5901,11/17/1992,Multimedia programmer
1335,92fF81BbE21e1e7,Roger,Preston,Male,zfinley@example.net,624-904-7670x5432,8/14/2002,Politician's assistant
1336,70Bee3B2ACa0eBc,Tammy,Friedman,Female,laura84@example.com,478.928.6817x4004,11/28/1996,Patent examiner
1337,5fb70A5EBA41135,Darren,Mckay,Female,monicaharper@example.org,869-904-6688,6/30/1985,Counsellor
1338,cd9e0a22B8170e9,Loretta,Tapia,Female,rebeccachung@example.org,(632)168-3817x734,11/12/1938,Podiatrist
1339,5116Ba0B6Cc50C4,Gordon,Elliott,Male,travis88@example.com,(000)186-7162x5926,10/25/1983,"Engineer, mining"
1340,6E15eA84DA76Af6,Wanda,Mccarty,Female,wbean@example.com,571.285.8666,5/7/1981,"Designer, blown glass/stained glass"
1341,bCBa5B45E2B160C,Daniel,May,Male,ravenmassey@example.org,(366)831-0007,10/21/2006,Data scientist
1342,EFeBD3d5A2B8138,Sierra,Douglas,Male,stuart29@example.com,904-982-1008,5/25/1940,Veterinary surgeon
1343,d7EA2b6892b66cf,Judy,Buck,Female,brentbruce@example.net,(748)758-0497x89765,7/5/1974,"Runner, broadcasting/film/video"
1344,FE798016Ea68Cd2,Rickey,Huang,Male,bfranco@example.com,001-059-316-9999x160,1/15/2006,Geochemist
1345,aF1F89Af8eBf67A,Terri,Mays,Female,fieldsdouglas@example.net,648.465.5924,6/21/1908,Commercial/residential surveyor
1346,0fe7fBb6bf5B0f1,Janice,Bradshaw,Male,devonmcmillan@example.com,339-202-6151,5/11/1987,"Engineer, manufacturing"
1347,858cedAf0A95CfD,Joann,Figueroa,Male,fsimmons@example.com,(632)315-4835x4985,5/13/1953,Site engineer
1348,aF2DCcaa00E5DAf,Dana,Rubio,Male,dan15@example.com,2327732457,3/5/2010,Corporate investment banker
1349,187B8e7d7B922eb,Marie,Cooper,Female,ajohnson@example.org,211.095.5734,6/26/1937,Bonds trader
1350,4d35FDe1dA7f19C,Michele,Terrell,Male,paulamartinez@example.net,217.076.5246,5/28/1994,"Surveyor, quantity"
1351,f8392ca5FDBd01E,Gavin,Lloyd,Male,mccanndean@example.com,416-187-0862,7/30/1942,Furniture designer
1352,aEF11a74DEc7BB5,Tom,Coleman,Female,stephanie01@example.net,493.682.1332x81078,5/3/1930,Proofreader
1353,d277D0Ac1ACEE29,Jill,Leonard,Male,tommy45@example.com,-9444,6/7/1914,Landscape architect
1354,1Abc7eED41bBE5D,Cole,Cunningham,Female,harold90@example.net,(204)790-1711,9/16/1921,Video editor
1355,5e1193a0a2fd455,Thomas,Gilmore,Female,seanfaulkner@example.org,(182)425-3178x41714,2/19/2019,Chief Technology Officer
1356,Acff34Edb2263Da,Thomas,Melendez,Female,laurie91@example.net,601-299-7310,5/21/1985,"Doctor, general practice"
1357,c8Cc76B9d212ed2,Whitney,Lara,Male,mikayla59@example.net,+1-094-934-0520x9146,2/15/1970,Multimedia programmer
1358,89d1b5778Cf9adB,Becky,Wilson,Female,wolfemarisa@example.net,(208)130-3605x0305,7/6/1906,"Surveyor, building control"
1359,02f2b5663BB8Fee,Traci,Drake,Female,ggiles@example.org,963.079.9524x349,5/27/1931,Furniture designer
1360,BEb4bac4e3FbC5d,Karl,Moyer,Male,choibarbara@example.org,(733)006-0272x24250,5/4/2005,Financial trader
1361,B72fBd7Cc309Cb6,Antonio,Valencia,Female,pattymoon@example.org,113.388.9961x23202,1/3/2019,"Biochemist, clinical"
1362,bDAed011Fc72f0b,Jo,Cabrera,Female,tmcmahon@example.com,565.666.2412,12/3/2003,Conference centre manager
1363,18Cb31eFFBF3d7a,Tammy,Cochran,Female,madelinemcintosh@example.com,(180)649-1816,1/2/1909,Tourist information centre manager
1364,4ba63aEc3d18e5B,Mckenzie,Buck,Female,tiffany47@example.com,1520069290,10/9/2011,Public relations account executive
1365,aDA40EDA66259D2,Sabrina,Suarez,Male,qdelgado@example.org,694.631.2483x42993,9/29/1914,Public affairs consultant
1366,84E87dAEA5e3aA1,Autumn,Schneider,Female,meghan12@example.com,670980494,9/17/1958,Transport planner
1367,FE44Fe52a5daB33,Kendra,Chambers,Female,jorgefleming@example.net,876.746.0277x29165,12/15/1978,"Engineer, drilling"
1368,0de973b38d20d48,Kaitlin,Stout,Female,alawson@example.net,6268077650,5/29/1967,Adult nurse
1369,FBa039BFe0ccd4E,Rachael,Schneider,Male,kerry37@example.com,001-977-118-2429x2368,9/22/1996,"Engineer, biomedical"
1370,61eCf930227CbeB,Mackenzie,Hart,Male,coloncassandra@example.com,915-540-2411x20312,6/28/1923,"Scientist, water quality"
1371,58DC41FB3DeB124,Don,Neal,Male,hbyrd@example.org,8955282598,8/22/1986,Petroleum engineer
1372,eCa3EbF39Bc519E,Timothy,Walker,Male,tabitha07@example.org,001-247-274-3689x46113,8/12/2014,Make
1373,CdaFFc1E59f37fa,Maureen,Kaiser,Female,caroline95@example.net,080.674.8039x401,10/19/2008,"Engineer, technical sales"
1374,5FcCe82f4aD1dE0,Scott,Craig,Female,reginaldreyes@example.org,2705034629,2/13/1975,Social worker
1375,2c85c38bCF41d8D,Tony,Ferrell,Female,ferrellrandall@example.com,(249)493-8981x14153,12/26/2003,Rural practice surveyor
1376,ff970cC51eB2A56,Sharon,Evans,Female,tamara54@example.net,220.870.4182x4682,11/7/1959,Garment/textile technologist
1377,C06cd5E0CFeFbdA,Emily,Ferrell,Female,lucas18@example.org,-3829,4/24/1910,"Designer, television/film set"
1378,9a7cDCABD2A6d73,Tina,Walls,Male,rebeccarandolph@example.net,667.100.5520x535,11/5/1947,Health physicist
1379,Af8d1fDB2beac06,Samuel,Lyons,Female,bruceclay@example.com,175-783-6814x71381,9/14/1940,IT technical support officer
1380,1d54F593b61E081,Jerome,Levy,Female,ymann@example.net,(189)772-0557x20307,11/10/1961,Amenity horticulturist
1381,cb274aE944E28DC,Jose,Saunders,Male,kaitlynvelez@example.org,001-907-345-0305,6/21/1941,"Civil engineer, consulting"
1382,fb556E2f77cfafC,Joe,Madden,Female,sue94@example.org,5561504230,3/28/1998,"Accountant, chartered management"
1383,25f244d9001D323,Joy,Valencia,Female,zimmermanjackie@example.com,368-170-6450x6518,1/11/1958,Data processing manager
1384,214dfafAAbD7dFC,Earl,Walsh,Female,warren65@example.org,569-248-4382x3154,10/29/1946,Armed forces training and education officer
1385,5ecC24De13AeD72,Antonio,Yates,Female,shermanfranklin@example.net,656-957-4451x6577,2/16/1913,Passenger transport manager
1386,D2580AeDcC66A44,Shannon,Combs,Female,elizabethdaugherty@example.net,(582)229-2412x231,5/2/1965,Firefighter
1387,e75744DAC14BF4b,Betty,Lambert,Female,ktate@example.org,782-831-7669x583,10/18/1946,Structural engineer
1388,FCD9Bead0d96b02,Erik,Boone,Male,debbie77@example.net,(738)255-6392,3/10/1928,Engineering geologist
1389,aed5aDd9dbf29d9,Corey,Rich,Female,qrichmond@example.net,001-981-367-4079x06120,5/11/1933,"Geneticist, molecular"
1390,4ab231ecD7b31a0,Mariah,Leach,Female,penawayne@example.org,001-070-380-4039x3262,1/22/2022,Data processing manager
1391,c2022C7b46aEA31,Dan,Gilmore,Male,jonathan99@example.net,9999182708,7/14/1962,"Librarian, public"
1392,6Ec962c6278f9DB,Samantha,Lane,Male,tgould@example.org,218.132.0663,3/31/1950,Advertising account planner
1393,E08b6CFaCd452de,Debbie,Walls,Female,howard88@example.com,(696)079-3189,7/30/1911,Television floor manager
1394,e5c8acBaaCfcB2C,Alexandria,Chavez,Female,darcher@example.org,749.920.1517x074,3/28/1969,Learning disability nurse
1395,accf2ff031b0cb0,Darrell,Barker,Male,dixonrose@example.net,759-338-7062,9/16/1907,"Engineer, broadcasting (operations)"
1396,D3cabda21eaD3ab,Colin,Levine,Female,tamiwu@example.com,001-057-849-4822x519,11/27/2003,"Clinical scientist, histocompatibility and immunogenetics"
1397,4FD8bE3c742fDC3,Brianna,Barnes,Female,hernandezjeanette@example.net,(256)879-3980,7/6/1991,Automotive engineer
1398,2c624fDd94fdB1C,Ernest,Gallegos,Female,pbanks@example.org,145.002.6988x55999,10/11/2014,Dietitian
1399,ceC1d8ed8c4f9Cd,Mario,Moses,Male,carmen39@example.org,2383840231,12/19/1962,Scientific laboratory technician
1400,AFF5dfbFeC5B7ef,Edward,Mcdowell,Female,morganmariah@example.net,-6559,7/6/1989,Oncologist
1401,CbdF9fCabe10Ccb,Whitney,Mahoney,Male,zcantu@example.com,(145)157-2465,4/21/1949,"Nurse, adult"
1402,ffFdab422B1fcCA,Pam,Cobb,Female,sheena78@example.org,(668)478-1987,7/11/1922,Science writer
1403,BD9EB1D9Ea406e5,Jo,Zavala,Female,frenchkirsten@example.net,776.168.2130,5/12/1998,Counsellor
1404,FDDA4D53f81D1F2,Helen,Bryant,Female,wallolivia@example.com,+1-201-450-3778x917,7/11/1949,"Journalist, magazine"
1405,0D88bC32cF1eBF4,Larry,Livingston,Male,eugeneriddle@example.org,+1-021-784-2823x739,6/3/2017,Water quality scientist
1406,FbA8F0613308bE9,Lucas,Gomez,Female,ecampbell@example.net,-3660,7/21/2006,Training and development officer
1407,7c78d5D5b62AD3E,Alejandra,Spencer,Female,sophia43@example.com,001-261-567-3968x3009,4/1/1953,Archaeologist
1408,1Fee65Fba71FA5d,Penny,Thornton,Male,njefferson@example.org,(653)106-4911,2/18/1969,Product/process development scientist
1409,2baBF7EcdCAd9ef,Robert,Summers,Female,jodi22@example.net,+1-151-954-5682x3368,11/10/1934,Early years teacher
1410,C3C18B361922Ace,Javier,Mercer,Female,sbenson@example.net,(675)678-0205x12842,4/11/1949,Dentist
1411,E2297bc42Ed373a,Wesley,Holden,Female,maciasjeremiah@example.net,413-043-6209,1/21/2015,Paramedic
1412,Eb03bCCFf287e5E,Jasmin,Newman,Male,bobby40@example.net,+1-849-340-3409x798,3/26/1924,Risk analyst
1413,5b1acD3bD3CeDD9,Rebecca,Tran,Female,ryan44@example.net,736-817-9840,11/12/2021,Acupuncturist
1414,5bebE5ECDaEf632,Melanie,Schaefer,Female,joycoleman@example.net,(272)574-1004,10/16/1996,"Surveyor, minerals"
1415,deF12bA1D1cBA71,Kenneth,Mcconnell,Female,mcguirechloe@example.net,922.287.9120,4/29/2008,"Engineer, mining"
1416,12bfdc22Bcf8B1A,Vicki,Parsons,Male,vmay@example.com,(379)249-9837,7/31/2010,Surgeon
1417,edFB2DD84DCe45E,Marc,Cunningham,Female,llittle@example.com,(140)499-5779,5/28/1960,Market researcher
1418,Acd7FA6E50C759D,Mandy,Moses,Male,tamaramckinney@example.org,924-720-3250x90502,12/3/2011,"Therapist, music"
1419,6AD00110F5Fdcd1,Kaitlin,Kim,Female,tiffany59@example.net,(194)281-8167x4053,12/14/1961,Technical sales engineer
1420,6CDbADe6510670c,Carla,Reynolds,Male,dhuerta@example.com,868.703.1890,1/27/1916,Writer
1421,6faadffC56506c7,Danny,Bridges,Female,olsonlarry@example.com,349-786-0469,2/22/2001,Banker
1422,BB7B2f5EB8BAdab,Jaclyn,Sullivan,Female,gweiss@example.com,224-403-2487,9/15/1955,Therapeutic radiographer
1423,d8C32faf2b8ca1A,Cesar,Newton,Male,sfleming@example.net,(705)178-5498x3067,2/1/2002,Secretary/administrator
1424,e293a0e5AB0c7f7,Makayla,Eaton,Male,charlenehayden@example.com,9500693383,2/5/2013,Commercial/residential surveyor
1425,dd2dfAD11EfAF3b,Beth,Butler,Male,waguilar@example.org,089.239.8599x3483,4/9/1918,"Education officer, environmental"
1426,De1AdeC50b0BC4b,Isaac,Arnold,Female,ppitts@example.com,134-446-0074x9809,7/9/2006,Electronics engineer
1427,9d75ccDa0DA8E22,Anthony,Salas,Male,evelyn65@example.com,(599)105-4761x352,2/25/1994,"Designer, exhibition/display"
1428,72694CD6e37ab4a,Rebekah,Thompson,Female,gabrielwright@example.org,001-186-315-1555,12/28/1984,Manufacturing systems engineer
1429,3606A20dF57840C,Angela,Chaney,Male,macdonaldstephanie@example.net,886-249-7363x230,9/24/1963,Chartered management accountant
1430,b64eE9E22bebE0F,Jasmine,Deleon,Male,nataliebolton@example.org,001-452-922-8278x8273,1/19/1918,Architectural technologist
1431,0Af0Cc1De9CdA0A,Monica,Stephenson,Female,schaeferkelli@example.org,794-389-9491,3/24/1940,International aid/development worker
1432,18d178a8eBF758e,Darlene,Schneider,Male,fowleralicia@example.net,591.366.3496x8926,3/11/1927,Purchasing manager
1433,44DFaAbBdcd2CDf,Barbara,Harper,Male,bernard72@example.com,001-971-914-8451x7040,2/2/1999,Make
1434,b4A91C7C71DFB97,Sara,Gardner,Female,shelbypaul@example.org,531.392.4550x457,9/11/1908,"Clinical scientist, histocompatibility and immunogenetics"
1435,fB1cfe6a3AF0eFf,Margaret,Franco,Male,markmcconnell@example.net,370-975-8440x5088,9/26/1993,Therapeutic radiographer
1436,D6FBcfCC09c079C,Jason,Ware,Male,candiceorozco@example.org,(189)480-2373,10/19/2011,"Conservation officer, nature"
1437,B40b73FE57b489D,Calvin,Turner,Male,vaughansamuel@example.org,001-165-561-5601x604,9/11/1985,Theatre stage manager
1438,32B507c76c4f4aF,Terrence,Ball,Male,wmedina@example.com,+1-463-591-1047x44077,4/23/1934,Camera operator
1439,6132BcebAa9840d,Ana,Bradshaw,Female,djarvis@example.net,+1-362-396-4201x4730,5/10/1927,Emergency planning/management officer
1440,CCafEAbfCcc7A70,Jose,Bell,Male,davisjulie@example.com,001-097-756-3552,3/17/1963,"Education officer, community"
1441,88fC25CA0062dC7,Kathleen,Wood,Female,dstokes@example.net,142.863.8351,6/7/1932,Fitness centre manager
1442,bb498F3cb71B9B6,Randall,Hayden,Female,desireepatton@example.com,(693)776-8253x7141,10/21/2009,Conference centre manager
1443,FDacB2331A66fC4,Gina,Myers,Male,mccalltravis@example.net,+1-717-319-7549x193,1/31/2006,Event organiser
1444,99Fc5C36e6b9e4f,Mitchell,Gill,Female,hayden63@example.org,478-467-0131x76892,8/26/1969,Biomedical scientist
1445,5a1FC8efB7C2cfe,Katherine,Osborn,Female,noblebrittany@example.org,(624)300-4943,10/30/1936,Forest/woodland manager
1446,21F10104CAFA37E,Shari,Maynard,Male,wbonilla@example.com,7667998918,9/19/1994,"Psychotherapist, dance movement"
1447,1aB8C6dB0cEfB55,Tanya,Beltran,Male,kurtlucero@example.org,387-861-8196x0891,4/1/1981,Medical technical officer
1448,fbaDdeaE04232BA,Darryl,Herring,Female,brewerclaudia@example.com,065-102-3656x40189,12/6/1965,Writer
1449,A1dd852E9acA8c5,Charlotte,Erickson,Female,carl83@example.net,676.444.9642x9784,4/17/1983,"Administrator, Civil Service"
1450,c4d34D25267aDfE,Kaitlyn,Rice,Female,gbradford@example.com,(492)481-3391x014,12/6/1912,Water engineer
1451,ffB6FD8e14159fB,Claudia,Lynn,Female,rhammond@example.org,(595)079-5705x212,10/22/1964,Broadcast journalist
1452,193E92FcFf4DDe6,Danielle,Craig,Female,erik97@example.org,4305845426,1/3/1932,Counsellor
1453,Ce9Aee64CDCB0F3,Jean,Elliott,Female,mia85@example.net,+1-644-437-8191x75907,11/13/1955,"Designer, ceramics/pottery"
1454,D2C019B7d71fDBd,Samantha,Perez,Male,melissameadows@example.org,046-470-8173,12/11/1933,Landscape architect
1455,ccc1aadE6b07bFc,Charlotte,Moon,Male,marvin17@example.org,3246564013,11/18/2019,Advertising account executive
1456,fc7BE88eBeaCfCD,Tommy,Morrow,Male,gmontgomery@example.org,(434)153-5533,11/3/2012,"Journalist, broadcasting"
1457,8387916daF97c0e,Martha,Wells,Female,conleylinda@example.org,001-614-931-3171,4/17/2007,Chartered management accountant
1458,3e3422Dc8fF9Ba9,Zoe,Rogers,Female,noblemark@example.com,-3495,12/24/1930,"Merchandiser, retail"
1459,5B8ba9eA6BA7C9c,Antonio,Fitzgerald,Male,meganbrown@example.net,-2534,1/12/1953,Professor Emeritus
1460,F9c11B0c95bCBde,Clinton,Evans,Female,suzanne34@example.net,9550864557,12/18/1976,"Surveyor, hydrographic"
1461,eEEbE4482BCCdeE,Brooke,Porter,Female,zrice@example.com,899-191-7562x175,10/21/2017,"Accountant, chartered"
1462,5B09CC3Cf956BE9,Brenda,Larsen,Male,ashley65@example.net,001-387-536-7193x816,8/29/1939,Investment analyst
1463,f4B55cc6DBF02E4,Misty,Rogers,Male,wmcmillan@example.org,(811)215-6484,9/19/1931,"Surveyor, hydrographic"
1464,eE6d90Ea005Fb86,Stephanie,Bartlett,Female,gonzalezmichaela@example.org,8176784865,5/2/2017,Health and safety adviser
1465,A3Ea8B3373a3DCC,Michaela,Simmons,Female,beckerarthur@example.com,(290)894-7240,4/2/1959,Biomedical engineer
1466,3CCEB1CA3b5b23E,Mathew,Schmidt,Female,malikhess@example.org,001-522-403-7164x70428,11/5/1918,Education administrator
1467,cbBa30FecEaedf4,Riley,Hensley,Female,willie35@example.net,955-993-9282x6374,6/7/1910,Translator
1468,E0CCB2B3d2adB45,Janice,Simpson,Male,arielsimpson@example.org,001-866-757-5170,1/25/1958,Immigration officer
1469,7DaFF3675Bd8D8c,Christian,Giles,Female,brenda85@example.org,5153340618,7/18/1938,"Conservator, museum/gallery"
1470,8a162B4AF98cebB,Raymond,Mayo,Female,gwendolynklein@example.net,1559274375,8/20/1930,Tax adviser
1471,EE0D6F8d6155e66,Roger,Copeland,Female,richard11@example.com,150-921-8481x06356,3/25/1950,"Physicist, medical"
1472,Ccdc03dDcBCDC45,Alyssa,Mccoy,Male,zayala@example.net,001-553-213-7590,11/18/1949,"Administrator, charities/voluntary organisations"
1473,4eD9500b5BBBD35,Tammy,George,Female,klevine@example.org,634-779-0028,8/18/2016,"Production assistant, radio"
1474,aBd9E08e641da5C,Beverly,Ochoa,Female,yolanda77@example.org,001-425-002-7098x89765,5/22/1924,"Biochemist, clinical"
1475,1835DB76DCFFF3c,Donna,Mcknight,Female,marygood@example.com,404-311-1011x85279,6/13/1992,Neurosurgeon
1476,De056A7FeA65c65,Casey,Charles,Female,cschmidt@example.org,-3470,3/23/2018,Volunteer coordinator
1477,F033232B134259E,Leroy,Moody,Male,devonelliott@example.net,883.261.9354,3/2/2007,Technical brewer
1478,d6fd8dBD4CEFBD4,Vickie,Mercer,Female,zachary71@example.com,517-452-5711x80975,7/14/1997,Editorial assistant
1479,DEa5eaa1A6E9D9d,Joe,Byrd,Female,kim21@example.com,462.084.1805x8571,7/29/1981,Educational psychologist
1480,a75626C0722b873,Kristin,Mcmahon,Female,cpace@example.com,(278)583-7808x064,5/11/1987,Electronics engineer
1481,eAa62dAE8e3BBC0,Tonya,Hanson,Female,lpearson@example.net,931-794-1231x3418,11/9/1973,Multimedia specialist
1482,6E7F3d5A16Bed5B,Sheena,Rojas,Female,ernestbeltran@example.org,+1-588-505-1979x19981,11/16/2017,Broadcast journalist
1483,141E9229ACe7d75,Glenn,Cortez,Female,cesar41@example.org,+1-066-725-8070x2334,10/2/1999,Garment/textile technologist
1484,Fb42d6301e7c49E,Ana,Joseph,Male,vrichard@example.net,(544)166-6935x865,1/1/1923,Hospital pharmacist
1485,FC647a82A2CDFD5,Kristina,Osborne,Female,yatesjoanna@example.com,(155)176-7062,1/30/1966,Tourist information centre manager
1486,Abd7F6609fc8DF5,Jerome,Klein,Male,petersonnathaniel@example.org,915.061.4069x231,11/29/1988,Purchasing manager
1487,7c72eaEba04CeBf,Fernando,Alvarez,Male,tina52@example.org,(962)594-1945x58687,10/6/1936,Printmaker
1488,FEb21FFc9cAE54a,Jay,Arias,Male,tim97@example.com,972.362.1492,3/26/1938,Town planner
1489,FfF51Cebb453BCE,Lance,Gentry,Female,ggraham@example.net,+1-308-764-9859x758,1/16/1926,"Editor, film/video"
1490,dC7C0EEEBD082ED,Stephen,Harmon,Female,davenportgregory@example.org,(835)965-5446x0682,6/22/1930,Electrical engineer
1491,DA5a27CE1dfC372,Kara,Holloway,Male,gmoon@example.net,579.983.8620x12122,5/26/1932,Building surveyor
1492,e88b30c7CE92AED,Jo,Mcgrath,Male,ureynolds@example.net,001-764-431-1877x124,1/27/1930,Housing manager/officer
1493,aA8c747B1ACe2ad,Frederick,Herrera,Female,pleach@example.net,+1-691-100-0557x036,8/22/1994,"Copywriter, advertising"
1494,9EeE2f92af6eCB6,Kristie,Walters,Male,patrick63@example.net,593.600.8018,10/30/1919,"Engineer, manufacturing"
1495,FC66Eb40E540CfF,Chris,Watkins,Male,gabriellezhang@example.net,702-509-5562x57230,6/14/1932,"Clinical scientist, histocompatibility and immunogenetics"
1496,EAB9c339B60DA2D,Austin,Juarez,Female,shopkins@example.org,001-927-195-8591x0376,12/4/1973,Social worker
1497,Cb6Cf48FDBaeeA5,Misty,Wong,Male,paula37@example.org,(391)959-1356x0303,12/26/2003,"Librarian, academic"
1498,Eb8FEacbe5d650B,Shaun,Bowers,Male,anna45@example.com,5992412590,10/25/1957,Materials engineer
1499,Fe74E9bBD7D8fdC,Valerie,Mccann,Female,danieljose@example.org,4723874888,5/17/1930,Haematologist
1500,7a6036886E02Eff,Mario,Ramsey,Female,caitlinpotts@example.net,814-128-9545x2274,6/19/1947,Marketing executive
1501,aEccb9c455B8554,Cassie,Drake,Male,marilyn22@example.org,640-947-6058,10/21/1996,Intelligence analyst
1502,a8EDF5D48a22c7c,Kylie,Richard,Female,mpittman@example.net,(549)435-9366x187,11/25/1993,"Librarian, public"
1503,D1c40eefd6ca745,Candice,Gamble,Female,mirandacarroll@example.net,256.454.0860,5/10/1908,"Buyer, retail"
1504,24d1a2DfB2Bd2aD,Tanya,Maxwell,Male,hurstgilbert@example.org,6500002400,7/3/1972,"Designer, industrial/product"
1505,CD27cE1FBdE7BFB,Suzanne,Dudley,Male,ngould@example.com,944.560.9029x53830,11/29/2018,Petroleum engineer
1506,3C9EbEa803730Ad,Julie,Sullivan,Female,erika06@example.org,+1-767-303-3705x72234,4/12/1968,"Production assistant, television"
1507,1E4faaB8AdCB7A3,Steve,Rush,Female,lwebster@example.org,827-393-3510x49472,6/16/1996,Audiological scientist
1508,2C8ed58c20Abe8d,Darius,Lin,Female,knielsen@example.org,(281)009-7836,5/31/1907,Chief Operating Officer
1509,C6d03cd619bD8ff,Bethany,Valenzuela,Male,feliciaavila@example.org,354.636.6116,4/8/2018,Agricultural consultant
1510,0f70f802112b987,Travis,Townsend,Female,rmcclure@example.com,419405910,12/26/2019,Television camera operator
1511,307Bd44d869b80F,Gabriel,Dickerson,Female,mariebond@example.com,463.200.5641x8103,10/20/1975,Media buyer
1512,eE2f6eA95A7eBaB,Roberto,Pittman,Female,timothy37@example.org,(824)721-8405,7/2/1967,Forensic psychologist
1513,64B5Ff9a8c14C3e,Kiara,Avila,Female,campbellemma@example.net,847-991-0785x456,7/8/1927,Advertising account executive
1514,db088be3FDD78a7,Drew,Wang,Male,costajanet@example.org,001-429-862-0296,1/26/2007,Pension scheme manager
1515,78a59b055afc687,Jay,Silva,Male,tbarron@example.org,(482)132-9324,5/1/1948,Chartered certified accountant
1516,dAA8DFbAFFc1bF3,Eric,Vang,Female,elliottrobin@example.org,856-566-8285,8/13/1998,"Investment banker, operational"
1517,debf49C5Ec31874,Perry,Glover,Female,omcfarland@example.com,7513682477,3/11/2012,"Scientist, biomedical"
1518,a7B14Abd80f4cDF,Logan,York,Male,xfarrell@example.net,001-410-706-4391x79984,11/25/1953,"Administrator, arts"
1519,aaD4ca47DCfdFda,Mason,Dodson,Female,cgrimes@example.net,(039)493-8849,10/12/1961,Bookseller
1520,eAe3BE4Ba729c4D,Christie,Cortez,Male,tiffanylane@example.com,810.439.8538x82352,11/23/1997,Community arts worker
1521,6a6bE8dBF4fF98a,Marissa,Andersen,Female,shawnaroman@example.org,2523216462,1/21/1952,"Scientist, research (maths)"
1522,BDfBE5DC48eF9CE,Keith,Pratt,Female,kaitlin05@example.org,+1-757-763-4332x8642,4/6/1962,Ambulance person
1523,970aa1dbfA8fa88,Justin,Briggs,Female,hdougherty@example.net,(343)660-6695x144,2/19/1959,Education administrator
1524,832A14d57ed4563,Jill,Murillo,Female,douglasrobinson@example.com,7647402183,5/31/1991,Chartered accountant
1525,B3c2c6ACce1fFfe,Jane,Burton,Female,pmaxwell@example.net,(353)814-2761x816,1/24/1996,Nature conservation officer
1526,e8248EEB1d8af1B,Jacob,Duffy,Male,sroth@example.net,535.997.0835x250,10/29/1924,Amenity horticulturist
1527,C152b0d25fB9D42,Faith,Cain,Male,barnesroberta@example.net,580.746.1875,6/23/1941,"Administrator, charities/voluntary organisations"
1528,cc3D8dB2c9DBA6c,Ryan,Merritt,Male,alicarrie@example.com,001-373-830-0254x9842,5/18/1991,"Civil engineer, contracting"
1529,Af148c0cFE2CaA7,Cole,Rangel,Male,andersencarl@example.net,235-172-5443,7/9/1922,"Biochemist, clinical"
1530,Cbffa6BC0CCd0dB,Ronald,Richard,Female,cheyenne24@example.org,(562)186-9832,12/7/1939,Armed forces training and education officer
1531,B8bE3d1a2c27A36,Kristina,Sanders,Female,heatherwashington@example.net,(992)351-0925x0482,8/11/1923,Teaching laboratory technician
1532,e7A89B789aFb53f,Roberto,Ashley,Female,vcollins@example.org,+1-356-339-7368x28852,6/7/1975,Architectural technologist
1533,DAf3af186ED64c0,Stuart,Rush,Female,nmcgee@example.org,4074619245,12/16/1980,Legal executive
1534,2Ce6E3AdF8A23B4,Wyatt,Harvey,Female,umerritt@example.org,+1-640-280-3740x7003,7/24/1980,Advertising copywriter
1535,AA9443cE6E90D4b,Bianca,Lawrence,Male,ginamoody@example.net,001-717-428-5302x753,2/15/2019,Educational psychologist
1536,c9e8A762F7Cffd4,Heidi,Schwartz,Male,cristianbullock@example.org,(545)379-2112x45884,12/4/1957,General practice doctor
1537,5e231d9E6cFdE0A,Kristine,Huff,Male,nina57@example.net,093.836.6547x04011,2/9/1996,Insurance underwriter
1538,e259eC0361EC8BC,Jeff,Fields,Male,holly46@example.org,572.530.6330,5/7/1915,Financial planner
1539,F8CD6E4CfC0C6Ed,Carl,Robinson,Male,bradleyjimenez@example.com,240.069.9988x3324,9/20/1997,Maintenance engineer
1540,aDccCe32FEc3dfD,Robyn,Holder,Female,epatel@example.com,(390)233-2870x81209,9/17/1923,Chartered accountant
1541,A9554acBdcf97b5,Gregory,Wilcox,Male,benjamin08@example.org,6299813742,5/21/2007,Printmaker
1542,0a0Edcd32ae53f1,Gina,Everett,Female,dan64@example.com,+1-638-603-6264x256,5/20/2001,Location manager
1543,3a3DAcbe2A51cA3,Lauren,Maynard,Female,sarah39@example.net,-6015,6/16/1991,"Sound technician, broadcasting/film/video"
1544,aB68345Da06DCDD,Rachael,Maxwell,Male,lmullins@example.net,077-292-4021x90986,10/1/1979,Mechanical engineer
1545,4C9bA23F6121b83,Sandy,Ward,Male,stricklanddarrell@example.net,+1-134-303-4470x35886,9/14/1949,Special educational needs teacher
1546,F6dBa3F77Dcc9Cd,Isabella,Patterson,Female,carrolivia@example.org,443-252-5151x31418,9/27/1975,Comptroller
1547,4832bdEAEeda1ed,Dana,Lucero,Male,enorman@example.org,332-507-9156,10/12/1963,"Production designer, theatre/television/film"
1548,21f0b0E9814c329,Jacob,Jacobs,Female,aaron94@example.net,644.929.4717,7/4/1938,"Radiographer, diagnostic"
1549,8C751DF6F5CddF5,Cory,Walls,Female,destiny52@example.net,001-803-995-5408x8949,1/31/2019,"Engineer, chemical"
1550,Df954F1ebD4AE9d,Rose,Huber,Female,calhounjerry@example.net,353.674.9501,11/9/1971,Fast food restaurant manager
1551,8949Ee008eaE6aD,Beth,Romero,Female,fguzman@example.org,+1-896-470-5454x35928,10/5/1924,"Secretary, company"
1552,18fd9c9283Fc1D7,Joy,Aguirre,Male,colemansean@example.org,927-400-4910x554,5/31/2004,Nature conservation officer
1553,d7Bc58AC2baeD6B,Levi,Morgan,Male,fsullivan@example.net,001-542-668-3928x5253,6/6/1988,"Scientist, product/process development"
1554,aAECE805fDcE5B9,Toni,Chung,Male,blairdarlene@example.net,001-432-698-9972,5/16/2011,"Administrator, charities/voluntary organisations"
1555,865BfFb1E31e4ea,Linda,Yates,Male,suarezmindy@example.net,(671)619-4033,9/27/1968,Magazine journalist
1556,a70D13B63fFed0b,Veronica,Mathis,Female,beckercesar@example.com,6487304374,1/1/2001,Fisheries officer
1557,cBB1cc8Cfbe8c6f,Kendra,Dyer,Female,bowenjimmy@example.net,(122)919-4000x93348,4/18/1960,Insurance underwriter
1558,2eCEBF1D4363eAe,Omar,Jenkins,Male,silvapatrick@example.org,129-942-3274x635,1/5/2014,"Scientist, physiological"
1559,0cb3da3c6E6Cb15,Kurt,Young,Male,darlene38@example.org,231-558-7575x2958,3/10/1996,Horticultural consultant
1560,C4bc2c735c1f0d0,Mikayla,Stevenson,Female,cameron08@example.net,1100088534,2/11/2016,Education administrator
1561,67f244DaBD8E45e,Betty,Duffy,Female,bbishop@example.net,590.718.3163,9/9/1974,Site engineer
1562,9ec0cA5b73eE2fB,Meredith,Sullivan,Male,sharijacobs@example.net,136-586-7022x385,9/22/2013,Higher education careers adviser
1563,8ae48E785CB7FdA,Theodore,Kemp,Female,sherryweeks@example.org,(409)334-9517x26466,2/20/1990,Land
1564,96929bdEb33da8A,Gail,Reese,Male,linparker@example.org,427.623.4437x550,11/16/2010,Barista
1565,dd049CeF1abA8a4,Tristan,Tucker,Male,trevor84@example.com,-6880,4/22/1984,"Accountant, chartered management"
1566,483fD60bB14CCC6,Clarence,Hogan,Male,rothdenise@example.com,+1-831-403-7591x021,7/9/1915,"Conservator, furniture"
1567,AEd4cdf5DFA6323,Susan,Beltran,Male,anita56@example.com,2670685058,12/17/1914,Educational psychologist
1568,745BCbC34AD4FD1,Shaun,Hickman,Female,maryswanson@example.net,(425)397-9972x3739,6/25/1991,Diagnostic radiographer
1569,D6C1AA1b93d483F,Steven,Orozco,Male,skirk@example.net,731.763.6659x2318,7/19/1967,Broadcast journalist
1570,75f8beBCf5A43D8,Linda,Mccann,Female,tswanson@example.com,001-318-903-1750x3526,2/26/1923,Emergency planning/management officer
1571,CbCa11FEF73e31e,Tabitha,Bruce,Male,qheath@example.net,687.453.5150x125,5/5/1969,"Engineer, technical sales"
1572,CED538758EEC1F7,Eddie,Morrow,Male,bbridges@example.org,4200761164,8/18/1921,Land/geomatics surveyor
1573,FBDaF835d91D2AD,Alvin,Bradford,Female,radkins@example.com,001-205-166-1147x34313,6/1/1979,"Designer, textile"
1574,A32FF34AB6b3ed3,Gene,Henderson,Female,sanfordann@example.com,+1-416-389-5128x742,4/24/1980,Lawyer
1575,0E632eBCeCCA5bf,Angel,Marshall,Female,rhonda77@example.com,(180)508-7161x18127,10/8/1939,Dentist
1576,BDbE4641d9E3D2C,Carly,Riddle,Female,gary77@example.org,001-757-428-1144x380,5/27/1920,"Therapist, nutritional"
1577,B89bb8a3730994D,Isabel,Shaw,Female,christianromero@example.org,649.395.3887x426,8/3/1978,Hotel manager
1578,f5f623DEb5025dB,Mackenzie,Hodge,Female,autumn79@example.org,(914)237-2507x1392,11/13/1989,Risk analyst
1579,6F6D9F3aAf8cc8F,Edgar,Johns,Male,derek41@example.net,001-322-056-1649x788,7/14/1954,Outdoor activities/education manager
1580,FbdCEF863D3eEaa,Tyler,Cruz,Female,hatfieldisabella@example.com,495-562-7708x96175,8/21/1932,Retail manager
1581,eF88b79948bDa0f,Jeremiah,Floyd,Male,rebecca88@example.org,(299)900-7801x7782,9/2/1989,Data scientist
1582,45f5aeb69C27E4a,Colton,Reese,Male,frank89@example.net,(016)220-0058x7874,5/21/1951,Clothing/textile technologist
1583,De464f32a47cdee,Joyce,Hebert,Male,robin39@example.org,9603145843,8/11/1908,Special educational needs teacher
1584,470c0Ec3cee9C93,Dean,Lane,Female,katelynmckenzie@example.net,152-574-2837x863,1/5/1970,"Conservation officer, nature"
1585,61d5d61BcEcdefF,Theresa,Zavala,Male,soniatravis@example.net,6826042261,5/7/1931,Secretary/administrator
1586,DEAA2cfe7ffDD31,Daniel,Medina,Male,claudia88@example.com,500537793,1/18/1911,"Scientist, forensic"
1587,0EE9CFaE1eb14fD,Patty,Hatfield,Male,ashley88@example.com,658-304-3967x01704,12/9/1961,Senior tax professional/tax inspector
1588,0eF2D139BE1A284,Shelia,Reed,Female,vincentglover@example.com,001-053-321-6775x1828,6/20/1991,"Education officer, community"
1589,EE8bf3bBcBf0A03,Dawn,Bean,Female,tmontoya@example.com,001-511-245-8734x0490,4/14/1939,Child psychotherapist
1590,cfa222e37d4BdBa,Alex,Velazquez,Male,joygeorge@example.org,550-737-6352x879,12/29/2008,Midwife
1591,5BEf9d907dCE56f,Vickie,Fletcher,Male,cyoder@example.net,828.614.1344x676,7/21/1997,"Surveyor, land/geomatics"
1592,18CeDEAeB893CAf,Parker,Mclean,Female,dolson@example.org,+1-751-118-0378x90952,12/20/1927,Sports therapist
1593,1e4913BAbCBC93c,Collin,Gay,Female,jmckinney@example.org,001-328-512-1810,1/28/2019,"Therapist, drama"
1594,b5ffF04Ede421Ec,Bianca,Briggs,Female,mauricebuckley@example.com,124-041-6656x227,7/7/1968,Computer games developer
1595,9CA712E0bf67CD6,Angelica,Oconnell,Male,stefaniepacheco@example.org,219-928-3766x6662,10/1/1931,Television production assistant
1596,FdE7661ce5e6b1b,Tim,Sherman,Male,billy10@example.net,7664851455,6/27/2013,Electrical engineer
1597,CbecCE0F83aCABE,Yvonne,Farrell,Female,lauren66@example.org,-3977,2/18/1928,Fisheries officer
1598,Dc6A7ea952af063,Kristopher,Malone,Male,rhondasilva@example.org,-7466,3/31/1954,"Surveyor, rural practice"
1599,edbA72c8CfBc7Af,Lydia,Zuniga,Female,marisa00@example.org,(164)471-9508,9/19/1912,"Engineer, drilling"
1600,cFfbD3F7a19b31E,Javier,Cain,Male,annpoole@example.org,945.060.9125x453,8/25/2000,Art therapist
1601,b32dd4F8cB2a108,Anthony,Owens,Male,nunezcathy@example.org,427.387.9679x904,5/24/1977,"Surveyor, building control"
1602,DbD154dc0aeF27e,Jermaine,Adams,Male,sparksdaisy@example.net,(369)789-3282,9/20/1949,Field seismologist
1603,8bf7F7eEE3B61F3,Karl,Lin,Female,sethchambers@example.net,178.126.0877x6727,9/8/1935,"Development worker, international aid"
1604,5D2f1B41dFf5447,Brittney,Hanna,Male,sdyer@example.net,+1-397-758-4723x836,6/6/1990,"Therapist, sports"
1605,5FFa9Aa98C4e75b,Caleb,Sanford,Male,greeneallison@example.net,001-450-862-6393x868,7/30/1919,Scientific laboratory technician
1606,fC7c47cbdaF3cC0,Karen,Acosta,Male,krystal39@example.net,413.951.4994x493,6/27/1965,Advice worker
1607,39E93c78546CF4b,Stephen,Kim,Female,cohensusan@example.net,822.377.1086x21276,5/12/1950,"Engineer, petroleum"
1608,79aCD4cf1ac1f0E,Kaitlyn,Moran,Female,annwhite@example.net,5458753586,7/17/1921,Civil Service fast streamer
1609,5637ee12Ab7ef65,Isaac,Knight,Male,ydillon@example.com,977-424-5147x9857,11/17/2017,Television production assistant
1610,99175B0DB353dD0,Raven,Shah,Female,richardsophia@example.org,001-285-527-4771x3756,9/7/1954,Astronomer
1611,C95b5baAE6Dc3EC,Michele,Harmon,Male,jade86@example.org,(907)162-2792x9727,8/30/1944,Public relations account executive
1612,A6E6a588AcB4Aed,Thomas,Hoover,Female,joannewood@example.com,+1-245-851-6954x0969,11/24/1937,Clinical embryologist
1613,c2F23AFBD3BdDc8,Wanda,Marks,Female,lhobbs@example.net,2800692561,2/11/2009,Museum education officer
1614,81a3bBcb95FeAbe,Maxwell,Gilbert,Female,kyle29@example.net,(610)752-9958x485,7/31/1984,"Engineer, petroleum"
1615,CacdceEfDBc2600,Alan,Hensley,Male,matthewmolina@example.net,937-456-7368,5/19/2004,Clinical molecular geneticist
1616,CFCFb0Faf040cB5,Allen,George,Female,charleshodges@example.net,3316202467,3/9/1998,Seismic interpreter
1617,F8BA01f1bfE5dB1,Willie,Faulkner,Female,bvaldez@example.org,001-584-950-6017x16225,3/18/1907,Surgeon
1618,eeb6B1ecaff10d7,Travis,Watkins,Female,albert11@example.net,(894)782-4689x6341,1/11/1940,Public relations officer
1619,Ac8C1D142Ce065b,Kayla,West,Male,harringtonmariah@example.com,+1-187-744-5868x443,7/9/1913,"Embryologist, clinical"
1620,13e025Ff3fccbDB,Kellie,Lindsey,Male,aaron15@example.net,7560935432,3/16/2020,Chief Executive Officer
1621,ae0CDA6C02C98cf,Jacob,Crawford,Female,lcolon@example.com,181-422-7457x48506,2/26/1948,Museum education officer
1622,bEE6fD9Efb0Ce4f,Jade,Bernard,Male,krystalpennington@example.com,5376378811,2/25/1984,"Physicist, medical"
1623,7509BA7F5A93fe0,Leonard,Holloway,Male,zblair@example.net,+1-970-362-0302x32790,7/28/2007,"Designer, furniture"
1624,95AF17BAd4a80f2,Andrea,Carroll,Male,johnkoch@example.net,6862381627,4/27/2010,Event organiser
1625,F43a7EAB91FC924,Tracie,Alvarez,Male,karlcalhoun@example.com,(429)872-8552x60557,12/3/1947,Cytogeneticist
1626,9a7BF909fA75DCF,Lori,Gentry,Female,jorge29@example.org,001-409-866-8025,1/9/1999,Hydrologist
1627,8cC3bbC5Cddf8Da,Gordon,Moran,Male,shawerik@example.com,001-192-830-4748x23082,7/17/1920,Communications engineer
1628,3E0b5E9aFe7EE1F,Hailey,Park,Male,brianna06@example.com,+1-204-386-9228x40880,8/5/1968,"Accountant, chartered management"
1629,d6F8c2CCc8d1540,Kristina,Webb,Female,sandersdustin@example.net,(151)153-6685x1403,10/24/2012,General practice doctor
1630,1A353FaCd2C7A1c,Natasha,Higgins,Male,humphreykellie@example.com,142.589.8248x063,9/6/2018,"Designer, fashion/clothing"
1631,f428F9effe8aAdE,Bobby,Fry,Female,yeseniapetersen@example.com,+1-958-609-7814x14664,1/22/1945,"Journalist, newspaper"
1632,6Db4d55C1A77C4E,Vanessa,Hubbard,Female,astout@example.net,+1-279-070-0878x763,10/19/1979,"Therapist, horticultural"
1633,25cfDC03aCdd2E7,Carolyn,Middleton,Male,weisstimothy@example.org,936.112.7907x879,9/19/1981,Mining engineer
1634,E71bf0fE9c6DDBe,Caitlyn,Huang,Male,lhebert@example.com,+1-134-672-5217x151,4/11/1926,Tour manager
1635,43c99fC3c08a1fc,Warren,Michael,Male,craigsharp@example.com,086-367-1790,7/31/1995,Claims inspector/assessor
1636,FAfcACc3C0C3F7B,Walter,Levine,Female,johnlopez@example.org,001-773-735-0306,5/13/1960,Office manager
1637,2aeD9885C31DDdb,Rebekah,Lawson,Male,jermaineglass@example.net,912.330.5109,2/25/1920,Associate Professor
1638,D43aBDc6669BeeF,Caroline,Becker,Female,hunter01@example.org,+1-069-291-1725x47796,7/27/1968,Advertising account planner
1639,AE93AEcb5dFE319,Elijah,Chambers,Female,zavalachristy@example.org,-9298,7/22/1962,Clothing/textile technologist
1640,BEb27bdEf5FceFa,Eddie,Day,Female,terri98@example.net,001-681-489-2415,3/16/2002,Barrister's clerk
1641,3d89AF999caCcEC,Wayne,Cunningham,Male,jleblanc@example.org,406.415.4649x060,9/28/1976,Catering manager
1642,ac1D002e31A4C72,Jasmin,Stephenson,Male,orosario@example.com,+1-692-581-0964x7019,12/20/1965,"Scientist, research (maths)"
1643,3DEA86aa1Af92f9,Tanya,Luna,Female,angiephelps@example.org,707-632-4056,7/31/1995,Osteopath
1644,3105ff885f6beF1,Ariel,Holden,Female,grant76@example.org,(741)374-6189x2284,11/2/1936,"Merchandiser, retail"
1645,eED73077D4ab3a8,Gregory,Price,Female,ygregory@example.org,892-912-9421,5/20/2020,Forensic psychologist
1646,09ECf7b05cDCd7D,Steve,Coleman,Female,qdelacruz@example.net,001-771-668-2682x061,5/19/1916,Insurance broker
1647,176d6c45ED2CBF5,Mercedes,Pineda,Male,wjohnson@example.com,2577699068,5/8/1918,"Scientist, biomedical"
1648,B92acb9D6a0aad2,Candace,Robertson,Female,maldonadomaureen@example.org,(519)610-7077x8653,10/11/1937,Analytical chemist
1649,3E09DB7Cdf61bfe,Rachael,Graham,Male,nchavez@example.org,310-991-8789x82670,2/20/1988,Multimedia programmer
1650,ADb2db122bE2CF9,Erika,Donaldson,Female,oconner@example.com,1013490249,7/8/1969,Film/video editor
1651,eE8020D5EFAd479,Joshua,Barry,Female,wterrell@example.com,001-429-555-9772x730,12/10/1958,Bookseller
1652,1e6BeD200a7d64F,Dominic,Cantrell,Male,kerrymaynard@example.com,766-499-0863x24306,9/18/1964,"Surveyor, building control"
1653,17bcAEA23B762AC,Melvin,Ross,Female,pvilla@example.net,-1951,4/28/1975,Systems analyst
1654,2CE0bB8b06B6da6,Stefanie,Benjamin,Female,earlproctor@example.org,001-407-686-2159x078,6/4/2003,"Civil engineer, contracting"
1655,BC3Cfd3A6e9c018,Joanne,Blair,Male,carl76@example.net,254-963-7291x999,5/16/1937,Architect
1656,b2850dBAF2C3ABe,Miranda,Landry,Female,lbooth@example.org,782-006-9031x59258,11/27/2013,Midwife
1657,A5BBB90C96205b9,Levi,Sharp,Male,pbuckley@example.org,7880671751,12/13/1956,Soil scientist
1658,5Bb7c35981c4272,Alex,Richard,Female,daryl39@example.com,(178)174-0160,1/29/1932,"Lecturer, higher education"
1659,F48aD82371B29fF,Devon,Combs,Male,mindyallen@example.net,6199323341,10/31/1921,Lobbyist
1660,DC2CB6981ACb4dE,Billy,Holmes,Male,fullerkeith@example.net,6047478602,4/23/1936,Regulatory affairs officer
1661,E165caA3d7de03f,Vincent,Howard,Male,francofranklin@example.com,(776)328-7569x568,2/19/1919,Manufacturing systems engineer
1662,1c9bc8f656e0f3b,Richard,Rasmussen,Female,stacieproctor@example.net,8179171794,1/20/1992,"Therapist, horticultural"
1663,f1De8773a80f74A,Kara,Cowan,Male,marissa07@example.net,001-533-180-6007,7/22/1942,"Scientist, biomedical"
1664,2B4F4e6f5014070,Isaiah,Harper,Female,xkelley@example.com,(722)317-9912,6/8/1982,Drilling engineer
1665,E91fABbfE8e423C,Claire,Gutierrez,Female,hendersontyler@example.com,001-390-679-9367,6/26/1959,Petroleum engineer
1666,6138fff573A1e41,Linda,Bowman,Female,rcarey@example.com,(231)567-3563x3606,2/13/1957,"Engineer, manufacturing"
1667,2FbecbAc5A194a0,Fernando,Mcclain,Female,bradymartin@example.org,(802)544-3657,7/17/2011,"Buyer, retail"
1668,Abd6FaF558f0B7e,Catherine,Collier,Female,paulameadows@example.org,637.185.0881x9710,6/5/1943,"Engineer, electrical"
1669,CeD34B9B5dD2DC7,Briana,Holland,Female,adamspriscilla@example.com,289.967.9909,12/5/1914,"Radiographer, diagnostic"
1670,C1eeDD1cAA442F9,Becky,Wong,Female,jasonwebster@example.net,492-580-4598x8980,10/23/1963,Chief of Staff
1671,bADcd4FcA90624d,Greg,George,Male,jorge44@example.com,+1-178-961-9763x8843,7/27/2012,Midwife
1672,d869A5Bfd2B6C45,Joyce,Erickson,Female,alialexandria@example.net,212.425.6261,4/27/1960,Press sub
1673,5fB4f9cfdB2e8d3,Mason,Heath,Male,xsandoval@example.org,297-846-9326,1/20/1928,Trade mark attorney
1674,E605bB1D962e8fE,Wyatt,Rogers,Female,maureengay@example.org,001-722-289-0871x8235,5/14/1937,Dentist
1675,38b37872641130E,Destiny,Harvey,Female,uchen@example.org,(724)537-5776x02609,4/27/2003,Photographer
1676,043B29Dba48E24c,Reginald,Ball,Male,haileyaguilar@example.net,220-623-3455x846,1/25/1987,Trading standards officer
1677,BBee5CEE5Ac6eAf,Cassie,Ewing,Male,jonathon95@example.net,-7372,9/4/2007,Tax inspector
1678,e7Bba1F5Fa8B2dA,Bernard,Small,Female,iwiggins@example.net,+1-326-930-6680x3658,10/3/1990,"Education officer, museum"
1679,e1F6accbf1CB37E,Wesley,Rowland,Male,lfernandez@example.net,299.666.7911,5/13/1908,Agricultural engineer
1680,b59bFcbdBcFd2df,Priscilla,Murphy,Female,williamsonantonio@example.net,(639)879-0218x6493,10/30/1982,Broadcast engineer
1681,cBcbf64d2e783Bb,Martha,Duncan,Male,ggaines@example.net,305.566.0118,7/10/1934,Midwife
1682,58C948F41ee1ad5,Mackenzie,Fitzpatrick,Female,lorettamyers@example.org,001-672-232-3494x73421,11/29/2016,Health physicist
1683,865Fcbce9FC5Fe3,Brandon,Elliott,Female,savagerebecca@example.net,001-309-903-9882x920,7/12/1933,Actuary
1684,cCB7FAc05F21c7e,Jason,Fowler,Male,omcmahon@example.com,001-889-389-9858x2177,2/22/1962,Quality manager
1685,EAD5EfFc0BA5899,Helen,Friedman,Male,genepena@example.net,7528821720,8/8/1935,"Sales professional, IT"
1686,4C3e30c3b3aBadF,Patrick,Kane,Male,robertohess@example.org,(577)295-7453x406,4/14/1923,Senior tax professional/tax inspector
1687,CAbeCF80BF9B0E9,Karl,Nunez,Female,dhorne@example.org,736.320.4527x68936,8/17/1987,Building surveyor
1688,ADa7DF778EbCa76,Natalie,Harrell,Male,ramirezkendra@example.org,+1-907-590-9315x50214,3/22/1932,Academic librarian
1689,aCbF4bF985bfb89,Devin,Cook,Female,madeline62@example.com,(183)510-8230x663,7/13/1979,Commercial/residential surveyor
1690,5B3F7A1D580aA4D,Angelica,Hutchinson,Male,dwayne85@example.org,(680)228-7105,9/3/1960,"Teacher, English as a foreign language"
1691,3DbEF5faAcACe03,Michelle,Quinn,Male,dicksonbarbara@example.net,6948361355,1/8/1970,"Engineer, electrical"
1692,99dCc57fC5c2D66,Paige,Pruitt,Male,lindseykennedy@example.net,-5867,1/8/1985,"Surveyor, quantity"
1693,bA1e7FBCb600E95,Karl,Brooks,Male,atkinsdawn@example.net,+1-706-873-8548x678,11/17/1988,Set designer
1694,7E6d7D2BDDEd0ae,Andres,Gardner,Male,graveschelsey@example.net,379-928-0589,6/29/1965,Scientific laboratory technician
1695,E8EA0baAFBbaDB7,Seth,Hutchinson,Male,gailfuentes@example.net,(773)895-7309,8/20/1965,Risk manager
1696,AA9e01a9F4ceD8B,John,Valencia,Male,neil75@example.org,027.446.8157,12/4/1926,Probation officer
1697,39bB430a67dcffC,Katie,Olson,Male,christinaibarra@example.org,+1-279-816-8988x356,2/13/2003,"Psychologist, educational"
1698,Aa4cA109a61BF54,Melissa,Osborne,Female,lydiahansen@example.org,+1-082-588-1412x5293,2/16/1915,"Designer, television/film set"
1699,da2FEe8ad74DCae,Crystal,Duncan,Female,averyjavier@example.org,(470)994-5191,4/4/1984,Energy engineer
1700,ED5A02dF385c360,Norman,Dunlap,Male,dsweeney@example.net,844-086-1507x714,9/3/1998,Microbiologist
1701,dddbf1FFF4ca6cB,Evan,Ball,Male,mariahthomas@example.net,359-648-0906,1/18/1940,Sports development officer
1702,89Cf421AAfEbCDD,Molly,Becker,Male,javier98@example.com,947-479-8241,12/5/1930,Legal executive
1703,137FA9D9aBb4b88,Charlotte,Howard,Male,hansonshannon@example.com,+1-762-707-2799x520,4/19/1995,Hydrogeologist
1704,C264f831Cd90a9c,Howard,Foley,Male,chris85@example.com,417.601.6513x25654,8/16/2000,Communications engineer
1705,38FAC85479A06EB,Adriana,Villarreal,Female,chelseymoses@example.org,+1-530-836-8944x255,12/6/1975,Theatre manager
1706,7c6fdc45a3BdFAF,Lance,Alvarado,Male,amy27@example.com,753.366.4208,5/25/1922,"Civil engineer, contracting"
1707,b678843f551EA2C,Dan,Rangel,Female,chavezelizabeth@example.com,-9882,5/28/2022,"Engineer, materials"
1708,7A9CC0C08E5CFBD,Marcia,Frey,Male,randywatts@example.com,342-392-5715x16764,9/14/1945,Chief Operating Officer
1709,a3b212B51ECB3d0,Alexandra,Stephens,Male,xlevine@example.org,+1-614-320-3010x4997,11/26/2002,Forest/woodland manager
1710,2B4CdF971F1caba,Austin,Strong,Female,gpham@example.org,550-827-0467x61524,4/19/1944,Quantity surveyor
1711,1c74de8d8A6E64a,Morgan,Keith,Female,wudonna@example.net,5985378745,10/25/1945,Music tutor
1712,021Fa96bc34eEd3,Sylvia,Stokes,Male,drewcooley@example.org,712.005.9565x336,10/30/2011,"Teacher, early years/pre"
1713,44cAE2Ab2B699CB,Mike,Sexton,Male,achandler@example.org,761-563-0547x4029,6/10/2014,Herpetologist
1714,34b7d42B29D7716,Lindsey,Compton,Male,phudson@example.org,817.856.7296x481,5/6/1962,Dietitian
1715,41ba203faB8a5A0,Devin,Cochran,Female,rparker@example.net,356-090-1266,5/9/1974,Communications engineer
1716,8F1aA0Ad0Bac9bd,Herbert,Cummings,Male,ronniemanning@example.org,158.108.2486,11/18/1974,Sales executive
1717,22F66dd1eF3348F,Stacey,Zavala,Male,huntercody@example.net,867.275.6789,7/17/1967,"Administrator, local government"
1718,D4C7Cfd61Ad4a36,Alejandra,Page,Male,knappchristie@example.com,(364)438-4636x92243,9/23/1976,"Librarian, public"
1719,59a2059fdbeBCFf,Austin,Schroeder,Female,paige00@example.net,001-372-397-0720x005,4/17/1933,"Nurse, adult"
1720,20c98A00dCca19E,Gabriel,Knight,Male,madeline80@example.net,(905)538-8064,4/19/1950,Heritage manager
1721,78011A9fBbCbe98,Brady,Boyd,Female,monica22@example.net,001-683-600-5262x6926,9/24/1919,"Designer, television/film set"
1722,4D62be0DfF5FA77,Jaime,Reynolds,Female,heatherstafford@example.org,053.841.0246,12/28/1916,Clinical molecular geneticist
1723,C2b92eD592D8A3D,Jacob,Newton,Male,connor25@example.net,(370)706-1845x14149,6/8/1907,"Designer, industrial/product"
1724,2bd1Dc4f1c1aE4A,Devon,Keller,Male,rbean@example.com,280-569-6051,4/29/1939,Sports development officer
1725,6Bbd993111Efd9B,Phillip,Riddle,Male,ricardo93@example.com,313-988-6284,5/31/1931,Chartered public finance accountant
1726,5875B828de2D5ad,David,Acevedo,Female,autumn34@example.org,163-217-8915,2/14/1950,Barrister
1727,92fB7cCBB92a262,Gabriela,Villarreal,Female,damon28@example.com,(272)457-4536x1404,4/29/2022,Wellsite geologist
1728,86DDfd4D0bc0cD2,Jody,Curry,Male,aguilarkathryn@example.com,777.262.5280x31997,7/7/1970,Outdoor activities/education manager
1729,679B6cAf77DF75e,Guy,Watts,Female,kristopherchase@example.org,001-680-530-3677x38481,2/13/2000,Osteopath
1730,05E51533AB1C3ec,Cathy,Alvarado,Female,petersheather@example.com,919-352-0323x8020,5/10/1960,Armed forces training and education officer
1731,8A153a2fd32ff2C,Shelley,Walker,Female,carly78@example.com,396-899-7271,10/4/1988,"Production designer, theatre/television/film"
1732,f3e70bfDf60AcF0,Martin,Hale,Female,svilla@example.net,8939735652,11/21/1968,Records manager
1733,ee292AB776400cD,Kathryn,Huber,Female,fspencer@example.org,(100)011-0398x37566,2/15/1964,"Teacher, adult education"
1734,CAC34F3ed43EaB1,Gabrielle,Doyle,Female,nmiles@example.org,464-380-8845x6411,6/28/1920,"Horticulturist, commercial"
1735,e37Eccbad5acB3C,Vernon,Moss,Male,jimmy24@example.org,761.653.9535x416,5/1/2020,Chemical engineer
1736,0F1dDf3cEC853de,Patricia,Villanueva,Male,sheila30@example.org,-7214,8/30/2003,Adult guidance worker
1737,1F4DFC3A8F949D9,Colin,Hoover,Female,alexa32@example.com,001-983-523-7742x98369,8/26/1975,"Engineer, agricultural"
1738,cb56a32b6F59Ec9,Harold,Ray,Female,cochranerin@example.org,359.253.5523x676,8/8/1921,Chiropractor
1739,8aFa5fad43bcabb,Sheri,Wheeler,Female,urios@example.net,001-578-742-2146,11/14/1974,Television camera operator
1740,dB2A62f24D407B3,Lee,Stevenson,Female,terrancemassey@example.com,-3251,8/1/2001,Interior and spatial designer
1741,8ef29FBc2aBdbFF,Annette,Mccarthy,Male,johnsongeorge@example.net,(523)248-7203x06968,3/14/1981,"Engineer, production"
1742,171fDaD4Efb7826,Marco,Marquez,Male,angel60@example.org,920.738.1911,9/15/1966,Associate Professor
1743,fa0ee7a20cB4F47,Austin,Jennings,Male,melaniebullock@example.net,001-310-684-8215x03545,11/26/1996,Claims inspector/assessor
1744,EB34c0FeFe6f3Cb,Kari,Logan,Male,erinarias@example.net,001-787-498-1120x4971,3/17/1992,"Production assistant, radio"
1745,D0f7aED75BdCa3E,Belinda,Sherman,Male,cesarblanchard@example.org,438.250.5195x7212,9/8/1943,Publishing rights manager
1746,Bda6Fda43DA3D7E,Marc,Cooper,Female,tferguson@example.net,974.144.2986x1622,9/7/1966,Fashion designer
1747,F92BeFc4Ba9863f,Christine,Oneill,Male,tylerbriggs@example.org,450-814-2395x159,11/16/2000,"Engineer, civil (contracting)"
1748,37B1dB5bAE5bfb7,Suzanne,Webb,Male,hurleyjoy@example.net,347-698-3844x111,11/17/1991,"Engineer, drilling"
1749,6ca1B5e869FA45A,Isaac,Hudson,Female,dhoover@example.net,(074)184-9227x035,12/14/1981,"Scientist, audiological"
1750,5FB2b49c953DC52,Abigail,Sparks,Male,jason24@example.com,001-685-530-1730x78305,7/28/1933,Passenger transport manager
1751,C3Dbc0E2440aCDF,Dana,Morton,Female,ruth68@example.org,001-816-783-0540x1866,6/14/1999,"Research officer, government"
1752,16fBE5301fb127E,Brandy,Ritter,Female,katie19@example.net,(326)296-6388x29369,12/31/1929,"Conservator, furniture"
1753,5bc1C36aFcED8DE,Suzanne,Brady,Male,whenry@example.com,(387)949-0079x954,6/15/1986,"Buyer, retail"
1754,67AFcea7FD6e6f6,Latoya,Goodwin,Female,kelleyadrienne@example.com,449.691.0537,8/21/1950,"Teacher, English as a foreign language"
1755,ECaDaa2C2EbcEab,Tina,Faulkner,Male,warrenapril@example.org,579.946.0953x704,10/27/1987,Forest/woodland manager
1756,6e3e7aB3fEF862C,April,Levine,Female,colonsummer@example.com,(632)129-4750x11970,2/22/1981,"Biochemist, clinical"
1757,37c0dC9DCEefa28,Tracy,Cole,Female,hannah64@example.com,583-886-6085x3535,12/20/2011,Ergonomist
1758,b56aBCEEb1BdA0b,Annette,Randolph,Female,francocasey@example.net,(205)932-1102x14497,6/12/1995,"Research officer, trade union"
1759,bF352BEE02B1Ba0,Phyllis,Pena,Male,audreypham@example.org,+1-746-213-2891x0010,8/6/1930,"Engineer, electronics"
1760,598cf0b7efA67aE,Alvin,Conrad,Male,victorfarmer@example.com,110.278.5980x685,1/22/1974,Community education officer
1761,2724aD35E9044ff,Christopher,Crosby,Female,andres46@example.org,027.221.3843x34792,9/11/1945,"Therapist, music"
1762,8A1A004750B101a,Alison,Buckley,Female,sheena15@example.net,(108)297-2333,5/1/1999,Freight forwarder
1763,7071c654Eb1b4b3,Jasmine,Christensen,Female,jordanacosta@example.org,+1-460-966-2517x655,10/4/1973,"Development worker, community"
1764,A1Ed1D6B4eDe7E7,Tom,Hess,Male,eodonnell@example.com,918-077-5704,12/23/1955,Rural practice surveyor
1765,368bcE90a492641,Anna,Quinn,Male,mccanngabriela@example.org,585-396-7182x5514,11/22/1921,"Nurse, mental health"
1766,CC7dfe8949DC663,Claudia,Kirby,Male,burkecarmen@example.net,+1-690-455-0502x7076,11/10/1950,Visual merchandiser
1767,8451b29aE2A334F,Richard,Richard,Male,alvaradomackenzie@example.org,8983555756,11/2/1967,"Administrator, charities/voluntary organisations"
1768,D9BF0d67aCeEd03,Barbara,Hurley,Male,gracehood@example.net,362-015-0533,11/15/1936,"Nurse, children's"
1769,f3F726D65Fcbfd7,Rachael,Joseph,Female,huntandres@example.net,001-311-716-1297,4/22/2002,Dietitian
1770,5A601Cd6E51BfD3,Robyn,Pearson,Male,bowersjordan@example.com,723-145-2457,4/28/1943,Professor Emeritus
1771,EdEdCFCDc8cfE95,Veronica,Mcdowell,Male,bettyvaughan@example.net,311-351-0331x6223,4/15/1921,"Engineer, drilling"
1772,0653baE1FAddbbc,Larry,Hester,Male,qwise@example.org,001-863-484-4916x168,9/20/1984,Careers adviser
1773,c692E81aebD5a5d,Hannah,Hebert,Female,dcalhoun@example.net,+1-025-726-8714x55215,1/20/1912,Games developer
1774,bdccE88eB5D9D6E,Nicolas,Mcmillan,Male,kzavala@example.net,-7025,5/15/2015,Ergonomist
1775,79ff4F414a87cAA,Candace,Richardson,Female,martinvilla@example.org,+1-460-174-5910x21950,8/24/2011,"Librarian, public"
1776,bbbc0B54a8a5779,Dwayne,Melton,Male,herbert54@example.org,(231)296-4227x3562,6/6/1991,Art therapist
1777,bcCF59FC7aaCaD7,Evelyn,Day,Female,allisonmcmahon@example.net,(686)023-2336,10/1/1998,Musician
1778,18CdBBaf3A2F9B0,Alice,Atkinson,Male,hsnyder@example.com,001-245-345-0428,4/21/2022,Petroleum engineer
1779,50DDEE2DB9Be93A,Kristina,Cunningham,Male,gsanchez@example.com,412.485.2872x8233,3/27/1944,Occupational hygienist
1780,BD8a01C700a745C,Rachel,Hardin,Male,reginald15@example.org,161-168-6790,2/26/2007,Chief of Staff
1781,A287D96C6E0260d,Rebekah,Kim,Female,galvanjeremiah@example.com,479-819-9804,10/19/1974,Furniture designer
1782,cd151ddef6761Bc,Pedro,Mccormick,Female,pmarks@example.net,(891)630-2597x4586,11/4/2013,Licensed conveyancer
1783,Fb7B4B40aa04D8f,Lonnie,Bailey,Male,ischmitt@example.org,001-063-729-8497,4/22/1968,"Editor, commissioning"
1784,2Bf8C6eDA2ABb8b,Breanna,Edwards,Male,angela26@example.org,001-583-734-2979x7607,12/20/2016,"Scientist, research (life sciences)"
1785,ce2Ff39D883d9Df,Richard,Rasmussen,Male,coreymichael@example.com,(872)593-3748,9/25/1911,Theatre director
1786,9F58bcb89BCcAAB,Jonathon,Duran,Female,groberson@example.com,(530)723-7306,9/17/1953,Human resources officer
1787,3AdE1B3CAbf74f8,Logan,Nelson,Male,yvette06@example.com,756-555-3652x5757,9/12/2016,Proofreader
1788,704E5037B4F2Cb1,Emily,Santiago,Female,jennyvance@example.org,430-303-7067x214,7/28/1968,Maintenance engineer
1789,Fd99CeF08927DCC,Marcia,Huffman,Female,rose55@example.net,9254434288,3/3/1999,Water quality scientist
1790,E803CBEE0cAD1dc,Danny,Gould,Female,donna67@example.com,487.932.5102x267,10/27/2010,Quality manager
1791,daF267ff5E16b08,Billy,Perez,Female,yturner@example.com,465-875-7118x432,4/21/1921,Company secretary
1792,A8f2aBb80DCEF20,Phyllis,Christian,Female,vlawrence@example.com,(145)442-3553x745,5/14/1907,"Designer, multimedia"
1793,5fFBbc368aea9dd,Kerry,Hensley,Male,audrey62@example.net,919.348.6803x7473,3/23/1909,Chemical engineer
1794,7bDfDea57D86ae2,Lindsay,Finley,Male,vclayton@example.org,934-897-2173x2826,10/5/1959,Medical sales representative
1795,3ADc25dc0f6bD63,Stephanie,Pace,Male,elijah79@example.com,168.058.7263,9/4/1988,Furniture designer
1796,5AE7E5d9fB48BfC,Destiny,Hopkins,Female,cbenitez@example.org,+1-623-022-1671x56868,1/11/1931,"Runner, broadcasting/film/video"
1797,161E105A1b9bbd9,Shannon,Stanton,Male,louis47@example.org,+1-298-655-7876x4364,2/17/1962,Haematologist
1798,fFd56DAAb5ebeBA,Diamond,Glass,Male,haysmarisa@example.org,(500)279-7644x19438,1/11/1945,"Designer, ceramics/pottery"
1799,75Cd79e8A97BE37,Sally,Shaw,Male,monica14@example.net,001-199-832-6103,4/5/1933,Sales promotion account executive
1800,A8ce0A4DFAB5721,Erica,Sparks,Female,alec03@example.net,654-304-2574,10/3/2006,Special effects artist
1801,6a4F6dA5c110B86,Summer,Stephenson,Female,margaretbarr@example.org,+1-834-016-8216x8000,6/11/1913,Amenity horticulturist
1802,eFaBaEe0fb31F46,Terry,Melendez,Female,gina30@example.net,001-184-242-1647x190,11/26/1968,Architectural technologist
1803,C0aa8A5D7F32Ff6,Bonnie,Rosario,Female,nina10@example.com,6836262774,2/7/1957,"Librarian, public"
1804,c2eCd640ba10204,April,Kelley,Female,spearsbeth@example.org,427-451-5419,8/18/1988,Education administrator
1805,109C2788c441D8d,Gail,Serrano,Female,dondudley@example.org,001-162-995-3686x7635,11/27/1965,"Surveyor, commercial/residential"
1806,EFfce9f9e5Acef2,Cassandra,Deleon,Male,pmadden@example.org,001-723-977-6394x2240,3/27/1987,"Teacher, special educational needs"
1807,Ae01FD06aa6dCab,Malik,Shaffer,Male,qfaulkner@example.net,001-074-892-9767,1/8/1917,"Doctor, general practice"
1808,1Bced569E6a5F71,Earl,Luna,Male,peterscollin@example.com,(501)659-7075x569,11/3/1933,Waste management officer
1809,cE4C6EC68c18e8F,Ross,Mcknight,Male,emeyers@example.com,+1-736-135-3610x429,7/23/1987,Quantity surveyor
1810,6a3d1fF5d07Eae9,Cameron,Thompson,Male,hmolina@example.com,+1-447-398-4348x164,11/18/1962,"Horticulturist, commercial"
1811,acdc8BFad68c175,Makayla,Ali,Female,bking@example.org,(070)662-2849,10/20/2021,Contractor
1812,df7AF6faBbcAE3d,Derek,Schaefer,Female,marisa72@example.org,-7605,12/21/2004,Museum education officer
1813,f3752C834Aad5Ea,Justin,Mclean,Female,tyler96@example.org,(634)305-7435x112,5/25/1977,Learning disability nurse
1814,1Bb4bbCe11D1eAe,Stuart,Wang,Male,gutierrezgloria@example.com,+1-391-306-7522x9850,6/6/1992,Warehouse manager
1815,e6cdcDCDC8EC3d2,Cameron,Howard,Female,barbarasanford@example.org,101.963.4808x34798,11/18/1936,Armed forces technical officer
1816,b52695B8aE52fc9,Chelsea,Callahan,Male,samantha72@example.net,(267)377-1836x5509,3/28/2010,Research scientist (medical)
1817,e60De121dbA68C6,Mathew,Casey,Male,carmen22@example.com,800-972-1206,2/18/2005,Information systems manager
1818,06bA6371FbfE5E9,Monique,Harrell,Female,john91@example.com,001-692-222-7395x1429,7/19/1981,"Designer, industrial/product"
1819,Dfb5686E4Ccd6CE,Ariel,Villegas,Female,wschaefer@example.org,001-051-667-3942x2800,3/6/1998,"Teacher, primary school"
1820,0De5280A0B039A2,Luis,Wood,Female,wrightmanuel@example.com,001-287-385-2634x869,9/6/1988,"Education officer, museum"
1821,DCde21923380590,Greg,Lindsey,Male,fevans@example.com,+1-391-949-8257x786,4/2/2014,Horticultural consultant
1822,3b60bcb52d4b476,Pamela,Thompson,Female,shepherdtamara@example.net,238-778-4926x7354,9/9/1924,Museum/gallery exhibitions officer
1823,CA7F545f54aFD45,Martha,Raymond,Female,kathryn78@example.com,9705254025,11/23/1992,Hydrologist
1824,59A75Ffb2D7ea35,Kelli,Cardenas,Male,srichardson@example.org,036-000-6734,7/16/1906,Armed forces technical officer
1825,D12DEd7CFdcdAAc,Lorraine,Graham,Male,imccarthy@example.com,373.392.3455x6236,4/22/1922,Multimedia specialist
1826,cddfD57F1fCF4E8,Julian,Lozano,Male,jhurley@example.org,(651)171-0321,7/15/1975,"Scientist, biomedical"
1827,84AFdFcd3DbdBc2,Andrea,Bowers,Male,maureenvillarreal@example.org,001-608-957-1113x81215,5/5/1916,Dance movement psychotherapist
1828,2A1245fFE3B449e,Joe,Case,Female,baileywilkins@example.net,-8414,1/2/1910,Astronomer
1829,A563c005bABE1fA,Claire,Mercado,Male,haysannette@example.org,001-445-935-6708,11/8/1981,Structural engineer
1830,f0aC5FBc7af6843,Breanna,French,Male,kelleyjames@example.com,+1-198-436-8453x777,7/15/1939,Chemical engineer
1831,aDaa34C0FaEeEBf,Dylan,Simon,Male,mcannon@example.org,001-189-673-4723x451,5/26/2015,"Investment banker, corporate"
1832,a59D290E4bBFF5C,Angel,Kaufman,Female,kashley@example.net,990-389-5348,10/20/2006,Secretary/administrator
1833,AbF96e4FA70B207,Briana,Nichols,Male,claudia56@example.com,738-805-3649,11/19/1910,Geoscientist
1834,9b7787bB254EC53,Briana,Stephenson,Male,donaldcherry@example.com,+1-468-828-0021x42299,8/14/1981,"Doctor, hospital"
1835,a0d8EeAfc8bAEe0,Jeff,Benton,Female,frostsandy@example.net,+1-930-353-2520x808,9/3/1911,Scientific laboratory technician
1836,45D4f5F5B129289,Luke,Chen,Female,jose94@example.com,025-410-0272,9/17/1934,"Loss adjuster, chartered"
1837,bc859dD17Fc9a7D,Bryan,Waller,Male,mccormicksandy@example.com,617-814-4843,3/9/1979,"Programmer, multimedia"
1838,4EBcb74BEea2f80,Duane,Barrera,Female,jgrant@example.org,+1-868-722-3427x6602,4/13/2011,Geophysical data processor
1839,1A52c784F4aB5EE,Joanne,Jenkins,Male,michelemason@example.org,862.534.0471,10/16/2008,Astronomer
1840,644fCbbABDeAB5b,Selena,Ross,Female,valenzuelasteve@example.org,(703)674-9370,6/9/1931,Advertising account planner
1841,369Cd6FA15aCB84,Mandy,Kaiser,Female,mshort@example.com,(569)362-2941,11/25/1933,"Journalist, newspaper"
1842,41dB92ACDaf03dA,Victor,Cooley,Female,alexandratorres@example.com,-6344,10/27/1955,"Doctor, general practice"
1843,2821dFCDc45ebea,Alisha,Woodward,Female,deborah08@example.com,-7591,7/21/1936,Hydrologist
1844,C235DfD524E4A17,Casey,Willis,Female,jmalone@example.com,281.870.5442,3/30/2022,Architect
1845,25524b44Ec6Aec4,Cindy,Vaughan,Female,sallynichols@example.com,885.650.9702x55917,11/24/1961,Information systems manager
1846,3C651eFE56Cb90f,Kaitlyn,Hendrix,Female,dholmes@example.net,7909713321,9/17/2012,Health and safety inspector
1847,4DB4cfDb8d98E3D,Yvonne,Frederick,Female,brandy15@example.org,029-429-8141x274,9/18/1977,"Surveyor, mining"
1848,89dCa9eAcF2177e,Johnathan,Braun,Female,fishersydney@example.com,+1-540-556-8077x915,8/25/1928,"Surveyor, hydrographic"
1849,1b7A140B497A336,Jackie,Fletcher,Female,caitlynhoffman@example.org,001-159-624-2705x38859,11/24/1907,"Surveyor, building control"
1850,FCCd908F4Bc05B3,Clinton,Garner,Male,tristanwu@example.org,173-655-4231,5/4/1943,"Education officer, museum"
1851,F0c0C8aF17E2eEA,Nicolas,Key,Male,westphyllis@example.com,(149)961-4330x37904,4/6/2001,Medical secretary
1852,d94EAfB0cBf9524,Charlene,Mcintosh,Male,vanessa41@example.com,491.082.7065x671,7/5/1923,Theatre director
1853,e6Ea38ECcDA4FdA,Joann,Strong,Male,ilam@example.net,747.168.1125,5/2/1913,"Designer, ceramics/pottery"
1854,2B3ca552F628a0F,Earl,Guzman,Female,ichan@example.com,(062)384-8339x9281,11/2/1925,Manufacturing engineer
1855,D5A2A8EBfC3b84C,Ann,Patterson,Female,harryzimmerman@example.org,226-735-6618,4/9/1979,"Lecturer, further education"
1856,5Ac3FCEb286dFeE,Eduardo,Mays,Female,freyalisha@example.org,(967)652-4615x431,3/7/1971,Brewing technologist
1857,b3Ca0c13cC43E3f,Gabriella,Tate,Female,glennhelen@example.org,(205)104-8823x087,8/19/1936,"Designer, fashion/clothing"
1858,B153eD7d71726c9,Joanna,Solis,Male,dakotaoneal@example.com,001-524-670-2539x917,6/28/1931,Medical secretary
1859,B425c510Cc7dcFB,Clarence,Joseph,Male,phillipblevins@example.org,(140)769-3336,7/1/2020,"Investment banker, corporate"
1860,cdFfe3B2ac3467E,Melinda,Travis,Male,domingueztyrone@example.org,+1-506-639-5612x3616,4/30/1911,Firefighter
1861,41A1A7Abee4BEEA,Terrence,Huang,Female,jacquelinelambert@example.org,463.413.7095x221,5/31/1939,"Programmer, multimedia"
1862,6bcDB7fAd221f7F,Dennis,Walker,Female,franklinmike@example.org,918-110-7684x8075,4/7/2005,"Merchandiser, retail"
1863,bF6ff2cC7BcF114,Yvette,Wheeler,Female,xhanson@example.org,(755)938-4489,4/30/1997,"Nurse, mental health"
1864,7dDAFbd9CD6CDEd,Mason,Maddox,Female,poolealyssa@example.com,(202)583-5686x18519,12/11/1991,"Producer, radio"
1865,6420A5F4bd6c4E2,Doris,Roman,Male,russell45@example.org,1728311546,12/13/2015,Hydrographic surveyor
1866,95B0e11AFB78F6F,Janice,Mendoza,Female,patrickdonna@example.com,801.662.1918,4/13/2005,Hospital doctor
1867,C32A6EdF25CfCc1,Paige,Kramer,Female,kirkbrendan@example.org,211.387.6087,5/31/1964,"Sales professional, IT"
1868,1900dF6b91a4Acd,Howard,Singh,Male,glenncalderon@example.net,+1-746-204-9465x974,12/23/1983,"Geneticist, molecular"
1869,1BB3fc3AAc0d9Af,Mason,Cardenas,Male,dicksonlogan@example.org,250-365-7108x2386,11/1/1955,Risk manager
1870,0BEb97aACA2Ac7f,Mercedes,Jacobs,Female,ucooley@example.com,001-875-709-4561,6/23/2003,Architect
1871,f5F77D20d99ec47,Ernest,Chaney,Female,steve99@example.com,001-800-095-1119x711,5/11/2004,Call centre manager
1872,8B6bcc196D53EbD,Arthur,Bridges,Male,sallydillon@example.com,+1-443-415-2687x048,1/5/1924,"Accountant, chartered certified"
1873,1920e1Be3FdB1bC,Katherine,Ayala,Male,rachelfitzgerald@example.net,-7695,2/10/1961,Garment/textile technologist
1874,9BEA1F5bD2B7Faa,Meghan,Stevenson,Male,martha36@example.org,(908)499-5788x5024,7/9/1926,Sales promotion account executive
1875,cA40655eb85d82c,Kaitlin,Conway,Female,allen98@example.com,462.321.3767x255,7/9/1938,Acupuncturist
1876,2DE94cFF8f2FcAB,Ariel,Strong,Female,uterrell@example.net,(433)827-7092x17867,1/26/1960,"Therapist, nutritional"
1877,70c00EDcDec7808,Terrance,Moran,Female,priscillaspencer@example.org,-7076,5/3/1979,Ophthalmologist
1878,3Af25296fA9CADb,Morgan,Allison,Male,hannah71@example.net,001-663-460-1117,5/14/1925,Sports coach
1879,3FbfEC2BEa5fcfD,Keith,Dillon,Male,isuarez@example.net,919.374.9281x6208,7/7/1955,Health and safety adviser
1880,8C6B362C313Ee2f,Brian,Barnett,Female,jesusduffy@example.com,(777)053-1080x9362,10/13/1906,"Surveyor, building"
1881,FED4a635Ec60140,Dan,Ford,Male,arthur87@example.net,001-079-299-5210x240,9/4/1965,Music tutor
1882,1eA3bCaeA3cc7CD,Greg,Wiley,Female,stricklandmelinda@example.org,4351402759,3/9/1915,"Horticulturist, commercial"
1883,B86FE236Daf8e80,Ronald,Moran,Male,lacey93@example.net,173-349-6069,3/11/2017,Charity officer
1884,fEeCE6120fad8EB,Marissa,Rowland,Male,calebrichards@example.org,228725291,1/14/2002,Production engineer
1885,ECea3d84eff3Cdd,Jackie,Mcdonald,Male,adamvazquez@example.net,(105)892-4961,7/13/1911,Academic librarian
1886,c7373b18EBc03C4,Caitlin,Vance,Female,sydneynorton@example.com,605-809-0159,12/21/1999,Textile designer
1887,6DEeda58AE5FDA8,Annette,Mcknight,Male,michaelbryant@example.net,001-369-500-2506x7824,10/18/2015,Newspaper journalist
1888,daCc2B49a896FA9,Laurie,Sharp,Male,ralph55@example.net,251.633.2647,10/2/1956,"Engineer, manufacturing systems"
1889,b1fBF12263EFfEd,Kendra,Garner,Male,jasminquinn@example.com,274.147.9223,5/4/1989,"Surveyor, hydrographic"
1890,dCBFe1CD9a1d107,Paige,Rose,Male,donyu@example.org,527.681.8497x5227,4/18/1965,Advertising account planner
1891,Ab1abcAFac61EbE,Reginald,Beltran,Male,mhart@example.net,001-225-958-3369x25207,1/8/1999,Community education officer
1892,513598a9576A5C9,Robert,Morales,Female,kristie15@example.net,2047581551,9/7/1939,Market researcher
1893,Ba6d3ad1a5e3DAe,Cassie,Burch,Male,snowdaryl@example.com,283.596.2573x663,3/28/1952,"Restaurant manager, fast food"
1894,24B60F7DdE143dA,Julian,Ali,Male,ccastro@example.net,7884503654,11/17/1919,Herpetologist
1895,A9E2300b1Be17b0,Sue,Reed,Female,nolantiffany@example.org,3913835452,10/29/1918,Purchasing manager
1896,6aa607cFEA7b56d,Kevin,Raymond,Female,camachophilip@example.com,315.672.6415x20255,2/7/1941,Technical author
1897,4Cb46EbE1f46A6B,Michele,Barr,Male,kclay@example.com,-6406,10/4/2007,Toxicologist
1898,0b78C826Eeae5cd,Jorge,Thomas,Male,mcintyrenorman@example.org,4898841067,2/15/2016,Private music teacher
1899,AAeb1FF4c3148fC,Luis,Nixon,Male,adriennebarajas@example.net,464.433.1877,8/11/1954,Insurance account manager
1900,CF7037fF0c26AaB,Karl,Dougherty,Male,bschwartz@example.org,001-186-731-6597x0170,1/8/1944,Equities trader
1901,28Be9eC7Cba85C8,Kiara,Brooks,Female,tranannette@example.org,984.141.3614x41245,10/30/1934,Ecologist
1902,E9fbe6b5fe90f2D,Kerri,Webb,Female,summerhudson@example.org,001-884-099-2312x20709,8/14/1990,Television production assistant
1903,FC197CfBD018b53,Andrew,Chavez,Male,gabrielfranklin@example.com,850-546-6148,8/24/1990,"Therapist, occupational"
1904,5E8DfF8ED72bd3E,Sherri,Jacobs,Female,mitchellsexton@example.org,+1-835-852-7980x49313,4/17/2003,Research scientist (maths)
1905,de342D16023CA74,Randall,Sims,Female,krojas@example.net,(283)151-2018,11/14/2012,Building surveyor
1906,0dffCEE7A80C5DF,Daniel,Heath,Female,brice@example.com,712.349.0120x79800,10/4/2009,Technical sales engineer
1907,242E8f5136A542d,Courtney,Schaefer,Female,marisa79@example.net,589.597.8642x57784,3/12/2010,"Accountant, chartered"
1908,C2dFA1F2dE69BC1,Isaac,Weber,Male,quinnmichelle@example.org,+1-626-247-4374x650,5/29/2006,"Runner, broadcasting/film/video"
1909,39222f33f6d53ec,Katie,Morse,Female,guzmanjoyce@example.com,001-331-630-4325x9801,4/12/1926,Secondary school teacher
1910,bE6B5bdbceb77B6,Francisco,Mcdaniel,Female,bairddesiree@example.com,+1-822-322-5948x8606,12/3/1997,Visual merchandiser
1911,a7C9D95C78C04fF,Zachary,Knapp,Female,ssanford@example.net,574.817.9715,2/18/1986,Medical technical officer
1912,F9cf234A731d13B,Glen,Blake,Female,alisha37@example.net,735.626.9377,2/11/1966,Chartered certified accountant
1913,1Cd2B1d1a2DFFbc,Cynthia,Cohen,Male,rose09@example.com,001-691-274-5108x8032,4/12/2021,"Psychologist, occupational"
1914,Fc1e7dF0974A51e,Tony,Pollard,Male,hsims@example.net,+1-668-436-8517x86434,3/18/1910,"Clinical scientist, histocompatibility and immunogenetics"
1915,a3af1e8a6fDbda4,Johnny,Levy,Male,pattontyrone@example.net,-4124,3/24/1920,Mental health nurse
1916,fE90F421Dd4d7c2,Darren,Estrada,Female,javier37@example.org,975.027.6262x809,11/7/2020,Broadcast engineer
1917,66baeD9974CF3a6,Max,Ballard,Male,costapaige@example.org,002.868.9047,10/8/1918,Product/process development scientist
1918,de063cCa26D4A34,Ralph,Bautista,Female,elizabeth82@example.org,001-497-481-5470x2104,5/19/1916,Hotel manager
1919,d0e38a9afc0ee4A,Candice,Hammond,Male,ublevins@example.com,001-993-171-6694x19433,2/12/1960,Dancer
1920,B72b9CfC8EcC6aC,Sean,Daniels,Male,cordovalawrence@example.com,(990)490-2874x070,12/17/1966,"Runner, broadcasting/film/video"
1921,d7F3906FfcA2C2E,Kelly,Dudley,Male,lucas53@example.org,(216)102-1616x479,6/11/1927,Statistician
1922,CdDAD5cbbfa6ad9,Brenda,Franco,Female,kramerkendra@example.net,231.886.0685x133,8/9/1964,Commercial horticulturist
1923,e80F1Af8CaA4eC2,Julia,Baxter,Female,herbertvargas@example.com,886.606.3287x623,3/28/1986,Textile designer
1924,1DDEb1fCca5dDaE,Belinda,Nichols,Male,johnstonharold@example.com,(821)439-5795,2/24/1974,Archaeologist
1925,c8b96Be02AE82C7,Tina,Perez,Female,jocelyn38@example.com,(972)863-0326x0732,6/10/1914,Garment/textile technologist
1926,9ec74d0E87f9428,Daniel,Rubio,Female,richmondellen@example.com,310-496-6766,4/1/1922,Forensic psychologist
1927,fdbd18CEce3F18D,Nicole,Calhoun,Female,jeffersoncheyenne@example.com,847-300-6727,9/18/1911,Sports therapist
1928,cFdAdA93a5DCa84,Maurice,Robertson,Male,leroy24@example.org,409-444-1578,10/5/1993,"Geneticist, molecular"
1929,94066D073a64AAf,Darin,Knight,Female,berryjaime@example.net,-3140,6/26/1911,Travel agency manager
1930,D26efa2F876B9af,Julie,Meadows,Female,coltonknox@example.com,(793)738-2577x9065,9/28/1938,"Engineer, communications"
1931,eCDCa9F1D3f6D79,Kayla,Holt,Male,ehensley@example.net,090.912.9060,4/26/2003,Planning and development surveyor
1932,3A26ebABC2a3eC9,Kara,Hahn,Male,jchen@example.net,(452)659-9179,12/17/1930,Human resources officer
1933,7Daa8DB6FFCdbE5,Barbara,Schaefer,Male,parkerkatie@example.net,(404)292-4530x579,3/31/1917,Corporate treasurer
1934,72AE118dF3D40B7,Sophia,Stephens,Female,amberpierce@example.net,(822)038-8366x44103,10/25/1946,Multimedia specialist
1935,EbfA5fbc89eeC72,Daniel,Munoz,Female,cfischer@example.org,001-402-701-6838x98124,7/26/1925,Magazine features editor
1936,E5C83955cf4D9Fc,Eileen,Glass,Female,tyroneoneill@example.com,(865)653-2382x7686,2/6/1967,Diagnostic radiographer
1937,444Fc8826d3D314,Loretta,Walker,Male,gkent@example.com,001-988-349-6132x96999,2/20/1920,"Loss adjuster, chartered"
1938,85af44aDA9bacb0,Alvin,Frank,Female,michellesnyder@example.net,+1-554-051-5362x6398,11/14/1938,Financial risk analyst
1939,Dbc96C0908e5afc,Sheena,Murray,Female,khutchinson@example.net,-6656,3/13/2003,Marketing executive
1940,2607ec1Fea6c7A8,Doris,Hensley,Male,xdyer@example.com,001-429-622-5219x58872,1/9/1926,Legal secretary
1941,dDacCE76EFfCded,Kylie,Gaines,Male,dbyrd@example.net,722.449.5869x67014,5/4/1954,"Programme researcher, broadcasting/film/video"
1942,F6aF5Dedb855adA,Tom,Petty,Female,gmccarthy@example.net,2119168208,9/8/1996,"Nurse, adult"
1943,d4b5aE7a28A678B,Christina,Jefferson,Male,yhurst@example.org,876.924.2706,12/20/1926,Quarry manager
1944,63E69a7b377172c,Connor,Hansen,Male,mathewbarber@example.org,742-627-9706x87119,11/14/1991,Engineering geologist
1945,e3fB8d8EbaD3f83,Henry,Hubbard,Female,tristanrowland@example.org,3340688534,3/7/1916,Artist
1946,C9cCc8cc4D21ADb,Beverly,Livingston,Male,tricia52@example.com,(258)273-7646x0647,4/13/2022,Financial risk analyst
1947,9832ab3465E00b6,Anthony,Briggs,Female,reyesomar@example.net,354-133-2885x91267,3/14/1967,Video editor
1948,e2a9FEfb75e0c0C,Kim,Stone,Female,butlercory@example.net,001-522-179-4679x5279,1/6/1978,Industrial/product designer
1949,31ABef1c0D1324a,Oscar,Munoz,Male,smithtiffany@example.org,374.055.5237x150,9/1/1996,"Pharmacist, community"
1950,AAA280ED3dF4dDF,Megan,Moreno,Female,christinesampson@example.net,319.611.9942x1805,7/28/2010,Solicitor
1951,55b187e71a201b9,Marisa,Avila,Female,greg16@example.org,001-157-924-6567x3454,1/24/2022,Travel agency manager
1952,FaAEcA31Aa9cBF2,Claire,Henson,Female,mhammond@example.net,716-273-2360x75460,1/2/1932,Equality and diversity officer
1953,A78be5BEeeeA539,Cristina,Webster,Male,cheyenne95@example.com,8246390882,4/16/1949,Textile designer
1954,89CA5eD6809DbA5,Chad,Rowe,Male,abbottwayne@example.com,342-542-2984,6/20/1907,Multimedia programmer
1955,dFF2cEe82d8a76d,Shelia,Mcgee,Male,alejandrabradford@example.org,(190)163-1951,11/27/1978,Copy
1956,78f9De30a3658cE,Brent,Scott,Male,charlenestevens@example.net,499-587-3008x57769,12/31/1989,Technical author
1957,a5cbf446e70ac81,Alexander,Gay,Female,briana28@example.net,067.411.8141x170,9/15/1947,Ceramics designer
1958,a7edfbd7D5a7F62,Renee,Mejia,Female,wharrell@example.net,+1-068-101-7132x8308,4/4/1977,Energy engineer
1959,aA12344b4dBb9B7,Melinda,Green,Male,ccalhoun@example.com,(382)475-8343x5550,4/8/1980,Furniture designer
1960,1CFC8016df3F160,Willie,Dunlap,Female,daryl12@example.com,626.473.2577x40875,10/22/1920,Media buyer
1961,2E8ba77aDA6dbFb,Noah,Kane,Male,steelemason@example.com,361.406.4109,5/26/2002,"Surveyor, commercial/residential"
1962,5AcabEeF2069d47,Carlos,Wise,Female,karikeller@example.com,(006)065-4158,3/13/1935,Trade union research officer
1963,06A03FB3f09cfdC,Jackson,Harrington,Male,annettecobb@example.net,+1-505-875-7469x732,10/4/1913,"Psychologist, prison and probation services"
1964,164fDF173F3DfeF,Bryan,Lynch,Female,colecollin@example.com,267-167-5895x040,1/25/1972,Games developer
1965,B511eb65adCa693,Danny,Wilkerson,Female,claytonwhitney@example.com,001-350-871-1035x33054,6/21/1913,"Scientist, research (maths)"
1966,f6d6f5Bdf77f5AA,Louis,Hatfield,Male,stephaniegilmore@example.org,-2747,1/2/1936,Management consultant
1967,6f2F6ECFcB43C04,Alyssa,Sims,Female,josephclements@example.com,+1-845-928-6696x513,1/3/1994,Location manager
1968,be1CC05cd3C2bf7,Brittany,Carson,Male,avasquez@example.com,(768)824-5961x2043,8/23/1916,Research scientist (life sciences)
1969,E9671Df81A0Fa7C,Melinda,Richards,Female,jimmyfuentes@example.com,852.334.8049,9/7/1953,Logistics and distribution manager
1970,CA7b4A52193e2Ad,Cameron,Conley,Male,kentwyatt@example.org,8390823831,10/26/1958,"Designer, blown glass/stained glass"
1971,2D6b7dc29c834E4,Randy,Duran,Female,vanessaburnett@example.com,385.486.9473x352,12/30/2003,"Scientist, forensic"
1972,4Bea42e929A2dE7,Jackson,Lynch,Female,kristopher51@example.com,+1-282-203-9762x301,9/15/1980,"Engineer, manufacturing systems"
1973,111aFbAA22Aa4a2,Carl,Clayton,Female,ashleyrita@example.org,(883)858-1474,4/25/1957,Artist
1974,cdD63E1Cf0c043b,Jason,Spears,Female,shawnbarnes@example.org,+1-262-881-5849x6001,11/17/1944,General practice doctor
1975,bb0a6CEFAdE6Fa9,Mary,Holland,Male,kelseyfloyd@example.com,861-757-2040,1/29/1919,"Research officer, trade union"
1976,00d0Ae5EEb457dA,Christine,Guerrero,Female,bsolis@example.org,1242171950,9/20/1984,"Surveyor, building"
1977,D6bC508c7ecaE49,Julie,Graham,Male,lawrencerussell@example.com,7915071238,10/1/1992,"Education officer, environmental"
1978,9Cbb0bA8afA6a2e,Kathleen,Alexander,Female,lucasmcmahon@example.org,3544868524,9/15/1981,"Therapist, art"
1979,6868b4DBeb5C05b,Erika,Horn,Male,hunter93@example.com,1673475373,2/4/1940,Air traffic controller
1980,BBccdAC42fBd3Da,Eddie,Schmitt,Male,avalencia@example.com,001-822-183-3845x901,1/17/2016,Records manager
1981,A6f3ee0fa0dFa7A,Jake,Oneal,Male,nathan20@example.org,500-049-8040,5/20/1921,Seismic interpreter
1982,deb412b3A8B89Cc,Susan,Gilbert,Female,alanporter@example.com,001-716-580-5037x20042,5/3/1987,Leisure centre manager
1983,d33CC7B4AD27d72,Bonnie,Horne,Male,kwest@example.net,+1-557-267-3064x66851,7/16/1916,"Therapist, sports"
1984,CF3d728b1f9aD4E,Sheryl,Dean,Male,hhinton@example.com,-5197,2/13/1937,Recruitment consultant
1985,F1CADDE8edECEbd,Eduardo,Dickson,Female,toni88@example.net,009.904.9813x3216,3/10/1936,Contractor
1986,D69a2Ed4CCe3aEf,Ruth,Hubbard,Male,douglas93@example.com,4668234835,3/24/1940,Firefighter
1987,237c0b1883c3bDb,Cody,Wilson,Male,xpruitt@example.org,001-495-305-2767x648,12/29/1933,"Scientist, forensic"
1988,AEc948fc07a1E3B,Marcia,Hurst,Male,willisderrick@example.org,001-124-394-9893x5190,4/5/1970,Media buyer
1989,fa0f1c43efeAA8c,Faith,Henson,Male,eddiecurry@example.net,+1-096-982-8018x6231,10/11/1967,Network engineer
1990,Bb0748C2FE46Bc5,Curtis,Holloway,Female,sharon45@example.org,001-920-192-9842x179,1/30/1922,Product designer
1991,4fC6AC0f76aA0Ca,Kathleen,Sharp,Female,martinezfernando@example.net,(209)634-0795x839,1/11/1980,Rural practice surveyor
1992,c26e5ba67be86fC,Madison,Cobb,Female,cindy04@example.org,(386)870-4475x2392,11/20/2012,"Surveyor, hydrographic"
1993,deB920eFEEDa5AE,Blake,Preston,Female,sylvia11@example.org,(600)200-3766,8/27/1952,"Engineer, land"
1994,b62350b3aa8Aa0D,Spencer,Curtis,Female,randallroth@example.net,(853)833-9714,10/25/1917,Pathologist
1995,dfbbe31EBBFDb7E,Craig,Watkins,Male,harrisphillip@example.net,+1-800-985-2298x028,1/19/1924,Applications developer
1996,C7B3f322807A198,Cole,Escobar,Male,angelwoodward@example.net,(350)155-2185,12/28/1963,"Editor, commissioning"
1997,0F253d25BcdF4B4,Tamara,Salas,Female,claytonriley@example.com,001-313-978-9696x47080,7/29/1988,"Surveyor, commercial/residential"
1998,A8DA7946E3ea5BD,Jake,Anthony,Female,sbryan@example.org,254563826,7/10/1919,Charity fundraiser
1999,Ac61Cfa3bfDdA26,Megan,Diaz,Male,holmestroy@example.com,+1-039-126-6969x72397,8/22/1993,Accounting technician
2000,aac07AC372Dcd46,Meagan,West,Female,cindy81@example.com,224.554.1404x0453,4/12/1932,Freight forwarder
2001,D21EdC9a2DCC584,Tony,Gamble,Male,vsimmons@example.net,+1-923-861-9867x3035,1/27/1993,"Designer, blown glass/stained glass"
2002,d99A833B08BCEB0,Leroy,Hernandez,Female,cgarza@example.org,926-763-5160,3/15/1964,Social worker
2003,74bFfc48033DE2A,Courtney,Conrad,Female,srobbins@example.com,483-405-4202x112,9/1/1908,Air broker
2004,dCf4Bd5b8E8ffD3,Alison,Eaton,Male,htodd@example.net,+1-466-922-7844x60825,7/26/1951,Materials engineer
2005,5EdFC563B0B3C9f,Ann,Pope,Male,sallydouglas@example.com,001-285-126-0632x5193,2/9/1944,Geoscientist
2006,1BfdEf5ffFf4dBC,Sergio,Ponce,Male,qkrause@example.org,(002)064-8795x09380,9/26/1960,Passenger transport manager
2007,33EB8B37Bcd8aad,Belinda,Guerrero,Male,pfitzgerald@example.com,+1-334-017-7370x14583,7/27/1970,Financial manager
2008,A87cfaE300fc873,Mackenzie,Khan,Male,tracy44@example.com,237.432.9576,8/3/1920,Social worker
2009,0CDcFcCedF94Be0,Neil,Larsen,Female,carmenkrueger@example.net,-6731,5/6/1920,"Scientist, biomedical"
2010,d4689948cf6eeE8,Christy,Bowen,Male,vpugh@example.org,+1-317-390-3657x8319,12/9/1949,Biomedical scientist
2011,5fBD96636b9BB9A,Briana,Reese,Female,navarrokurt@example.com,+1-559-836-2870x487,2/26/1991,"Scientist, water quality"
2012,a927Ad73bB82351,Selena,Golden,Male,maureenterrell@example.com,+1-390-522-8711x783,8/25/2008,Occupational hygienist
2013,af2d8F78d481A54,Dakota,Brandt,Female,anthony14@example.com,858.244.4915x8739,7/8/2000,Production engineer
2014,B0E0DbfEea39da8,Rose,Villa,Female,hoganjacqueline@example.net,-3345,7/15/1924,Licensed conveyancer
2015,F40E9444E484Ddd,Suzanne,Brown,Male,suttonann@example.com,869.738.3217,11/21/1971,Travel agency manager
2016,d3064AC29D4dEd8,Roy,Hampton,Female,cesparza@example.com,001-158-306-6694x6464,1/30/1917,Town planner
2017,8dFFE5eCe1Af87C,Steven,Hensley,Male,wharrison@example.com,+1-309-448-9335x732,3/14/1965,"Secretary, company"
2018,24A1112deAAfdf3,Lee,Hooper,Female,blakelamb@example.com,687.273.4117x2107,10/8/1959,Careers adviser
2019,74fe4Ac02b3bCad,Mario,Ramirez,Female,gordonhaynes@example.org,(947)163-4055x779,1/12/1945,Software engineer
2020,4c7Bd8eC2e8dB8D,Shari,Ferrell,Female,xmckinney@example.net,6131349838,6/8/1969,Control and instrumentation engineer
2021,ddd1ac5bbf271d7,Marcia,Morrison,Female,arellanobrian@example.net,282-142-6947,8/15/1915,Environmental health practitioner
2022,4F0813d15f13D1c,Martha,Foster,Male,cliffordhartman@example.org,708.892.1219x7679,5/15/1997,Trade mark attorney
2023,5CF7c7DE248ad96,Judy,Rubio,Male,melissawelch@example.org,(720)554-7859,5/21/1928,Gaffer
2024,FaaF53dCdB834fe,Alex,Murphy,Female,fvasquez@example.net,001-174-555-1387x834,9/30/1987,Manufacturing engineer
2025,FBa88C3CadC1E26,Natasha,Bush,Female,preston67@example.com,(154)908-6410,12/26/2018,Medical laboratory scientific officer
2026,A29fCf3C0E55b1b,Claire,Brandt,Male,martin54@example.net,868-842-3012,6/24/2012,Probation officer
2027,f99994bfcCA4eC2,Adam,Haynes,Female,olsonchelsea@example.org,(262)782-3234x906,1/2/1940,Pharmacologist
2028,c9FB242f7119DE8,Jonathon,Carpenter,Male,bensonbrenda@example.com,001-818-418-5930x49639,4/10/1948,Politician's assistant
2029,7d1D37a9aE646e0,Paul,Summers,Male,freese@example.com,657.969.0367x823,10/14/2011,Financial manager
2030,f0f3Eb9a3d22DaE,Lucas,Winters,Female,summersmelanie@example.com,252.904.1384x6019,2/12/2022,"Engineer, building services"
2031,fD4fed36Bddb18a,Stanley,Barker,Male,devin16@example.org,188.032.8613,11/5/1941,Camera operator
2032,21Fc00fbf2aFBfd,Linda,Nixon,Female,christine29@example.com,(200)816-7748x22276,1/19/1974,Physiotherapist
2033,c8CE9E9cA680c0d,Patricia,Mason,Female,stevemccall@example.org,(786)909-6860x4877,6/25/2000,Art therapist
2034,FeCfCAbe9a15caf,Garrett,Mcpherson,Female,chaneydiane@example.org,(295)758-5203x07146,7/31/2009,Control and instrumentation engineer
2035,ac354BdB528526e,Jo,Chase,Male,yhuber@example.net,001-922-799-4768x283,12/15/1934,Air traffic controller
2036,4F5E55eD3E4a937,Savannah,Strickland,Male,joycesavage@example.net,5692945507,4/20/1930,"Therapist, occupational"
2037,4778c1b65Be9BDF,Carly,Terrell,Female,pedrograves@example.org,073.784.4558,1/14/1975,Camera operator
2038,aA6a9B8A0B92441,Loretta,Pennington,Male,kentedgar@example.org,(480)342-6133x029,8/16/2007,Chartered loss adjuster
2039,f5c8fe3f30aEdBb,Haley,Walker,Female,duane30@example.org,546.636.2693x861,5/14/1978,Landscape architect
2040,7c2aBB7CEf6cFC6,Chase,James,Male,vbest@example.net,111-469-6753,10/1/2012,Music tutor
2041,21abD3baB7cE675,Derek,Mckenzie,Male,bridgetpark@example.org,001-213-517-5629,4/21/1923,Translator
2042,2e856A1DA296af7,Gabriella,Conway,Male,bookeralisha@example.org,(571)441-9130,4/7/1981,Actor
2043,DaA7cdC14BF479F,Jasmin,Madden,Female,brendan19@example.net,(336)677-1581x9317,8/13/1949,Theme park manager
2044,fcfDDECDaB389AD,Logan,Morrison,Female,mmullen@example.net,439.694.2078,7/28/1948,Maintenance engineer
2045,75CE8F6e78564D9,Alyssa,Norris,Male,lindseycandace@example.org,854.854.6474x7696,8/24/2006,"Surveyor, building control"
2046,15Acedc3b835012,Nicholas,Acevedo,Female,rpacheco@example.org,185.159.6119,8/26/1968,Forensic scientist
2047,C4eFd51ECabC99F,Glenda,Rodgers,Female,gibsonbarbara@example.net,001-595-672-1395x766,10/25/1927,Prison officer
2048,dBa2fEf69dccd02,Wendy,Benson,Male,derek11@example.org,738-763-5363x005,5/10/1945,"Engineer, electronics"
2049,c4B21E31E27410A,Maxwell,Lamb,Female,diana17@example.net,927-652-9963x51619,6/14/1983,Landscape architect
2050,Ea0fEEDb57de024,Roberta,Petersen,Male,bprice@example.com,147.527.3596x524,11/28/1990,"Surveyor, mining"
2051,6f2CbB608A614fe,Erik,Barrett,Female,leonard96@example.org,3767820343,5/19/1946,Radio producer
2052,F98e8B3B18AF508,Joe,Paul,Male,lacey22@example.com,994.157.5247x0984,12/14/1940,Building surveyor
2053,AbB6ceB7EcE0E31,Shaun,Carter,Male,sabrinaewing@example.org,001-925-064-4378x422,3/20/1924,Sports coach
2054,9DBDE9C8E275E46,Darren,Greene,Female,gaineschase@example.com,(005)684-1072x0991,2/13/1934,"Producer, television/film/video"
2055,2a3b44ECBb81E9c,Joyce,Irwin,Male,don76@example.net,001-023-994-2497x3220,4/4/1982,Futures trader
2056,61bEB0e3d1E01DE,Jeffrey,Huber,Male,joycealbert@example.org,001-704-387-6179x19835,10/9/1968,Oncologist
2057,b75dA73bfADAED8,Cesar,Patterson,Male,fvaughn@example.net,+1-979-542-9296x281,1/8/2016,Plant breeder/geneticist
2058,8c2E8CDc747C336,Taylor,Fuller,Female,leonreilly@example.org,967.805.3844,10/15/1940,"Accountant, chartered"
2059,ed71BB8C56c5Bb4,Raven,Orr,Male,myerschris@example.com,920-869-3388,3/7/1978,"Scientist, physiological"
2060,C0570ffA855C9ad,Lindsey,Wheeler,Female,lawrence53@example.com,817-113-6691x32475,8/18/1985,Academic librarian
2061,f4daCad13FA10Ad,Shari,Gill,Female,bwyatt@example.com,061-864-9551x817,12/24/1980,Aeronautical engineer
2062,faAd041cFC5Ff03,Joann,Oconnell,Female,grantdunlap@example.net,+1-665-570-9790x03594,8/5/2011,Technical author
2063,08Fc5FfC33814da,Donna,Barr,Male,sandrapetersen@example.net,(671)160-8068,12/30/1943,Automotive engineer
2064,F6bda17B47959Fe,Derrick,Pugh,Female,juliehuber@example.org,(251)403-3291x5336,6/28/1980,Marine scientist
2065,d93D01CB25AeB5b,Joseph,Conner,Male,terrenceday@example.org,331-095-9152x588,12/15/2003,Financial adviser
2066,7e98bCb6fDC5F4E,Susan,Patel,Male,smallclaire@example.org,(797)773-6889x7672,7/2/1927,Hospital pharmacist
2067,FefA71f7522adc6,Claudia,Mays,Male,leejeanne@example.com,+1-549-638-2614x6789,11/1/1940,"Designer, blown glass/stained glass"
2068,1a71eABac48BeE4,Andrea,Friedman,Male,danielfernando@example.com,707-330-7062,4/23/1963,Personal assistant
2069,bd8eBCb02968c41,Colleen,Gallegos,Female,blanchardadrienne@example.org,+1-587-108-8396x00936,9/8/1977,Hydrographic surveyor
2070,dDD26A0688B627c,Mackenzie,Patterson,Male,timothyterrell@example.org,001-772-346-3439x1951,6/10/2015,Pension scheme manager
2071,92Ab4f0FfCC7E3A,Barbara,Peterson,Female,selenamacdonald@example.com,(617)184-5636x6603,5/1/1923,Hospital doctor
2072,dDe91Ecc6c4B2ec,Walter,Yoder,Male,jordan73@example.com,097-195-1702x5370,10/7/1994,"Producer, radio"
2073,DDC6d2F64cdCc3A,Gloria,Pierce,Male,bfrazier@example.net,927072485,3/8/1946,Medical secretary
2074,54bcb06BD7aD0E9,Tanner,Harrison,Female,ashleecopeland@example.net,431.698.8884x545,3/9/1911,Health physicist
2075,AD9e4c5F0b21F51,Shelia,Berger,Male,adrianacharles@example.org,(278)265-1550x83760,2/13/2015,Chief of Staff
2076,cABC8A28A8E4C3e,Destiny,Webster,Female,meyerisabella@example.net,(209)891-0327,12/24/1955,Curator
2077,708dAFdDde4dAdb,Ray,Martinez,Male,frances57@example.org,(616)805-2195x303,4/25/1943,"Optician, dispensing"
2078,CAf6d2CeDeDF826,Summer,Underwood,Female,ejefferson@example.com,+1-575-787-1540x2071,8/18/2017,"Psychologist, educational"
2079,84fB5aEdDb5adEd,Kelsey,Morris,Female,isaacchristian@example.org,001-828-712-9319x4378,8/3/1998,"Librarian, academic"
2080,5fDbccCa8bfafaf,Marilyn,Calhoun,Male,mooneymackenzie@example.org,-7794,5/9/1934,Production manager
2081,FAD7bD6eB7AeA4f,Gloria,Nicholson,Male,fcantu@example.org,(405)727-4665,8/6/1990,Engineering geologist
2082,8CC096ddbDbf1a8,Teresa,Saunders,Female,swhite@example.net,697-232-8313,12/10/1951,Town planner
2083,73daf0FDBd653b7,Dylan,Walsh,Male,darrell19@example.net,345.663.1710x73284,8/20/1946,Police officer
2084,b0aeacf8CDE25c7,Amanda,Gutierrez,Female,stewartjessica@example.org,(327)133-5758,5/6/1958,Illustrator
2085,85BdB3F572e7227,Louis,Fritz,Male,christinashelton@example.org,(321)335-6983x9770,4/25/1974,Barista
2086,bDe9cD31e5E8Ff5,Randy,Montes,Female,ejones@example.com,(202)169-6077,8/14/2017,"Psychotherapist, child"
2087,18dcD4B3419Daf0,Maureen,Fry,Male,desireebrady@example.net,+1-731-671-3936x130,4/3/1974,Osteopath
2088,bD3BFeC7dcb341a,Jill,Sheppard,Male,isaiahduke@example.net,001-651-785-3609,2/20/1999,English as a foreign language teacher
2089,778D1FcC9f5Ec02,Natalie,Ruiz,Female,audrey31@example.com,+1-021-473-8938x88438,1/31/2006,"Buyer, industrial"
2090,3c8Dd9EcaE75Cd3,Heidi,Kirk,Male,krausecaleb@example.org,627.905.5183x549,1/19/2005,Forest/woodland manager
2091,c5AD9Bd5Fae0cB3,Tammy,Hoffman,Male,katherine48@example.org,743-440-0236x4902,4/15/1925,Risk analyst
2092,88F0989d73B0FC1,Tricia,Holden,Male,idelacruz@example.org,(101)397-1609x9158,4/23/2005,Petroleum engineer
2093,9bFBfBd0EEa3e70,Stuart,Mcgee,Male,smartinez@example.net,001-150-321-9237,7/25/2013,Maintenance engineer
2094,0750f6d6aCe10b4,Cassidy,Holloway,Male,newmanandrea@example.net,001-913-777-2484x11610,10/24/1966,"Librarian, public"
2095,727f82bda7ba04d,Hayley,Pierce,Male,qhodges@example.org,373-598-6954x8534,1/15/1919,Writer
2096,bacb5eb4A2bF978,Ronald,Erickson,Male,chelseyhaney@example.com,243.958.3053,5/11/2011,Music tutor
2097,8Bcce630eCcDcfB,Crystal,Browning,Female,annette56@example.org,(001)606-5020,7/4/1934,Film/video editor
2098,56483d9c2cc3D6f,Chris,Armstrong,Male,vbarnett@example.net,094.399.1090,5/31/1977,Quarry manager
2099,4fdE6D43D225a30,Chloe,Burton,Female,burgesssandy@example.com,2556052555,4/8/1963,Physiological scientist
2100,0C8c7BfE9C3038F,Levi,Yang,Male,rose23@example.com,+1-473-993-8525x7409,8/15/2001,Higher education careers adviser
2101,76E720DadAccdcB,Rickey,Rowe,Male,meadowskaitlin@example.org,(096)788-2253,3/6/1931,Actuary
2102,5D4C9fbC5d93fCA,Robert,Burns,Male,bboyer@example.org,001-774-181-5265x55785,9/23/1975,"Geologist, wellsite"
2103,b6cE7A2Cccb474E,Madeline,Macdonald,Female,debra32@example.com,(127)328-0714,12/7/2011,"Engineer, manufacturing"
2104,4507811da8D12ba,Lisa,Ortega,Female,pchristian@example.com,464-783-5396x1992,3/3/1962,Charity fundraiser
2105,292976f77Ae9529,Jaime,Coffey,Male,gmurray@example.com,(415)169-8026,5/17/1971,Maintenance engineer
2106,Ec1e1f6742A7656,Jaime,Salazar,Male,garzajillian@example.org,(527)948-8187x189,10/4/2017,"Engineer, automotive"
2107,c792E099c92c707,Anne,Blair,Male,wisejoan@example.net,+1-355-385-7533x95082,9/21/1995,"Librarian, public"
2108,39189024C074F5F,Ebony,Perez,Male,dbenjamin@example.net,-10477,2/7/1912,Data scientist
2109,6bBDAcbe7eBf4b6,Tanya,Craig,Male,swilliams@example.org,134.814.3482x05953,11/8/1992,Dispensing optician
2110,eEDD6E4fe9f5D55,Tom,Perez,Female,albert70@example.net,356-462-2884x3943,5/28/1961,"Editor, magazine features"
2111,51E7e1EC31aB0c6,Jordan,Kemp,Male,paulstewart@example.com,761-894-6429x34542,10/7/2019,Media buyer
2112,B14a40dF4f7fFEE,Adriana,Hawkins,Male,phillip04@example.org,993-394-6333x036,4/19/2012,Commissioning editor
2113,DcbE9ab7B6b9304,Teresa,Erickson,Male,gordonalbert@example.com,132-893-2518x277,5/8/1997,"Therapist, art"
2114,BdC8DDfC4bCdAE2,Cynthia,Hawkins,Female,arthurmiranda@example.net,001-756-771-8520x00072,12/8/1912,Advertising account planner
2115,D493A3e67dDeaf4,Malik,Davies,Male,pamelamccann@example.com,192-090-4688x124,3/10/1964,Charity officer
2116,e3a85Ad61daf5Ba,Dorothy,Woodard,Female,mcleanmandy@example.net,(849)506-3001x84886,7/25/2020,Telecommunications researcher
2117,53D8b5F0FaF6778,Sydney,Lynn,Male,ptownsend@example.net,+1-139-933-7153x89607,5/25/1946,Community pharmacist
2118,cDF4D9B3E92Ff0a,Isaiah,Underwood,Male,flowerskatelyn@example.org,001-261-612-9928x416,10/2/1967,Plant breeder/geneticist
2119,82B86F6618Ecfa3,Tamara,Bautista,Female,hodgejoe@example.org,5962103705,8/31/1967,"Civil engineer, consulting"
2120,9008DC1dfB7968e,Jodi,Espinoza,Male,leon92@example.org,(026)971-2576x67855,3/27/2004,"Geologist, wellsite"
2121,Ff1D0f004deB2Ce,Zoe,Andrade,Male,bridgetmonroe@example.net,(231)319-7406x19966,5/30/1967,Building services engineer
2122,bCD140bd1C88D35,Cathy,Stevens,Male,maldonadocaroline@example.org,933.841.0902x815,9/16/2003,Firefighter
2123,48DbDCceC1Eeb1E,Shelby,Roach,Male,kevin64@example.com,(375)683-7571x2767,8/30/1972,Mining engineer
2124,1c0ea90fa671142,Michelle,Aguirre,Female,alfredvelasquez@example.org,(238)270-9192,2/16/1927,Sports coach
2125,6d05E1f4E0F255f,Drew,Houston,Female,simonwillie@example.net,001-035-287-7606x746,11/12/2010,Writer
2126,E77aFF2b0E3aadc,Darren,Chapman,Male,hestertanner@example.com,116.839.4185x8052,3/7/1964,Fashion designer
2127,26e5B79C644B4B9,Rachael,Ferrell,Male,jayodonnell@example.org,+1-276-843-8703x9594,4/17/1964,Broadcast presenter
2128,A8f1ddcf9B198bC,Angel,Escobar,Female,gdudley@example.net,740-477-2410x60999,5/13/1941,Veterinary surgeon
2129,1Ee2dfe94a7ef94,Denise,Bates,Male,nguyenlacey@example.net,-8990,10/13/2005,"Therapist, sports"
2130,bFCb7494527CeEd,Dale,Simpson,Male,paulturner@example.com,7884836493,2/27/1991,Aid worker
2131,758BfDd8FEFfc6C,Kendra,Shepherd,Female,richarddennis@example.com,620-711-5660x83886,11/7/1964,Advice worker
2132,DA0C965eeC03fDA,Victor,Huang,Male,angie91@example.com,-8488,8/24/1926,Tax adviser
2133,3E8F18DD2b7a84F,Julian,Villa,Male,gibsoncarlos@example.net,(432)055-8601,3/18/2014,"Editor, commissioning"
2134,8D518FBd82Df2E3,Tracy,Montes,Male,alejandromassey@example.net,+1-623-883-0002x517,1/8/1917,"Engineer, production"
2135,8c651D1F28Feca8,Ricardo,Joyce,Female,bridgetbuckley@example.net,2600705767,2/22/1951,Drilling engineer
2136,F894AcAFea29bfa,Kirk,Lam,Male,parrishbrett@example.net,860.884.2781,7/4/1984,Barrister
2137,8aC2d15bBca7eC6,Cynthia,Baxter,Male,jeaton@example.org,(598)643-3181,3/24/1965,Public house manager
2138,D9DD97D8F75cB6A,Eileen,Page,Female,agregory@example.net,9583088646,6/20/1915,Charity officer
2139,a6688Dc5Cdac3aa,Dan,Hooper,Male,alan36@example.org,481-839-0948x36429,8/13/1927,Artist
2140,ACEEFeb9c6Ba412,Alexandria,Myers,Male,grosstracey@example.org,412-579-5991,10/17/1971,"Radiographer, diagnostic"
2141,D1E5CF1FDd1BBfa,Sara,White,Male,kiddlogan@example.net,+1-354-768-7126x84116,6/4/1957,Catering manager
2142,EB6bD2446b7DF6B,Christie,Prince,Male,kirbytravis@example.net,(216)778-1560x127,7/26/1907,"Teacher, secondary school"
2143,AEF38Db1faA2cB2,Cassidy,Palmer,Female,bowersnathan@example.org,(567)318-3259,7/2/1926,Textile designer
2144,b386Db0821a0C7b,Nina,Richmond,Female,doris97@example.com,549.162.9691x819,10/24/1944,Ranger/warden
2145,fD743d14d3dDf7b,Gabriel,Osborne,Female,madelineperry@example.org,008.695.6396,12/28/1940,Geoscientist
2146,bbDf8ea29A8beC3,Jean,Turner,Female,jacob62@example.com,285-708-8818x027,3/24/1969,Agricultural consultant
2147,5B8d9beAAca3CE5,Colin,Deleon,Female,rosemanuel@example.net,620563915,2/28/1979,"Psychologist, occupational"
2148,DDf4f2FEbf57dbA,Corey,Frey,Female,echan@example.net,(523)175-1682x50701,1/5/1929,"Accountant, chartered"
2149,f5fda1Df054Cb77,Lydia,Leach,Male,bradysuarez@example.net,305.432.8124,12/22/1977,Fine artist
2150,6Bcfd7B9df5E8bB,Joanna,Edwards,Female,ichung@example.org,463.237.5588x4204,10/7/1923,"Teacher, early years/pre"
2151,e15aceC4BeD1B2B,Angelica,Guzman,Male,hbyrd@example.com,101-869-3786x7487,6/26/2021,"Chemist, analytical"
2152,fbEF42DF08D2cAa,Gerald,Brooks,Female,kayla11@example.com,361-482-0687x0177,12/6/1975,"Education officer, environmental"
2153,307f57122C0fD84,Mia,Leonard,Female,ihiggins@example.com,001-882-099-5858x3228,6/28/1909,"Programme researcher, broadcasting/film/video"
2154,2fFA02dB9baF2DC,Sheryl,Parrish,Female,iarnold@example.com,001-480-692-0568,12/7/1924,Interior and spatial designer
2155,bf23BFE3cF0aF90,Dale,Mcintyre,Male,vhoover@example.net,558.062.8330x149,5/11/1961,Theatre stage manager
2156,5FddcaD1DAC740c,Cynthia,Patel,Female,clarence99@example.net,(128)283-9660x576,3/11/1982,Financial planner
2157,Accab5DfaAf1FDa,Taylor,Shannon,Female,georgekim@example.net,318-654-9999,9/22/1962,Environmental health practitioner
2158,7c971dcf1c94C34,Jamie,Berry,Female,darlenehall@example.com,001-322-444-1058x207,11/8/2004,Firefighter
2159,b2498c2B488fB1D,Jacob,Sampson,Female,dalton21@example.net,813-389-1615x23269,10/11/1969,Private music teacher
2160,CeA0afE5342ed54,Vicki,Joseph,Female,tim91@example.org,(832)707-0814x2788,9/8/1923,"Teacher, special educational needs"
2161,EB3A4765adBE6C5,Janet,Keith,Female,sriley@example.org,675-574-1552,2/7/1938,Exhibition designer
2162,dA9c3bF8c71B9ff,Shawna,Hancock,Male,tasha89@example.net,9208095990,6/12/1968,Exhibition designer
2163,dABaA0EB3C5ddc0,Emma,Sweeney,Female,colin86@example.org,921.356.3455x4027,9/9/2012,"Geologist, wellsite"
2164,0cF44eeA2bc12f4,Jane,Potter,Male,eberg@example.org,-2004,2/13/2005,Tax adviser
2165,1a0Dc5FCD7BE8C9,Kaylee,Beltran,Male,zhangmallory@example.net,381.543.7420,3/15/1967,"Doctor, general practice"
2166,f2e1F80BEeAeBeD,Eileen,Good,Female,dpennington@example.com,1361101311,12/4/1996,Clinical research associate
2167,4D4FEAced5c9bbD,Debra,Robertson,Male,estespenny@example.org,156.570.2510x42248,10/10/1942,"Producer, television/film/video"
2168,ACceB43B0AC5bc4,Dana,Phelps,Female,riley26@example.com,381.115.0405x549,5/5/2003,Musician
2169,A1aB331f8Fe4108,Joann,Ryan,Female,sloanblake@example.com,246-210-1589x1387,12/17/1928,Community arts worker
2170,2Ea95e0ddac15B4,Phillip,Beard,Male,rivasdwayne@example.org,439.534.6439,3/24/1952,Wellsite geologist
2171,98b515e3894AED6,Dominique,Howe,Male,dan04@example.net,076-805-6705,10/6/2004,Corporate treasurer
2172,EfDAAfcdae774e0,Mandy,Williams,Male,washingtonkent@example.net,682-362-4491,4/15/1981,Chemical engineer
2173,462baA11D93d858,Charlene,Hurley,Male,chris15@example.net,5957751666,6/8/1956,Structural engineer
2174,ADEB1C7E6d372AC,Jorge,Stevens,Male,marshalltricia@example.net,743-736-6418,6/21/2000,Administrator
2175,FDD8Fc52966Ce81,Alexander,Jacobson,Female,garzabailey@example.com,670.375.4648x42388,7/16/2006,Games developer
2176,3aCc5E62fB728B2,Nicholas,Haley,Male,duanemoses@example.org,001-876-967-1410x41593,10/11/2010,Tax inspector
2177,1F3Cad7F34df0Ab,Belinda,Nash,Female,autumnmathis@example.org,+1-619-813-6852x65775,9/13/1986,Legal executive
2178,e5bAAce1f0872b0,Ernest,Sparks,Male,snowpatricia@example.org,9554213760,2/19/1934,"Administrator, education"
2179,BD44DAA78a5A9B7,Clinton,Rose,Male,qlevine@example.com,670.835.5689,12/8/1924,"Development worker, international aid"
2180,4F5EAae8061aCE4,Jason,Simmons,Female,randy62@example.org,(888)138-9769,1/14/1955,Chartered public finance accountant
2181,9d9cfca4EEbD1E6,Teresa,Todd,Male,gibbsbrianna@example.net,001-381-753-4679x084,2/26/1994,Youth worker
2182,57ab87ba8294cF2,Caitlin,Thornton,Female,tlloyd@example.org,(765)935-3079x1450,10/13/1940,"Engineer, maintenance (IT)"
2183,5aCaeF9B3079e8B,Sandra,Levine,Female,estone@example.org,001-563-785-2695,7/5/1997,"Scientist, physiological"
2184,dC4992b732aEE62,Judith,Robertson,Female,george31@example.net,001-082-190-5871x25015,10/25/1939,"Secretary, company"
2185,c5737B180778dfE,Erik,Mcclain,Female,emclean@example.com,(609)610-5567x22882,10/16/1966,Government social research officer
2186,f5DFfCd3afbaFE0,Dominic,Contreras,Male,bradleybarr@example.org,+1-269-125-2059x5659,11/27/2000,Illustrator
2187,773980AF5F0C63D,Glen,Nunez,Female,kimlonnie@example.com,407-044-7034x2432,12/5/2021,Purchasing manager
2188,63f206e49cCeA81,Hunter,Smith,Female,mccoybeverly@example.net,9038145205,12/4/1943,Television/film/video producer
2189,BdEcaADDC4E955D,Lindsey,Hoover,Male,lwerner@example.com,(210)160-2716x8745,3/28/2014,Public relations account executive
2190,a9e6CAa9d3Fc3Bb,Mindy,Macias,Male,sabrinanash@example.com,762.098.8781x9081,10/20/2006,"Pharmacist, hospital"
2191,Da2418c3E59A245,Shelia,Erickson,Female,atkinsfernando@example.net,845359515,7/26/1984,Retail manager
2192,83E79Db9a5AfBD3,Stefanie,Ramos,Female,franklinbarry@example.com,001-236-672-6032,6/29/1920,"Surveyor, building"
2193,c46CAf38d0C28AA,Douglas,Watkins,Female,zbarton@example.com,(062)322-5719x392,2/11/1931,"Biochemist, clinical"
2194,50DAaec63f2b347,Frances,Lucas,Male,brandondickson@example.org,087.498.6979x3144,12/16/1967,Amenity horticulturist
2195,fEbDA283a560d3C,Janet,Palmer,Male,chelsea38@example.org,-3594,5/3/1917,"Pharmacist, hospital"
2196,EDdaBaCafCEf0ED,Jill,Tapia,Female,hunter47@example.com,(041)037-3195x32825,7/15/1959,Senior tax professional/tax inspector
2197,F703bE2bf3a5Ad0,Kerry,Bruce,Female,teresa56@example.org,001-412-988-1839x847,3/24/1968,"Psychologist, prison and probation services"
2198,ab4b89C1FBca7F1,Jonathon,Peters,Female,hardingabigail@example.com,451-198-9800x7135,9/15/1985,IT consultant
2199,CDEdef937D0dbFd,Jeremiah,Mccall,Female,spencer95@example.com,(754)466-8380x051,12/19/1963,"Lecturer, further education"
2200,cdC8DbFdAb6BEE1,Reginald,Cuevas,Male,sray@example.org,64925743,7/10/1961,"Journalist, newspaper"
2201,5234EE331d9Bc12,Suzanne,Cochran,Female,flynnmanuel@example.org,001-002-025-7236x901,4/16/2011,Textile designer
2202,c3FbCeDcEC17BbC,Bernard,Craig,Male,philip42@example.com,(833)808-7096x656,10/27/1907,"Scientist, research (life sciences)"
2203,dB00e7CDBB82eB2,Ashlee,Stevenson,Male,carolyn35@example.org,(727)451-6221,9/23/1924,TEFL teacher
2204,eC5ABCf67D44bFD,Sylvia,Acosta,Female,monroediane@example.net,001-486-027-1718x9322,4/30/1974,"Physicist, medical"
2205,86Fab9dD6e1a40B,Vernon,Larsen,Male,pennyblair@example.net,770.251.2068x76211,9/14/1993,Accounting technician
2206,5EC6c5BccBC0029,Christopher,Mckay,Female,zbenjamin@example.com,2191759273,1/17/1995,Interior and spatial designer
2207,FDed0c4cccfCcED,Kellie,Vaughn,Female,mholt@example.com,128-341-1491x67741,8/28/1947,Optometrist
2208,feBeac8E76A900E,Jocelyn,Winters,Male,ferrellclinton@example.org,245-396-6318x07058,10/15/1906,"Accountant, chartered"
2209,c19CDDDe826e9be,Vanessa,Hester,Male,gabrielle96@example.org,192.894.8843x71661,11/18/1907,Solicitor
2210,dfA458eEdda0acc,Erika,Glover,Female,haleroberto@example.com,1290536866,8/28/1918,Consulting civil engineer
2211,bCAb50c8B3AEffc,Sandra,Greene,Female,vnelson@example.net,345.018.7514x03580,10/15/1981,Science writer
2212,5f0bf9ddCbd4C86,Tonya,Good,Male,albertshepard@example.org,001-410-203-1706x337,1/23/1920,"Accountant, chartered public finance"
2213,fdFF08144DCeafC,Tammy,Ruiz,Female,caleb81@example.net,(143)126-3242x348,5/13/1945,Town planner
2214,Eadcd0D15f677D5,Juan,Irwin,Male,mayorobert@example.org,778-236-6087,1/22/1930,Insurance risk surveyor
2215,D2ACd3BC134c9D9,Johnathan,Gay,Female,ystevens@example.org,+1-322-999-7557x40270,1/20/1924,Manufacturing engineer
2216,e5DEdC064eDE3C4,Shirley,Brewer,Male,tuckerzachary@example.net,343.941.7838x797,3/13/1992,Forensic psychologist
2217,212f285325eE43e,Belinda,Joseph,Female,jschmitt@example.net,001-171-651-7632x36724,9/22/1984,Hydrogeologist
2218,680A18A1Ca7Fd9A,Evelyn,Rivera,Female,wcosta@example.org,(407)523-0268x99036,3/22/1952,Automotive engineer
2219,C6db480Cf60e8Ef,Mackenzie,Donovan,Male,zhangcalvin@example.org,001-366-483-1383x42088,7/7/1952,Adult nurse
2220,C8f4D61fCAcBDca,Paige,Hull,Male,pattersonronnie@example.net,479.781.7525x558,11/1/1954,"Scientist, product/process development"
2221,bEdeB29160abfEb,Alison,Conway,Female,herrerafred@example.com,+1-732-886-9856x873,9/7/1973,Forest/woodland manager
2222,271daA50613d2Ec,Laurie,Guerrero,Male,tanyaguerrero@example.com,048-958-3135,6/2/1923,Broadcast presenter
2223,D0A78ee963EB70D,Cameron,Trevino,Female,douglascortez@example.net,(408)727-8466,10/14/1914,Sub
2224,46CfBb69bDF776F,Albert,Werner,Female,dawsonevan@example.org,+1-173-025-3110x54629,9/2/1916,"Doctor, general practice"
2225,5527fbaD58E3ED2,Lori,Montoya,Male,ricardochaney@example.com,-6514,7/2/1957,"Presenter, broadcasting"
2226,5dBc5beDa9F2beB,Tanya,Collins,Female,stefaniegraves@example.org,001-217-420-9166x0985,1/15/1986,Barrister
2227,faecf0F2dC0E3Cf,Hannah,Stout,Male,kristina77@example.com,489-205-2349x4092,9/22/1962,Fish farm manager
2228,5A5CD2Bcf5BcCe6,Roger,Benson,Male,bonniebecker@example.com,176.136.1201,7/13/1913,Database administrator
2229,Cb4602A7e2EdD23,Kylie,Long,Female,kyliesalinas@example.org,778-607-2217x56105,11/16/1927,Purchasing manager
2230,062B9A8cFaaeEAA,Bruce,Velasquez,Male,kimberly91@example.org,483.620.2379x382,9/24/1952,Retail merchandiser
2231,CF51Ce906CcaBA3,Jo,Stein,Male,roger77@example.net,927.886.5903,10/31/1939,Horticultural consultant
2232,e6BdD6C8bAB30D0,Chloe,Dougherty,Male,bobby35@example.com,314-345-1648x65237,7/4/1945,Volunteer coordinator
2233,a898899325A65cC,Herbert,Bartlett,Male,sanderslarry@example.com,(725)638-8336,4/14/2009,Armed forces operational officer
2234,CF8faa54725Ef05,Rick,Clark,Female,sanchezdawn@example.com,346-558-4810x5809,3/18/1923,"Geologist, engineering"
2235,6A03f7D00fF9eD2,Jodi,Mcbride,Female,richardjeremiah@example.com,990-260-8062,8/3/2009,Art gallery manager
2236,b7E406acdAfa0ce,Samantha,Watson,Male,ybailey@example.org,-9982,11/1/1922,Trade union research officer
2237,14D8db761CAbEDF,Sherry,Dodson,Male,arroyokeith@example.net,(476)425-0047,3/8/2012,"Restaurant manager, fast food"
2238,EaC15ABaABf4C31,Stephen,Riley,Male,pchambers@example.net,(868)384-5658x15350,11/7/1933,Event organiser
2239,93c966d7A7Ebb5f,Melinda,Kemp,Female,dennisdyer@example.org,001-566-852-7386,8/31/1907,Broadcast engineer
2240,CBb20EB1cAdd69F,Diamond,Keller,Female,ihaynes@example.org,353.553.5001,1/16/1953,Corporate investment banker
2241,E73F487CD0f39BF,Betty,Archer,Female,owhitaker@example.org,(884)423-0895,7/16/1915,Armed forces operational officer
2242,FFbBE64e342Dd2B,Courtney,Davies,Female,dillon16@example.net,751-800-6180x790,6/27/1964,"Surveyor, quantity"
2243,3cd0b2C1d6FC3EE,Chelsea,Robbins,Female,ablevins@example.net,8135460815,10/23/1983,Social worker
2244,40E60d9AADE7996,Ariel,Cantrell,Male,davidsonkelsey@example.com,795.398.2440,11/9/2006,Retail merchandiser
2245,aCfD584Ef74Ccd4,Luke,Adkins,Female,cristinabarber@example.net,207-187-8904x094,4/12/1949,Consulting civil engineer
2246,FBc3E1C2A0BbCC8,Aimee,Watts,Female,mccannbrian@example.org,207.790.5306x69716,10/4/1929,Counselling psychologist
2247,F1B5db89E8cE651,Doris,Orozco,Male,mrobles@example.com,5057159146,5/30/1909,Site engineer
2248,718E8FA8B4ad72e,Suzanne,Sandoval,Male,chasevernon@example.com,+1-909-069-2814x628,9/16/1983,"Physicist, medical"
2249,0ed7A406Aa80Afb,Tabitha,Espinoza,Female,pamballard@example.org,478.274.2335,9/29/1949,Agricultural consultant
2250,8e0C9FBAd9aC4AE,Chad,Santana,Female,wgarrison@example.org,+1-246-437-4278x39713,6/30/1981,Contractor
2251,e7388CDD0DFED0c,Kelly,Pugh,Male,adkinsyvette@example.net,826-333-5419x612,9/22/1983,"Solicitor, Scotland"
2252,c02aa5cF3A7ce2d,Riley,Price,Male,monica68@example.net,177-971-8591,1/28/1946,Freight forwarder
2253,d9DA13d6fA3e6dC,Christine,Guerra,Male,jerry42@example.com,9474335485,12/12/1935,Archaeologist
2254,61B9BEE98FA2fdc,Wesley,Hayden,Female,gonzalesolivia@example.com,099.007.3646,2/15/1991,Adult guidance worker
2255,1d47F178A5c7DCc,Grant,Pruitt,Female,dsoto@example.net,934-326-2866x2162,12/23/1906,"Development worker, international aid"
2256,6bbdff4D0Db3970,Chris,Mccoy,Male,vanessacastillo@example.org,(905)923-9647x7796,11/7/1929,Music therapist
2257,5E0c1cac8faA1f7,Vanessa,Black,Male,andres36@example.org,288-581-2193x0405,12/31/1982,Geoscientist
2258,229cD3F5B6e2ff1,Sabrina,Pierce,Male,mcmillanlorraine@example.net,434-804-9605x0294,9/16/1946,"Programme researcher, broadcasting/film/video"
2259,536A4Cb3E76FE99,Ana,Grant,Male,cristianriddle@example.org,-5954,10/28/1945,Bookseller
2260,A4de5D4b0B9369e,Levi,Davies,Male,noah45@example.net,322.374.5550x75424,2/18/1907,"Engineer, civil (contracting)"
2261,5e42e1cd3bf8B72,Angie,Ellis,Male,thomasguerra@example.org,-1302,5/1/1997,Pharmacologist
2262,46CdAa9BA927ca7,Melinda,Gonzalez,Male,diane18@example.net,(932)158-8211,12/31/1959,Sports coach
2263,6b010513fc0Abb4,Marvin,Fox,Female,floresbenjamin@example.org,046.337.6528x35694,5/11/2007,"Journalist, magazine"
2264,fdacD665Eb0c9aa,Mason,Fisher,Female,joannaandrews@example.com,+1-962-862-8907x585,5/11/2015,"Engineer, agricultural"
2265,e349c685237baca,Willie,Ali,Male,migueleaton@example.net,233-159-0301x407,11/13/1957,"Engineer, broadcasting (operations)"
2266,8A595c5205F05B3,Mathew,Hays,Male,rroberson@example.org,933.672.8630,12/10/1919,"Accountant, chartered management"
2267,e1dd9Bb88Cd5f16,Ronnie,Prince,Female,angelpatton@example.org,2780371767,2/24/1974,"Designer, jewellery"
2268,2Cc9FDA8B26AFBC,Taylor,Giles,Female,kellermelanie@example.net,(200)195-8865x216,5/14/1936,Freight forwarder
2269,4beeAFfDde000eF,Joan,Fitzpatrick,Male,dennisshaun@example.org,001-032-626-6996x388,10/8/1913,"Education officer, museum"
2270,C1e2d5D03573aB0,Kim,Hays,Female,hli@example.org,816.839.8744,3/12/1908,Health visitor
2271,3aFBDcB7DE0Fe9c,Drew,Curtis,Female,francis01@example.com,091.327.8832x698,9/5/1978,Media planner
2272,AC27bAa5A7f80Bb,Grace,Terrell,Male,kyliegamble@example.com,756-096-7546x622,3/11/1922,Minerals surveyor
2273,f1fedAb7D9a6d8C,Cassie,Hoffman,Male,xhuffman@example.net,(782)772-3732,2/15/1937,Editorial assistant
2274,510fef5D5143aFe,Suzanne,Cabrera,Male,angie37@example.org,714-595-5318,12/16/1942,Archivist
2275,f7Eb0bCe5C7FEca,Hailey,Saunders,Female,hcombs@example.com,002-824-4587x43475,4/28/1961,Furniture conservator/restorer
2276,Cce246CbCDF777a,Tammie,Skinner,Female,jacksonmarshall@example.net,617-978-1391x519,5/24/2012,"Psychologist, occupational"
2277,7f6C69Ab6fEafFA,Eduardo,Rush,Female,laranicole@example.net,(586)208-4731x949,5/24/1999,Sport and exercise psychologist
2278,bcFeb21570616A5,Martha,Swanson,Female,harry64@example.com,+1-107-168-5670x63215,12/25/1970,Financial adviser
2279,194DbA48CD1CFbD,Leonard,Ward,Male,pclarke@example.com,081.734.0614x46603,7/31/1910,Fitness centre manager
2280,EEA1ad09fcD6E23,Colton,Gray,Male,shane32@example.net,001-767-348-3315x152,5/21/2008,Trade union research officer
2281,2bE1dfff7d8a3BA,Carlos,Bauer,Male,jchristensen@example.com,001-226-784-7988,8/19/2005,Oceanographer
2282,A363B18f4FE9d5B,Jo,Parsons,Female,antoniohendrix@example.com,928-306-8115,7/27/1934,Television camera operator
2283,6b1EB13f069fA39,Karla,Collins,Female,wdurham@example.com,(541)299-0945,2/25/1975,Restaurant manager
2284,ddd6ad4E095ee23,Deborah,Sutton,Female,phyllismclaughlin@example.org,001-413-843-7979x8405,8/30/1959,Horticultural consultant
2285,9C5b7b20fD60feA,Leroy,Zavala,Male,wernermario@example.net,(346)771-6365x27765,12/28/2000,Learning mentor
2286,15DEf2a76fb5ccf,Tamara,Browning,Male,webermaurice@example.net,361-972-3255,9/26/1943,Homeopath
2287,9E47E0A2aa386cE,Alec,Esparza,Female,solisvictoria@example.net,868.154.1818x35464,1/10/1964,Hydrographic surveyor
2288,ffb87810f7338Fe,Cindy,Leblanc,Male,allen50@example.net,001-086-966-6377x90161,9/21/1947,Video editor
2289,4D8e03e1B2d7aBe,Alexandra,Cobb,Male,sabrinagentry@example.org,+1-711-372-8488x6752,7/12/1989,"Teacher, primary school"
2290,AEF28f77a94bcE2,Shane,Woodward,Male,frederickgarrett@example.net,975.859.9141x09153,10/15/1957,"Embryologist, clinical"
2291,B1C4DF5ffD3cdeC,Jorge,Marquez,Female,carla43@example.com,268-119-4824,10/15/1929,Teaching laboratory technician
2292,d17DDF0E1E160bA,Arthur,Huber,Male,mallory53@example.net,-8479,7/15/1947,Water engineer
2293,8fb0AA5d8aB8e19,Drew,Travis,Female,kayleebeltran@example.net,369.843.2652x946,7/24/1946,"Engineer, structural"
2294,Cffd5F7779A8F03,Chloe,Howard,Male,debra36@example.net,(470)852-5813x37060,3/5/1939,Chartered loss adjuster
2295,DcACFa07Ec68E2D,Elizabeth,Nash,Female,kristiclayton@example.com,+1-165-698-1900x734,6/15/1932,Restaurant manager
2296,9e1b0F6Da206BdB,Alisha,Hutchinson,Female,gonzalezcarla@example.com,587221218,1/20/1915,Medical illustrator
2297,Cbdfe254d12b49a,Dylan,Livingston,Female,tanyahorn@example.com,+1-899-369-0774x017,10/19/1934,Broadcast engineer
2298,bc3214c467Db6Dc,Grant,Griffith,Female,finleyolivia@example.com,133-887-3705x83675,12/4/1964,Environmental manager
2299,ecb4dbB602962DF,Trevor,Gardner,Male,samuel59@example.org,018-255-5363,5/21/1919,Planning and development surveyor
2300,795D7AFa6D311Be,Joyce,Ruiz,Female,hflores@example.net,847-115-1268,10/12/1936,Insurance claims handler
2301,583854ABcE1867D,Dean,Gates,Male,gilbertshelley@example.com,865-933-8693x507,4/17/2004,"Therapist, nutritional"
2302,Fcf8D4AB4c5c96c,Ruben,Pruitt,Female,adam84@example.org,358.144.9408,9/25/2003,"Journalist, magazine"
2303,3cBD6d8DfBBB968,Jillian,Mcdowell,Female,sheenanorris@example.net,786310127,9/23/1976,Radio producer
2304,01feA02EBb57FCE,Darren,Marks,Male,kurt82@example.org,001-991-931-2289x927,1/4/1998,Land/geomatics surveyor
2305,8B87dF97d3EaCAB,Crystal,Vang,Female,rpatrick@example.com,+1-701-697-8808x292,3/3/1950,Dentist
2306,8a83F73a3401ad6,Gabrielle,Yu,Male,carlsexton@example.org,353.575.9621,8/25/2010,Ergonomist
2307,b0e20144bc72301,Michele,Booker,Female,ebony45@example.com,245-646-5647x9685,3/10/1938,"Conservator, museum/gallery"
2308,E5E809F05D1cca8,Darryl,Swanson,Male,hdouglas@example.org,001-406-913-6197x41282,10/29/1922,Hospital doctor
2309,98Ea14BBb2eAd4e,Olivia,Rocha,Female,mbooth@example.net,178-990-0742,12/1/1946,Research scientist (medical)
2310,F04FEFbC14c6Af8,Ryan,Bowers,Female,mmarsh@example.net,911.166.8636x763,9/25/1919,Art therapist
2311,FcDA9e3adFBD0e8,Crystal,Briggs,Female,darlene54@example.net,(128)604-4482,12/19/1983,"Journalist, magazine"
2312,3E28d3aDC0B105D,Kaylee,Mason,Male,byrdjake@example.org,513-637-0662,1/11/1909,Records manager
2313,C23217fdDEE35dB,Geoffrey,Mays,Male,gnorton@example.com,001-070-685-8117x146,1/28/1919,Brewing technologist
2314,5183aBEFb5B76A2,Nathan,Stone,Female,larachloe@example.com,-1915,8/23/1995,Transport planner
2315,43B33CcAd1daf1c,Raymond,Chandler,Male,efrank@example.org,001-844-630-3074x5685,7/8/1961,Dealer
2316,DD18D0a40Bb6f39,Sophia,Le,Male,kduke@example.net,170.206.6475x55338,6/5/2021,Dance movement psychotherapist
2317,b0BefF1e6079A9C,Kara,Cummings,Male,montesdonna@example.com,822-761-7355x474,8/8/1976,Psychiatric nurse
2318,02d9C50c855d68f,Cody,Macdonald,Female,lozanonicole@example.net,762.489.0531x83265,8/1/2007,"Administrator, sports"
2319,a2B67B4Beab87Da,Doris,Garrett,Male,kwang@example.com,+1-151-515-7076x326,6/14/2003,Museum education officer
2320,b4BcCdFf673AFED,Gregg,Rosario,Female,tiffanystark@example.net,387-260-3189x86090,10/14/1912,TEFL teacher
2321,117B70BEE8Eb6Ed,Jerome,Chase,Male,mary22@example.net,+1-695-772-7963x2243,2/12/1973,Environmental consultant
2322,7FAECBAE0a35EB6,Seth,Williamson,Female,hollybridges@example.com,726.765.1884x509,6/12/2016,Health physicist
2323,a7bFBab7CCAdC02,Eugene,Terrell,Male,jessica12@example.net,001-796-504-1441,1/6/1936,"Education officer, museum"
2324,8DE36F7b63EFfaC,Patty,Fields,Male,harryballard@example.org,569-139-7054x09181,7/12/2003,Chartered legal executive (England and Wales)
2325,a0C81e2eBa04DC9,Jocelyn,Cannon,Female,escobarkevin@example.com,352-898-2539,3/10/1940,Sports administrator
2326,73cc6AD9236f3c4,Mercedes,Webb,Female,brad91@example.org,079-073-7845x868,8/10/2018,"Buyer, retail"
2327,bc84bd78Cb11c73,Brandi,Mclean,Female,zjenkins@example.org,813.574.0629x786,9/19/2006,"Scientist, biomedical"
2328,8faEBe3bcB098e9,Gene,Randall,Male,parker85@example.com,840.059.6895,3/9/1957,"Secretary, company"
2329,CA8A4040fb7A8Ab,Sonya,Ali,Male,mercermia@example.org,904-896-1611x48024,6/9/1996,Network engineer
2330,9e8e8fC82D336eB,Sara,Whitehead,Female,rherman@example.net,001-524-568-5236,7/14/2019,Make
2331,62b8B220768Dfdf,Jesse,Forbes,Female,joseph77@example.net,364.299.7354x6096,3/21/1979,Colour technologist
2332,21572f9E6d790AD,Sherri,Moss,Male,privers@example.net,001-193-195-9557x0103,6/9/2000,Police officer
2333,2Da0b9e5b87b089,Ashley,Ballard,Female,thorntonjake@example.org,965-141-0648x48288,7/9/2010,"Investment banker, operational"
2334,f0CcdA8c452AC88,Rebekah,Zhang,Male,shelly39@example.net,049-095-1792x62181,11/18/1932,"Engineer, site"
2335,Ed57AB546A0bdcb,Lydia,Sawyer,Male,fbright@example.com,001-328-676-6933x7083,9/15/2003,Learning disability nurse
2336,6fefC52Ec2EaFEB,Christina,Stark,Female,chelsey48@example.org,001-724-139-6909,1/23/1938,Production manager
2337,Cdf1a3cBeA7579d,Trevor,Bowen,Male,adrianaherman@example.org,001-229-292-5188x726,2/21/2000,Copy
2338,bbfB1b6EaF2BaDf,Leroy,Jackson,Female,vargastheodore@example.com,(518)401-4452x9137,7/9/2001,"Engineer, materials"
2339,5aC76d9df5D7EeA,Chloe,Oliver,Male,ariasamanda@example.net,+1-327-838-0061x0994,3/22/1986,Materials engineer
2340,FbEF17bE41BFaEe,Sandra,Combs,Male,slozano@example.org,-5425,11/8/2012,Health promotion specialist
2341,8355DcbCB5f1E07,Sydney,Wood,Female,veronicabeard@example.com,(524)651-6228x7378,3/15/1935,Accounting technician
2342,Cf38357aC9De742,Martin,Reed,Male,dchristian@example.net,(555)886-6221x91848,12/15/1914,"Scientist, water quality"
2343,39e8cBfF0db6c6E,James,Torres,Female,evan73@example.org,875-536-4505x698,8/23/2017,Armed forces logistics/support/administrative officer
2344,AE5d440dD639d2C,Lauren,Castaneda,Male,sherryallison@example.net,001-576-729-6642,3/18/1996,"Nurse, mental health"
2345,d66bDeB8aBE5E31,Tanya,David,Female,savageearl@example.com,(185)885-0081x9904,9/6/1909,Emergency planning/management officer
2346,f60fBB9e4Cd6Bac,Madison,Washington,Male,ramirezduane@example.org,559-960-1739x621,3/30/1996,Water quality scientist
2347,F0F956CcEfDAdc5,Francis,Weeks,Male,sherrera@example.org,302.568.4015x0262,4/8/1958,"Merchandiser, retail"
2348,CFE9dE31cf85D76,Krista,Shepherd,Female,cfrye@example.org,064.684.2530,7/31/2021,"Designer, jewellery"
2349,Bc0EC2e029A06EA,Wyatt,Ortega,Male,fernandoclay@example.com,001-798-937-8954x475,3/4/1934,"Psychologist, sport and exercise"
2350,79EFa25C5a11EaB,Jeremiah,Vincent,Female,reginaldjenkins@example.net,923.224.2004x1047,10/23/1913,"Editor, commissioning"
2351,A46e309FB65A182,Bethany,Castro,Female,dwayne91@example.org,592-286-2296x511,12/5/2020,Curator
2352,2A981CceCCCa066,Joe,Bullock,Female,renee79@example.org,850-912-7074x73337,7/16/1989,Drilling engineer
2353,3CEa9efE2084f15,Herbert,Montoya,Female,icaldwell@example.net,(442)339-5892,5/24/1918,Medical physicist
2354,1e00C83d1CBDbC1,Diana,Blevins,Male,vperry@example.com,001-631-187-0672x17057,4/11/1995,Firefighter
2355,0e41D8d218bF7fe,Jeanne,Ramos,Male,aarellano@example.net,646-416-2797,2/27/1939,Horticultural consultant
2356,B43e61E973a247F,Joanna,Contreras,Female,gordon61@example.net,-8555,2/11/1971,Chief of Staff
2357,7e0DdFee5A98bF0,Denise,Pace,Female,ilin@example.net,306-160-9664x45610,12/20/2013,Brewing technologist
2358,D832d1FfBeAC3a4,Earl,Faulkner,Male,charlene34@example.org,164.466.2315,4/10/1992,"Engineer, electrical"
2359,A08db4A80f565fc,Marc,Aguirre,Male,amolina@example.com,(099)076-0150,4/6/2022,Recycling officer
2360,F2f8eD4ECB0b65F,Jake,Gilbert,Female,lawrencebarrera@example.net,(832)029-5312,12/22/1906,Software engineer
2361,De356D57FaFD1fb,Marie,Lyons,Male,barbara64@example.org,479-099-9442x149,6/27/1966,"Nurse, mental health"
2362,Baeb39fe7d6E6aB,Joanna,Bennett,Male,kclements@example.com,001-901-687-2568x6342,6/20/2011,Amenity horticulturist
2363,7dF03EdCFeA47cD,Lori,Brennan,Female,malloryfriedman@example.com,454-761-6063x150,3/27/1943,Risk analyst
2364,2F41aFc05CdB388,Briana,Bass,Female,hutchinsonbrianna@example.com,948.906.1951x15004,8/4/1956,Mudlogger
2365,6985c44b82Ab5f0,Sheila,Mercer,Male,wgrant@example.com,075.341.2245x9238,8/31/1923,Training and development officer
2366,aB47Fe8b817B541,Cesar,Steele,Male,tblevins@example.net,001-635-234-0064x80070,8/15/1933,"Therapist, occupational"
2367,70AF1BcF7e8B127,Alice,Chan,Male,montestami@example.net,+1-919-963-5607x509,12/30/2017,Geophysicist/field seismologist
2368,EAccC2C48d2714D,Madison,Clay,Female,cookeyesenia@example.com,+1-698-090-8914x04738,10/20/1959,Clinical psychologist
2369,6d3CF6A55d4DD3D,Jorge,Thornton,Female,jo38@example.com,001-361-564-1527,6/20/1946,Senior tax professional/tax inspector
2370,df3feDACF059D2D,Adrian,Faulkner,Male,dhogan@example.com,001-786-135-8157,5/5/1964,Medical laboratory scientific officer
2371,e55feEB2bcb1E62,Mindy,Osborne,Female,jacksonricardo@example.org,538.361.0702,6/1/1972,"Embryologist, clinical"
2372,0EC2680Ef60F7aB,Brenda,Jimenez,Male,nweeks@example.net,(721)039-1573x7031,4/25/1967,"Geologist, wellsite"
2373,d2bfe99BAb0e75C,Abigail,Moss,Female,hendricksdave@example.org,673.357.3078x04630,5/6/1923,Private music teacher
2374,F8E7C4dCa34A2af,Chad,Daniel,Male,loriblake@example.com,(796)101-8773x190,5/23/1921,Armed forces logistics/support/administrative officer
2375,6fd2D0e35a922e7,Juan,Jackson,Male,williemclean@example.com,-1668,10/15/1983,"Social research officer, government"
2376,E8b23B27dD8DE0f,Jeffrey,Boone,Female,msnyder@example.net,037-422-8621x1764,1/12/1972,"Designer, fashion/clothing"
2377,D7C298BEF7AEc65,Felicia,Hardy,Male,kerry57@example.net,(249)318-2999x23822,10/23/1982,Curator
2378,20D0dFBc2d3cb9A,Cindy,Levy,Female,qkennedy@example.com,001-725-987-5914x8977,11/22/1947,Drilling engineer
2379,2dCaaF36CB8622B,Pamela,Heath,Female,kstein@example.com,001-381-830-6837x46028,8/14/1917,Tourist information centre manager
2380,8ab6aE5d4a3c2DC,Melinda,Price,Female,mmyers@example.org,276-905-5797x05240,1/6/2021,"Teacher, primary school"
2381,ad63e81A8Aaf285,Vanessa,Heath,Male,ublair@example.net,018.660.0058,1/20/1955,"Designer, industrial/product"
2382,6Ada2bdbC4aFb4E,Stacie,Dunlap,Female,cantrellsamantha@example.com,001-697-237-0981x68317,11/20/1996,Financial planner
2383,acD2054Ae27b9af,Sheila,Good,Male,mclaughlinchase@example.com,+1-193-025-7008x7832,3/6/1968,Communications engineer
2384,4da98a7A7aF0FaE,Krystal,Potts,Female,mmcdaniel@example.com,001-272-506-0250x538,11/13/1956,Catering manager
2385,42Ca2e7bCd02fEB,Rickey,Ortega,Female,pstuart@example.com,747-432-4719x4718,2/21/1981,Advertising account executive
2386,a9f35b89bceC156,Desiree,Chandler,Male,mikaylahull@example.com,(271)905-9614,7/12/1922,"Solicitor, Scotland"
2387,Ec79d03b6fFc66B,Francisco,Singh,Male,neilmora@example.org,-8468,4/14/2001,Chief Operating Officer
2388,9B811cF2089fd46,Isaac,Lozano,Male,cshort@example.net,001-324-811-8272x386,4/10/1977,"Programmer, applications"
2389,E6dFe49aA5Ff9cC,Alexandria,Walker,Male,herringbryan@example.com,582.101.4362,12/7/1943,Market researcher
2390,dE53DfCAa05D5FF,Cassandra,Leonard,Female,gail04@example.com,(467)087-3244,12/2/1964,Higher education lecturer
2391,aaA7968e8b6dC9a,Miranda,Travis,Female,mackenzie68@example.com,7650256192,1/31/1913,"Engineer, broadcasting (operations)"
2392,3C6A4f797D73B5a,Peter,Spence,Female,hayden36@example.org,501.698.0157,9/6/2004,Physiological scientist
2393,bbcF048481aEeeb,Dawn,Rivas,Male,yfranco@example.org,365.257.0101x622,3/28/1965,Newspaper journalist
2394,da5c68a7a6bB7fc,Jasmine,Bright,Male,chad16@example.com,-2369,8/5/1987,Operations geologist
2395,5cA5584Fe4B01Bb,Diamond,Bridges,Female,richardsmatthew@example.org,001-547-032-9561x369,2/9/1987,"Engineer, electrical"
2396,EbD0cD8d5266abA,Darrell,Mora,Male,mortonjared@example.com,975-218-7583,10/18/1926,Data scientist
2397,CCD9E1bb9e00C48,Stacey,Morrison,Female,cdorsey@example.org,001-306-867-6571x83794,4/1/1921,Energy manager
2398,61Cf56E94ddbe5c,Jermaine,Rodriguez,Male,cristiandominguez@example.com,(195)500-8855,9/5/2014,Merchant navy officer
2399,9d738fFda9c02d5,Krista,Freeman,Female,joyfernandez@example.net,-3168,6/1/1933,Human resources officer
2400,7d712FB7b6B29A8,Anthony,Harmon,Female,obrienkristopher@example.com,2433746013,3/19/1930,"Production assistant, radio"
2401,3f59FAEfedEC023,Traci,Peck,Male,alfredkidd@example.net,+1-751-484-2644x993,8/28/1929,Naval architect
2402,Ac78F20BfE267fa,Gavin,Medina,Male,peckmelanie@example.com,+1-546-733-9820x01273,7/2/1963,Software engineer
2403,eBadb63EDEBF75b,Stacy,Madden,Male,friedmangabriella@example.net,912.648.4794,10/27/1959,"Therapist, art"
2404,4e11a1278B8B4aF,Kaitlin,Sparks,Female,grantmeagan@example.com,8957571842,12/19/1976,"Horticulturist, amenity"
2405,BAacff506730EEf,Jeffrey,Moody,Female,calebwhitaker@example.com,001-543-931-0232x65619,6/18/1938,"Psychologist, clinical"
2406,D619dB7aaB4b1Fe,Austin,Hardy,Female,kayleehurst@example.org,+1-767-361-8069x815,1/25/2009,Sports development officer
2407,bbA5aCe2dBe343d,Vickie,Velazquez,Female,shirley86@example.net,-8070,4/2/1945,"Pharmacist, hospital"
2408,Fc1B13A7CD93dEb,Sheryl,Mcclain,Male,villanuevasophia@example.net,944006638,6/12/1935,Heritage manager
2409,fE0edeeB57a1A3b,David,Lindsey,Male,tylerayers@example.net,951-277-2437,10/3/1952,Electronics engineer
2410,Bd8e484C4bECEe4,Zoe,Mcknight,Female,mauricejarvis@example.com,001-470-033-2302,9/11/1979,"Restaurant manager, fast food"
2411,ACf7D23Ac5cD9Af,Gregg,Luna,Female,hayleybarron@example.com,001-902-484-7032x13496,2/7/1968,Air traffic controller
2412,AfA3CaBeBef0424,Russell,Ryan,Male,wintersmarilyn@example.net,001-941-597-5825x655,7/14/1914,Dentist
2413,b6C3c08c3Df5d8c,Chris,Whitaker,Male,shelly54@example.net,+1-442-519-3046x28224,5/8/1927,Farm manager
2414,b3a1AF64e81225C,Alice,Cowan,Male,debrascott@example.com,(354)366-9402x73971,3/27/1909,Community development worker
2415,86d570E8bca9cdf,Carly,Bartlett,Female,ghaynes@example.org,001-281-544-5840x0060,6/19/1930,Public relations account executive
2416,ECdE5bFd18Db355,Annette,Hicks,Female,gchung@example.org,(096)024-1597x42114,2/25/1926,"Scientist, research (physical sciences)"
2417,CfcC3D07c4D4871,Sabrina,Herman,Female,clarkepamela@example.net,157-252-1614,4/23/1979,Translator
2418,2323E12d016faDd,Jeremiah,Henson,Male,hmoran@example.com,366.299.9845,3/9/1921,Waste management officer
2419,45FF4d4bca7A3C5,Nicole,Hendrix,Male,mitchellgibbs@example.net,448-316-5440x0228,1/8/1952,Recruitment consultant
2420,E0F1f382A7c248C,Howard,Robinson,Male,mooremichele@example.org,409.882.6871x7620,9/10/1968,Applications developer
2421,CBfEB15aDF6e000,Jill,Trujillo,Female,hboyd@example.net,130-454-6057x83058,7/23/1952,Archivist
2422,6e8807BD23Dcc05,Gwendolyn,Gay,Male,perezashley@example.net,-10787,4/4/1998,Video editor
2423,fABBF678Dd85583,Mary,Yoder,Male,dillonbarker@example.net,+1-251-218-3283x42338,2/6/1909,"Engineer, biomedical"
2424,337efa102faB1c2,Theresa,Blankenship,Female,dodsonsean@example.org,633-625-2778x579,8/10/1997,Animal technologist
2425,Aed75cCfB894b85,Cassidy,Sampson,Female,fieldslynn@example.com,(702)157-6268x9975,9/25/1970,"Teacher, special educational needs"
2426,86ADF726B4aCF6C,Alison,Davenport,Female,connorwaters@example.org,(172)405-3011x805,4/2/1997,Chiropodist
2427,9bFc564cBeD3ea2,Cheryl,Montgomery,Female,randy13@example.net,(997)409-2605x9586,4/23/1944,Financial adviser
2428,ACCc3A4DEdeeEfd,Don,Meza,Female,alex73@example.com,(607)457-2579x716,8/9/2009,IT consultant
2429,ed9db44cbf12b0a,Jeremy,Mitchell,Male,lrandolph@example.org,001-196-316-3124x232,3/16/1944,"Designer, ceramics/pottery"
2430,5Ce8DB0FBfb35ef,Yesenia,Wyatt,Female,nfigueroa@example.com,729-699-6714x58157,11/21/1935,"Civil engineer, consulting"
2431,Eae7E6c23d9c13D,Joseph,Nielsen,Male,destinyroberts@example.com,001-144-742-6016x814,8/1/1977,"Therapist, music"
2432,9Fb10D0f7fBadF9,Michaela,Garza,Male,bgallegos@example.org,+1-989-580-6872x1273,2/11/1930,Careers information officer
2433,9f22fB3cdABe86B,Kelly,Morgan,Male,aimee05@example.org,001-129-321-0474x467,6/6/2007,Applications developer
2434,7AcC19c55176acd,Terrence,Griffith,Female,rosalesterrence@example.net,(109)049-7974x591,8/1/1917,"Education officer, community"
2435,30fb61ACFE0aEC6,Sophia,Bryant,Male,penasherry@example.net,398.984.8469x87286,10/4/1974,Photographer
2436,B46Bb4FD6A7455F,Sarah,Franklin,Female,connor73@example.net,189.043.5346x35696,4/17/1960,Ecologist
2437,fbfC7ed2bDB550D,Clifford,Roach,Female,yeseniaandersen@example.net,8513202718,2/26/1931,"Engineer, control and instrumentation"
2438,D6f55175Dcfe285,Bobby,Gilbert,Female,zrhodes@example.org,+1-533-909-3811x768,5/11/1960,Medical secretary
2439,0eDf7aEb0CAcA6E,Rose,Barron,Male,areeves@example.org,746.873.2601x1685,4/27/1996,Human resources officer
2440,ce0FeFaBD9ff87d,Willie,Bartlett,Female,carly60@example.net,001-291-617-4713x8511,1/7/1938,Sales executive
2441,Bf326BF5bCD0E1e,Dustin,Garrison,Male,fishergavin@example.net,618.937.9153,11/11/1975,"Engineer, water"
2442,BFfe8b373Ada03B,George,Whitaker,Female,ryanselena@example.org,835-684-9296,11/20/2006,Analytical chemist
2443,43F6CbaacEB5b6d,Casey,Freeman,Female,corey86@example.com,(893)168-6847x3589,3/12/2020,Cabin crew
2444,A5B1a61fBDaeF6B,Ricardo,Delgado,Male,craigraymond@example.net,9701310885,1/18/1977,IT trainer
2445,0f72d3dE932BF4a,Gilbert,Huber,Female,diazdarius@example.org,(191)641-6649,4/5/1975,Bookseller
2446,022B7eBfBBFaF2D,Jocelyn,Parsons,Male,maxwellperez@example.net,(878)245-6295x3166,4/1/1947,Insurance risk surveyor
2447,f47cD88C312aea4,Michelle,Johns,Female,priscillashort@example.com,001-291-462-1930x8236,2/6/1928,Retail manager
2448,eBCcFEFBE27eBfa,Franklin,Lynn,Male,breannaward@example.org,591-883-4934x162,12/28/1977,"Loss adjuster, chartered"
2449,b0f07dFCB0c1eFF,Paul,Moreno,Female,salinasstephen@example.com,4528412786,6/13/1915,Arts administrator
2450,F08fEACD282356B,Sherry,Greene,Male,gordonblackburn@example.com,001-293-007-8033x54606,6/16/1973,"Conservation officer, nature"
2451,8d2260aeEd5ca3B,Jackson,Beck,Female,shirleycraig@example.com,+1-961-708-5732x888,10/6/1958,"Designer, fashion/clothing"
2452,95B9CFCED4Ea3EB,Loretta,Herman,Male,keith19@example.net,+1-309-097-3392x1685,3/6/1920,Chartered public finance accountant
2453,70e3A34cDee010C,Raymond,Bond,Male,carly70@example.net,(149)500-9299x59116,3/24/1916,Forensic scientist
2454,D5cc71FDD19AFDc,Shawn,Cherry,Female,mgould@example.org,326.506.7525,6/23/2010,Psychiatric nurse
2455,aEEa0eD1Db2EB88,Barry,Warren,Male,isaiah12@example.net,(778)769-9072x657,11/18/2002,Secretary/administrator
2456,fbebDaACfabeeEb,Charles,Rowe,Female,whitneydylan@example.net,(319)073-6987,5/19/1966,Insurance claims handler
2457,A18CbDbca6b5AD6,Isabella,Gill,Male,simpsonmindy@example.net,001-646-397-8751x3164,12/4/1978,"Editor, film/video"
2458,860B69FDB2D99Ef,Barbara,Sanford,Male,jreeves@example.net,625-982-6363,9/26/1917,"Teacher, music"
2459,05C38080bD855af,Jacob,Davenport,Male,malonediana@example.org,847-943-7450x09265,4/18/1938,Health promotion specialist
2460,C4474D33BF78a61,Shelley,Rivas,Female,gerald11@example.org,(408)619-4107,11/18/1948,Hydrologist
2461,AC964835b44dF5f,Zachary,Mclaughlin,Male,owenskristen@example.org,9886464586,5/20/1931,Haematologist
2462,9fE0f0ABeCaFa2E,Devon,Gaines,Female,ncolon@example.net,001-413-506-1688x0271,12/14/2000,Pathologist
2463,867C8f55e1eD711,Chris,English,Male,alec84@example.org,403-209-8802,3/24/1964,Science writer
2464,4deAe66DD49d75b,Sarah,Church,Male,vbond@example.com,001-224-972-5823x4139,10/31/1942,Broadcast engineer
2465,B4Fbf9A174B7eFd,Jodi,Strickland,Male,jenkinsriley@example.net,001-302-040-2498,4/27/1911,Health promotion specialist
2466,aCc5c333Ab0b1D9,Antonio,Fletcher,Female,fbray@example.net,001-161-043-8497x40508,8/12/1926,Professor Emeritus
2467,cAB7df124C8951F,Cameron,Stuart,Female,yatessusan@example.com,001-820-760-9091x68608,12/14/2007,Museum education officer
2468,a5Db0e12A4905BF,Kellie,Clay,Female,knappalex@example.org,801.199.9317,4/16/1991,"Psychologist, clinical"
2469,0afF7FD3D156B71,Paul,Ferrell,Male,usosa@example.org,979-140-6580x637,10/13/1955,Museum education officer
2470,DCA5Ef4d117E7fC,Maureen,Brewer,Male,liluke@example.com,+1-258-478-5136x6824,3/5/2009,"Therapist, art"
2471,cB8d8B83A2e5dDE,Marissa,Oconnell,Male,djordan@example.com,458-092-0689,7/30/1930,"Doctor, hospital"
2472,7DdAE34f2D58CF2,Dennis,Buchanan,Male,melvin52@example.com,(667)491-5284,1/2/1939,"Copywriter, advertising"
2473,32FB11246DFFF57,Daryl,Barrera,Male,douglas61@example.com,409-980-2340x90841,5/23/1990,Chiropractor
2474,9006AbCbb7c0bAC,Cassandra,Blevins,Female,hmoore@example.com,186605412,10/9/1932,Chartered public finance accountant
2475,7D0e7ffDeB24cb3,Morgan,Neal,Female,pettykelli@example.com,7817719074,6/8/1950,Dealer
2476,1F474AeBabfeed8,Kelly,Barrera,Female,pjensen@example.net,(601)602-9231,8/16/1931,"Teacher, English as a foreign language"
2477,fDDe0cBc3E1C8A5,Jacob,Crawford,Female,rileyvalentine@example.org,(757)935-0139,3/25/1952,"Civil engineer, consulting"
2478,3E874ad5d2A6BBC,Marilyn,Johnson,Male,jesus08@example.org,(951)062-8352,3/24/1994,Publishing copy
2479,Ab11830dA4B6AC9,Rachael,Reid,Female,jeanettetanner@example.com,(145)257-2551x81688,5/16/1995,Toxicologist
2480,C9Ba03Ca1cbe49d,Maureen,Moses,Female,mariah94@example.com,635.585.8853,3/29/1911,Ceramics designer
2481,2A40ee4e4A0DdD6,Sergio,Pineda,Male,michaelsheppard@example.org,-10124,11/11/1984,Television/film/video producer
2482,e2e845cfdCf0a9A,Frances,Buchanan,Male,pierceshane@example.org,+1-827-689-3829x0119,10/14/1986,Chief Technology Officer
2483,6dec7d2E501Df19,Dwayne,Ortega,Male,achurch@example.com,(949)243-9433x17510,10/14/1916,Charity fundraiser
2484,eB3Bc56F63FEFaC,Crystal,Callahan,Female,glawrence@example.net,190.408.4445,11/25/2017,Equities trader
2485,6DED058feDd8279,Warren,Duran,Female,lorismall@example.com,(814)657-8431x076,12/12/1976,"Surveyor, quantity"
2486,0bD6E371Aa5A8b2,Max,Campbell,Male,mccormicktammie@example.com,001-342-028-7906x54642,7/14/1998,Geophysicist/field seismologist
2487,10fdA8A944bF5cb,Edgar,Nelson,Female,danieltrevor@example.org,7808667988,9/4/1986,"Scientist, biomedical"
2488,fffc92cDa26C5BA,Hector,Graham,Female,vpeterson@example.net,7246821514,2/10/2006,"Designer, furniture"
2489,8f42903bCf03a65,Allison,Elliott,Female,bryan09@example.org,001-610-238-2467x74354,8/20/1935,Trading standards officer
2490,71efa9aDBfCfb9D,Albert,Robertson,Male,alidarren@example.net,(892)787-3780x587,6/19/1969,Phytotherapist
2491,09bB4106BeF54d7,Melody,Morrow,Female,rowlandchloe@example.com,(521)902-6786x3072,11/19/1963,Historic buildings inspector/conservation officer
2492,B4d7c38A5b7b9CB,Christy,Fritz,Female,msampson@example.com,631.987.6832x856,12/17/2013,Clinical embryologist
2493,B4c10519E14f4C0,Andre,Lee,Male,keithkaufman@example.org,+1-677-353-6807x0612,9/8/1999,"Conservator, furniture"
2494,Eedeaa3F6ebb36C,Sabrina,Calderon,Male,brent23@example.org,001-009-168-3798x14007,9/10/1967,Legal secretary
2495,7bc64aBb52Ab1FE,Devin,Perkins,Male,shawshelley@example.org,001-120-066-4495x0538,11/7/2007,Marine scientist
2496,1398CcfA499E6e1,Nicholas,Yates,Female,ronaldfitzgerald@example.net,655.499.4879,7/11/1947,Personal assistant
2497,F40ff6eBdC1aBbd,Alexis,Patton,Male,sandy34@example.org,001-977-841-0977x629,3/9/1912,Marine scientist
2498,c67bC2670F5031E,Leah,Ellis,Female,egiles@example.org,3099824109,10/7/1953,Financial adviser
2499,51De8E874abeA97,Alexa,Mooney,Male,uday@example.org,001-692-979-6473,5/12/1984,Biomedical scientist
2500,B7EA402C2DbA1Be,Francisco,Nolan,Female,esparzadarrell@example.org,(985)926-9025,12/26/1992,Sports development officer
2501,c7EeAe657D4c2a2,Ruth,Simmons,Female,fieldsnatalie@example.net,832.551.5753,12/9/1989,"Editor, film/video"
2502,8e15881FCB27e8a,Wesley,Key,Female,natalieleon@example.org,359-820-9554x43877,8/6/1922,Education administrator
2503,eaeBd64D22a1cF6,Brent,Villa,Male,rtravis@example.com,634-346-4393x3530,1/18/1984,Paediatric nurse
2504,edd0bB490D19C0C,Morgan,Erickson,Female,matthewkramer@example.net,(017)589-7399,4/2/1921,"Restaurant manager, fast food"
2505,37307d7Bf6cf21E,Preston,Aguirre,Female,warejamie@example.com,001-717-538-4367x82670,12/24/1948,Tourist information centre manager
2506,D6BeE842d6e98d7,Vanessa,Fernandez,Male,xrichard@example.com,659-566-0032,6/11/1914,"Engineer, control and instrumentation"
2507,f0efF1dcb02625a,Marissa,Acevedo,Female,strongellen@example.org,(870)065-4661x3366,2/13/1997,Transport planner
2508,1D5adA9eA0EbCfD,Brenda,Rogers,Male,taylorkirsten@example.net,360-535-3400x49666,1/8/1907,Chiropractor
2509,dCeC7844bdB6d34,Mason,Baker,Male,tnash@example.net,109.503.6912,3/19/1948,"Therapist, drama"
2510,0ff6BbaAD2b5fC5,Joyce,Foley,Female,shellybaxter@example.net,144-844-9196x094,4/19/1967,Furniture designer
2511,2154dDf252fD2f2,Garrett,Combs,Male,xparrish@example.org,687.242.8352x906,8/23/1928,IT sales professional
2512,e87E19DCbBAdE4F,Joshua,Lindsey,Female,wardharold@example.org,(670)715-2620,1/16/1947,Optometrist
2513,aD5481cc7daEE11,Kerri,Schultz,Female,edunn@example.net,562-705-7038x123,9/1/1918,TEFL teacher
2514,ae80CDfc35a81B4,Emily,Gaines,Female,kayleedillon@example.net,001-752-203-0399,1/15/1925,Estate manager/land agent
2515,9fCfc79eC73A946,Jacob,Rich,Female,ctapia@example.net,(306)592-2803,9/11/1962,"Optician, dispensing"
2516,cc39cb16Fc0f776,Jasmine,Molina,Female,erica86@example.com,(317)270-3639,8/5/1986,Hotel manager
2517,BB98cF504193add,Rhonda,Love,Female,lynchdean@example.net,1308163153,12/26/1919,"Engineer, civil (contracting)"
2518,eCE7D4f9E7cE056,Brianna,Collins,Female,mosleyralph@example.org,427.188.0657x7706,6/17/1939,"Doctor, general practice"
2519,650eBD0F88f3ee4,Christina,Wade,Male,bernard58@example.org,+1-407-251-7652x341,2/21/2008,Special effects artist
2520,AB6e1cF39E2aa7F,Edward,Villa,Male,manuel51@example.net,001-336-272-5796x3816,1/10/1943,Health visitor
2521,9B0DDe211959f1A,Jeremiah,Strickland,Male,toni77@example.net,(280)769-4623,4/14/1946,English as a foreign language teacher
2522,F2aa0bB6FaDE58B,Nina,Hansen,Male,stephanietrujillo@example.net,947.444.9610,9/16/1944,"Presenter, broadcasting"
2523,da54d6c16Eceb1E,Isabella,Gross,Female,zachary19@example.org,-6598,1/19/1947,Solicitor
2524,6E499BF331dFB60,Joseph,Marks,Female,shawnoneal@example.net,001-366-146-4171x33963,5/22/1929,Armed forces logistics/support/administrative officer
2525,5BcC342CAA5b4Bd,Glenda,Bean,Female,danawalls@example.com,318.356.2858,1/3/1942,Magazine journalist
2526,64De475ea0Ebf68,Jim,Lopez,Male,jeanne42@example.net,(350)880-4672x669,3/21/1912,"Programmer, systems"
2527,C60C1D1fFcD8e96,Rhonda,Duarte,Male,kerryshelton@example.org,315-250-2532x17759,9/13/1934,Land
2528,06AE155E917F0AE,Ruth,Norman,Female,patty68@example.com,(029)210-8671x19240,7/18/2005,Quantity surveyor
2529,e2776Fb56cA8943,Denise,Robinson,Male,erica67@example.com,096-226-9171,6/26/1978,"Education officer, community"
2530,Ed8B14A0B48F734,Savannah,West,Female,jonathonfrost@example.org,001-681-335-0978x01629,7/18/2013,"Surveyor, building control"
2531,c9cfd7A27FA30eE,Alice,Case,Male,chloe91@example.org,(447)722-0651x691,9/4/1972,Environmental health practitioner
2532,6C4C6445Fd908d5,Wyatt,Mclaughlin,Male,kwoods@example.com,759.394.6442,12/30/1982,Writer
2533,07AdE02b150fE1E,Christian,Chan,Female,bballard@example.com,5667071806,8/20/1961,Film/video editor
2534,2bdDbb4A0bDd54b,Troy,Watts,Male,ybautista@example.org,433.212.5426x8751,9/16/1967,Horticultural consultant
2535,5a90ce7d5DC4d48,Cheyenne,Lee,Female,gburke@example.net,+1-295-481-5899x8749,8/12/1944,Management consultant
2536,4Db9DFeC9A61ed5,Hunter,Sosa,Female,cingram@example.com,941.883.2718,9/9/1932,Exhibition designer
2537,5eBC5a6a1CAD632,John,Delacruz,Male,stefanieyoung@example.com,500-286-8857x95090,1/2/1923,Translator
2538,B5940a0bc6cec10,Pam,Fitzpatrick,Female,michele38@example.net,001-621-104-9835x980,3/17/1932,"Nurse, mental health"
2539,aFA7A78ED9F66f2,Mercedes,Charles,Female,benderdiane@example.org,068-077-6577,2/11/1959,Surgeon
2540,3AfC4Fba0a0CDF9,Natalie,Abbott,Male,emilymccoy@example.org,(966)322-3692,11/8/2009,Tax inspector
2541,63fcfeDb359EB79,Joann,Mccormick,Male,blackwellseth@example.com,(868)743-7683x22955,4/1/1955,Careers adviser
2542,e2aaF468Feb2AFf,Gwendolyn,Mccarty,Female,mcneilmaria@example.net,337.628.7031x305,3/27/1942,Audiological scientist
2543,E3D21A5470eac68,Abigail,Kramer,Male,preston11@example.com,-1623,10/3/1920,Museum/gallery exhibitions officer
2544,E6BD0Ba49C64dE2,Katie,Crane,Male,conniewilkinson@example.net,+1-150-558-6814x92978,6/11/2013,Magazine features editor
2545,8F01fe1b2B639BE,Katherine,Daniel,Female,hamptonsabrina@example.com,630.505.7209,8/8/1972,Television production assistant
2546,2F5EcA62BaD5f72,Ashley,Robinson,Male,dillon99@example.org,+1-235-521-0994x2288,12/5/1945,Air broker
2547,86dDdca0bd099cF,Angelica,Armstrong,Male,pamelaallison@example.net,885.355.8943x914,12/11/1968,Banker
2548,feF42f30E326dC2,Katelyn,Mack,Male,yhuerta@example.com,001-452-752-3611x93432,5/1/1959,Quarry manager
2549,8Dc66B9e3A43Bfe,Brandi,Vincent,Female,qhaynes@example.net,975.626.5297x4314,10/20/1915,Financial risk analyst
2550,EC6F6FEafE0e5C4,Marco,Wade,Male,carolynpatton@example.org,(879)130-8776x424,9/29/1944,Animator
2551,ee039fcba2f4ede,Ellen,Sherman,Male,selenadunlap@example.net,001-450-557-4338x49163,10/28/1906,Chief Executive Officer
2552,99aCD14DA7E92b1,Bernard,Dunn,Male,cardenaszoe@example.org,001-981-232-6814x131,1/26/1947,"Surveyor, hydrographic"
2553,2C696C2FF7dDBB5,Johnathan,Best,Male,caitlyn63@example.net,(563)205-7122,6/17/1977,Restaurant manager
2554,89CDE6f100A2CEF,Julia,Carrillo,Female,frostshaun@example.net,597.307.6336,4/30/1993,Quarry manager
2555,2797c2D0826B806,Joseph,Pineda,Female,madisoncervantes@example.org,(937)278-5941,10/25/1916,Recycling officer
2556,e3E18FA7FbFaf23,Katherine,Savage,Female,zstephens@example.net,384.794.2673x51673,3/3/1978,Information systems manager
2557,eA4e9D1b444f37b,Molly,Serrano,Female,rileybilly@example.com,882.714.2937,5/6/1942,Theatre manager
2558,cDA67F1D7A7D972,Candice,Simmons,Female,brittneyforbes@example.org,418.700.9399x6175,10/15/1953,Statistician
2559,460Ab1d800bAc81,Tracie,Mcneil,Female,bailey74@example.org,745-605-1927x5921,12/3/1938,"Production assistant, radio"
2560,Bd4146ccB1A8b77,Trevor,Franklin,Male,chelsey39@example.net,298-469-9006,6/22/2009,Television floor manager
2561,aD42d279F65CA3A,Loretta,Blackwell,Female,brianna37@example.net,001-158-382-3354,9/20/1910,"Sound technician, broadcasting/film/video"
2562,8B13df828A6A8D3,Krystal,Bullock,Male,derek11@example.org,001-594-391-6952x7704,7/22/1960,"Psychologist, sport and exercise"
2563,BabD6A1E6DB5D09,Nicole,Gallagher,Female,galvandeanna@example.com,(983)472-7951x15690,12/7/1914,Occupational psychologist
2564,AEde029fBb022eD,Todd,Wiley,Male,hgray@example.net,001-431-238-6773x15177,9/1/2004,Recycling officer
2565,Ec55c85E7Fae61a,Emma,Kaiser,Female,uosborne@example.com,727-660-7068,12/2/1921,Brewing technologist
2566,95B9Ec7cED7fFfd,Franklin,Franklin,Female,gbarrett@example.net,+1-796-317-0429x6059,6/7/1999,"Social research officer, government"
2567,c7af0D6BF4DFfF1,Kaitlin,Church,Male,mhorton@example.com,897.044.3458x6243,5/7/2021,Proofreader
2568,5DCF83ECaD9083d,Daisy,Patrick,Male,dylanodonnell@example.org,001-856-362-2918x7237,4/25/1952,Air cabin crew
2569,9a005C7fbf3bcdc,Judith,Byrd,Male,daniellesanders@example.org,+1-821-731-5235x639,7/15/2015,IT technical support officer
2570,550FFb7E6663B86,Janice,Hooper,Female,kyoung@example.org,(187)334-3469x47054,6/21/1913,Armed forces logistics/support/administrative officer
2571,6E3DDCec5b1B3fE,Erik,English,Female,anthonyodonnell@example.com,327.396.3990x409,5/31/1968,Clothing/textile technologist
2572,80E1781e0CAda79,Lydia,Vaughn,Female,sydneykemp@example.net,(131)746-2221,11/28/1919,Advice worker
2573,6655cfd556C3Ea5,Evelyn,Cox,Male,tinasawyer@example.com,001-341-766-2673,9/16/1985,"Engineer, manufacturing systems"
2574,E9eB77ff96dc7Af,Troy,Myers,Female,brett97@example.net,+1-218-993-8418x67267,12/17/1942,Teaching laboratory technician
2575,720cea4fbfBD5A6,Kathleen,Campbell,Male,sharongiles@example.com,001-470-532-5780x816,6/27/2021,Video editor
2576,40C134bCeC97F7F,Renee,Rhodes,Female,rhodesparker@example.net,+1-261-359-0628x182,2/22/2001,Financial manager
2577,d7cCd6Bc2eEBe16,Sonya,Carpenter,Male,cathyflores@example.net,6001189353,1/5/1964,Web designer
2578,a8d1f6df269eCDa,Matthew,Griffith,Male,glutz@example.com,001-553-933-2099x0206,8/14/1986,Analytical chemist
2579,Bb13397dBB3e3BE,Tammie,Franklin,Male,zolson@example.net,7905306996,4/24/2013,Tourist information centre manager
2580,fBB2e3E8Bac5CDA,Ian,Irwin,Male,tanyajarvis@example.org,(872)543-3753x77238,4/18/2001,Museum/gallery conservator
2581,aEDA4096CC3a900,Selena,Conway,Female,guerrerotim@example.net,001-056-013-8518x6541,7/5/1936,Occupational hygienist
2582,BD09d4Ea0cBE2B4,Traci,Rivas,Male,grantbrooke@example.org,830-941-1148,10/6/1907,Clinical biochemist
2583,136e4b9fd4aF051,Bailey,Ingram,Male,harpermolly@example.com,829.581.1792x25818,1/6/1987,Ecologist
2584,5fBeaBfbe0107EB,Nina,Brandt,Male,mia82@example.org,-7037,2/13/1976,Special educational needs teacher
2585,30a1B8aCA4BA652,Terrence,Wallace,Female,murillorebecca@example.com,+1-593-940-9593x60961,8/24/1999,Careers information officer
2586,4Ff6a30f3FDe4C4,Herbert,Cross,Male,staceyschroeder@example.net,966-898-9868,4/7/1958,Retail merchandiser
2587,aECF348FD9D9B55,Brenda,Banks,Female,arthurbecker@example.net,639.375.5939x75830,7/17/1928,"Nurse, children's"
2588,Af6348a00D35De0,Kathy,Beard,Female,velasquezwayne@example.org,654-635-0075x26328,7/20/1949,Sub
2589,D01bC8A236B602b,Preston,Holland,Female,mariah87@example.com,(760)954-2680x7538,1/16/1930,Chartered legal executive (England and Wales)
2590,CF0892ADAECdB1f,Mary,Chen,Female,bochoa@example.org,8076371111,7/27/1987,"Engineer, technical sales"
2591,CBFF75c04e8C5ac,Laura,Benson,Male,kmcgee@example.net,(548)968-6640x6598,5/2/1972,Sales executive
2592,48e4dfcEeC54F7a,Alan,Ho,Female,dhowe@example.com,+1-369-650-3473x2958,8/5/1928,Senior tax professional/tax inspector
2593,5Daac5dA0c2cd34,Diamond,Ball,Male,ehines@example.org,147.801.0403x013,7/16/1977,"Therapist, sports"
2594,8bbDBFc5488e203,Derek,Erickson,Male,wdavenport@example.com,455-687-3429x392,4/27/1970,Geographical information systems officer
2595,eAf7bACEaF1A747,Darlene,Mcknight,Male,weissgilbert@example.net,+1-688-544-8735x211,8/5/1942,Medical sales representative
2596,0a38aAfbB0eecfd,Blake,Stout,Male,martha18@example.net,(629)855-7346,4/4/1924,Psychiatrist
2597,43a390De6937638,Bobby,Perry,Male,solomonlindsay@example.net,001-332-888-2647x429,2/17/1972,Clinical embryologist
2598,8AbC43c0beEFbf4,Makayla,Johnson,Male,lambcory@example.net,740.924.6295x503,9/13/1984,"Editor, commissioning"
2599,C6AdCf3864fED19,Tyrone,Haley,Male,sextongregg@example.com,4864434685,10/15/1927,Building control surveyor
2600,b7fDcB528B7524f,Bob,Mcgee,Male,gary43@example.net,001-559-850-4782x977,7/18/1980,Personnel officer
2601,0E6C58b848A7Fe4,Loretta,Briggs,Male,angela02@example.com,001-908-745-9402x711,9/13/1952,"Production assistant, radio"
2602,f4B4db18E10f6A2,Jaime,Mueller,Female,khorn@example.com,(523)168-3372x44103,12/4/1976,"Civil engineer, contracting"
2603,aF9Bbe057Cfa085,Nathaniel,Neal,Male,ushannon@example.org,+1-452-638-6811x96639,3/19/1978,Database administrator
2604,db31D1FF8F6AebA,Shawna,Oliver,Male,lydiatran@example.org,+1-715-614-5007x804,7/8/1970,"Journalist, broadcasting"
2605,9B690cE6A4cE4fB,Tony,Barrera,Male,michael98@example.net,001-542-022-8012x28942,10/30/1911,Applications developer
2606,24d0ffA9DcEB6F4,Jermaine,Giles,Female,selenapetty@example.com,2828845328,11/29/1998,"Pharmacist, community"
2607,aaf2C8C6E720a88,Kaitlin,Campbell,Female,simmonsclinton@example.com,924.934.6137x4029,12/18/1959,Retail buyer
2608,C2B3469E9dECe9f,Krista,Armstrong,Male,xclay@example.com,227.584.6430x729,11/1/1979,IT trainer
2609,48C7bD91FFcebF8,Stacie,Harrell,Male,sandymoyer@example.org,338-640-9464,10/31/1946,Interpreter
2610,a0DeEF2c5c272F8,Suzanne,Drake,Female,grace65@example.com,001-506-139-2696x257,8/2/1918,"Psychologist, clinical"
2611,39d4CEAd7AeCcDA,Frank,Wells,Male,eileen42@example.net,197.928.7708x41558,6/6/1949,"Psychologist, prison and probation services"
2612,Bc6d143B54ea5B7,Wesley,Suarez,Female,edwardsimpson@example.org,170-159-5837,1/11/1911,Theatre director
2613,9DbCDeCD22672f5,Micheal,Tanner,Male,virginiali@example.net,219.807.7081x4393,10/21/1967,Drilling engineer
2614,dC3cA0E3fB695e5,Cameron,Grimes,Female,duranmartha@example.org,(418)899-5468,10/24/1940,Equities trader
2615,4C3FA0DBED59a42,Melvin,Cooke,Male,beckyestes@example.org,(780)390-5118x259,5/31/1929,"Scientist, marine"
2616,a0C435fEEdD42c6,Isaac,Barker,Male,nblevins@example.com,001-505-178-8082,1/2/1933,Forest/woodland manager
2617,A5107Fc92A10Cbf,Charlotte,Fritz,Female,gcombs@example.com,(582)411-8091,6/20/1912,Structural engineer
2618,4eE3ea353df5391,Mackenzie,Lopez,Male,prestoncameron@example.com,001-477-643-0141x5201,5/3/1931,Fine artist
2619,A93ebbD10a9dCB7,Sylvia,Grant,Female,floresmandy@example.org,(365)303-5237,2/1/1945,Theatre manager
2620,9CFF6FdecAD1945,Cameron,Braun,Female,armstrongvickie@example.net,(079)466-7295,2/7/1926,Adult guidance worker
2621,FeBBf8dE93Bd64F,Perry,Galvan,Male,frederickatkins@example.org,(040)607-1994,7/31/2003,Writer
2622,fe49955E74a9eF5,Adrienne,Moore,Female,mckeeadam@example.net,622.101.2773x0780,8/18/2002,Furniture designer
2623,6A06eF5A16AfD9B,Cody,Russo,Female,cynthia83@example.com,712-975-1244,6/26/1938,Museum/gallery exhibitions officer
2624,6d6EE0D12fEa855,Darren,Beltran,Male,bradleymonroe@example.org,+1-619-150-6930x963,4/30/1971,Sports development officer
2625,54416AD83C8F440,Ariel,Hooper,Female,isabel93@example.net,-3481,5/1/1939,"Designer, industrial/product"
2626,86ba4DB3f156bc3,Cassandra,Bates,Female,karaglover@example.net,001-364-655-5516,4/17/1966,Logistics and distribution manager
2627,c8c01af51F6DB9C,Jeffrey,Austin,Male,joseparsons@example.com,+1-945-321-6669x8661,4/21/1922,Pathologist
2628,1B904d45bd4eDdB,Nichole,Mullins,Female,tabitha58@example.org,617-592-5807x2897,3/18/1922,Actuary
2629,9DF83fb2B8Fee76,Brittany,Sparks,Male,barbaraleach@example.net,(568)124-6187,8/18/2003,"Embryologist, clinical"
2630,cDdAf5D3B2d2e39,Tricia,Daugherty,Male,alvin74@example.com,001-092-613-8770x746,3/6/1921,Town planner
2631,BCfC6C6eafB92DF,Colleen,Moyer,Male,goldenbetty@example.net,001-843-897-0582x725,10/29/1912,"Engineer, maintenance (IT)"
2632,E36FbeF13F6eb7a,Earl,Gray,Female,veronicadixon@example.com,+1-395-592-5089x284,7/15/1947,"Scientist, biomedical"
2633,4e3beE7C1fbEBD5,Melinda,Glass,Male,kerrypacheco@example.com,291-501-8305,6/17/1973,Diplomatic Services operational officer
2634,71Da10aeBFA0D7E,Susan,Sherman,Female,bmayo@example.com,(021)391-6850x1392,3/29/1955,Sports development officer
2635,aD13AE1bdEfAFe6,Whitney,Ritter,Female,lindseyadriana@example.org,4876842090,3/24/1937,Barrister
2636,b86B5d4EaF2dBab,Jade,Escobar,Female,bknight@example.net,+1-100-020-2790x093,10/2/2015,"Therapist, music"
2637,6705Ccf64fE9Ee4,Kyle,Wright,Male,dianelong@example.org,(583)024-5857,7/23/1963,Estate manager/land agent
2638,17Cd7e2d94aCdbA,Gene,Hendricks,Male,cchan@example.net,549.089.9389,7/19/1964,"Merchandiser, retail"
2639,1a8F9de98EdeB1e,Karina,Gordon,Male,wkane@example.net,(744)203-1148x79198,12/6/1988,Drilling engineer
2640,FD484Ed90eB93aB,Norman,Johnson,Male,kayleerobbins@example.com,(879)800-4685x3740,6/25/1990,General practice doctor
2641,CdE6DeEe1fF57Fe,Audrey,Watkins,Male,zhayes@example.com,207-073-6397,9/27/2019,Physiological scientist
2642,d84c1fcFb8e1976,Katherine,Chen,Female,dennis17@example.org,272-361-7698x9158,2/9/1989,Customer service manager
2643,dBADdbEf0f5B7b4,Dominique,Ayers,Male,david68@example.com,732-549-3218x1760,3/21/2001,Minerals surveyor
2644,0d79faA52826fF6,Jason,Page,Male,ashlee96@example.net,001-563-240-1914,8/21/1987,Financial manager
2645,E0aaaf35ADcD2DF,Jeremiah,Quinn,Male,snoble@example.net,(772)052-1285x3264,3/15/1908,TEFL teacher
2646,45234B7d22E5aE0,Victoria,Schaefer,Female,karina49@example.net,457.363.0093,12/10/1954,Lobbyist
2647,A91A63F3Ac7F39f,Clarence,Vaughn,Female,mikaylaowen@example.org,+1-922-095-0270x422,3/16/1981,Building control surveyor
2648,780807E000Fb8e1,Bradley,Hobbs,Female,katelyn89@example.org,+1-401-915-8644x83634,2/27/1969,Writer
2649,cE23952ee164B3f,Margaret,Kent,Male,xbray@example.com,001-356-457-1670x080,12/31/1947,Farm manager
2650,Fe78CeD2fade5ee,Tim,Snow,Female,tranelaine@example.net,509.323.5655x60601,11/18/2001,"Teacher, secondary school"
2651,a0Ea1f06E6EDFdC,Gregory,Moran,Female,ginabuckley@example.org,(703)822-8174x00338,3/24/1948,"Psychotherapist, dance movement"
2652,c15ED8bAEbAcAeF,Amber,Khan,Female,speck@example.org,715.704.7708x188,6/12/1909,"Administrator, arts"
2653,1dBEBf6a5FcB8aF,Jenny,Dougherty,Male,bairdjackie@example.net,175.055.3951,7/19/1932,Health service manager
2654,Cf984d567DbaAED,Beverly,Booker,Female,rickfisher@example.net,917.788.7459,2/21/1924,Lexicographer
2655,2DaaDA9D94a807f,Dominique,Wolf,Male,ehester@example.org,793.924.8650x52441,1/6/1939,Human resources officer
2656,f8fA18aBA93412E,Danny,Shaw,Male,burnstrevor@example.com,298-912-2160x772,4/12/1925,Secretary/administrator
2657,3aBAcBDe11a6b81,Victor,Gamble,Male,jordancallahan@example.com,982.282.7096x406,8/12/1946,Early years teacher
2658,4B4B11D76BfcA71,Mario,Bell,Male,shieldslawrence@example.net,645.041.0229,6/25/1954,Television/film/video producer
2659,fFd1239AbeCcf88,Vernon,Nixon,Male,brycerussell@example.net,968-391-4648x7403,7/10/1974,Air cabin crew
2660,A2F75e106619A5f,Drew,Bush,Male,fitzgeraldkellie@example.org,9061313716,2/24/1925,"Engineer, structural"
2661,a3A8c71aa8FccDC,Sarah,Lowery,Male,atkinscheryl@example.com,-4781,3/20/2002,Diplomatic Services operational officer
2662,2c3c53355f9BEE2,Kirsten,Bean,Male,eileen60@example.net,+1-327-753-5002x7896,9/3/1997,Patent attorney
2663,84Bf7B7FBbDEaB9,Anna,Elliott,Male,wbaxter@example.com,(106)679-1226x897,6/26/1999,Printmaker
2664,E601eAccf8d6f3c,Brooke,Guzman,Female,jane08@example.net,665.640.9550x6336,3/4/1930,Diplomatic Services operational officer
2665,BEb4a7CbDAc4dCF,Harold,House,Female,tpineda@example.com,651-209-8196x73575,7/29/2015,Curator
2666,A7bba03E8dd0d50,Stephen,Parrish,Female,benjamin45@example.org,(336)410-1399x003,1/19/2010,Probation officer
2667,39e2Dc766dddDB1,Jenny,Hays,Female,lynn57@example.org,+1-834-541-0653x700,10/5/1929,Film/video editor
2668,7cf54B40D70aFCD,Alex,Livingston,Female,lvelasquez@example.net,184.064.8686,1/4/2013,Police officer
2669,13b31Baa8B8B695,Ronald,Graham,Male,garymcconnell@example.com,268.969.0682,12/19/1992,Field trials officer
2670,A71c085dF64fECb,Jeff,Hopkins,Male,allencaleb@example.org,001-572-771-1152,9/3/2011,"Engineer, civil (consulting)"
2671,Ce73Af015F1Aef7,Susan,Thomas,Female,billcooke@example.net,583452442,1/24/1953,Child psychotherapist
2672,d4BDBBAC4A6fA7E,Thomas,Chung,Male,sryan@example.org,385.565.2304x0821,6/27/1933,Land
2673,3D40bfbfaBc9a3f,Willie,Hinton,Male,olivia82@example.org,+1-231-054-8092x126,12/6/2015,Pensions consultant
2674,2e290dA9EfffFeD,Ashley,Middleton,Female,cunninghamtamara@example.org,+1-012-074-9275x5078,11/9/1965,"Therapist, nutritional"
2675,5B2feB6bbaF3629,Johnathan,Salazar,Male,austin18@example.com,001-702-765-6803x62982,5/5/1913,Mental health nurse
2676,fadED3Fa7f42B93,Nicolas,Randall,Male,treed@example.com,(443)720-6330,10/9/1976,Freight forwarder
2677,9C9BCE6654F40f0,Jacqueline,Fitzgerald,Female,meaganmanning@example.com,+1-261-671-9372x1741,12/27/1918,"Engineer, technical sales"
2678,AAF5f08c79eeEec,Dwayne,Alvarez,Female,zrasmussen@example.org,001-383-213-5463,4/13/1956,Insurance underwriter
2679,bfc09b419240fCa,Paul,Love,Male,kristina04@example.com,+1-452-909-3595x747,4/26/2014,Training and development officer
2680,597eE1A77EfD56E,Brenda,Hernandez,Male,oburns@example.com,(348)229-7662,2/13/1922,"Designer, industrial/product"
2681,28bF9AE9ab80c39,Haley,Fuentes,Female,crystal54@example.net,825.729.1487,9/2/2003,Data scientist
2682,a2189D19a66c960,Damon,Suarez,Female,victor78@example.com,(993)734-7850x15010,12/9/2013,Catering manager
2683,5cE4fDeDDba38d0,Kelsey,Benson,Male,colleen67@example.com,(009)643-8183x081,11/4/1945,"Geologist, engineering"
2684,7fdfA45f9a5956a,Bill,Ray,Female,adamharrison@example.net,(944)948-8783x4597,8/25/1963,General practice doctor
2685,4d2a13b683de7aD,Patricia,Dougherty,Female,brenda40@example.org,001-449-078-5011x3123,11/30/1984,"Designer, graphic"
2686,6B769F4EA684Ab3,Martha,Duffy,Male,draketroy@example.org,(509)436-9486x62032,3/12/2014,"Journalist, newspaper"
2687,f8e9Dcf6f8b672e,Jennifer,Warner,Male,amanda12@example.com,+1-373-714-9221x47584,7/10/1992,Building services engineer
2688,1b5Aae8d712FAdb,Aaron,Lucas,Female,oliviabooker@example.org,+1-621-155-6113x59263,12/25/1984,Ranger/warden
2689,B0808Da9d2e8963,Paula,Castro,Female,evelyn91@example.org,001-162-219-0629x7717,12/12/1918,Occupational therapist
2690,132E5AAb5ad81bf,Anthony,Velazquez,Male,gary58@example.net,5854714457,5/8/1958,"Therapist, drama"
2691,7D3A8FEE03a1eEF,Rita,Yang,Female,tracy06@example.net,(405)307-8852,3/22/1912,Wellsite geologist
2692,FfaD917CcBC48cF,Jeff,Rios,Female,mpugh@example.net,4162799056,12/22/1936,Retail manager
2693,B4ABa2A94CDFEC6,Amber,Cochran,Female,oliverkeith@example.net,001-820-541-6455x3756,9/1/1994,Engineering geologist
2694,b09457edFc1B5a3,Michele,Maxwell,Female,wigginsmaria@example.org,001-927-781-2037x804,5/5/1937,Senior tax professional/tax inspector
2695,eF9A32DEA6aFCC0,Kerri,Anderson,Female,crawfordbrandi@example.net,254.339.5823x32158,8/26/1970,Higher education careers adviser
2696,10E7ebCae2BBfff,Bobby,Henry,Male,fbruce@example.net,(848)877-8456x326,12/5/2008,"Secretary, company"
2697,6B93C1113B3Fb6A,Brandy,Mccullough,Male,ibass@example.com,937.872.1180,5/6/1982,Plant breeder/geneticist
2698,ABdaEDB4a8DcEBa,Larry,Mcneil,Male,yvonnemiles@example.net,(046)094-7160x642,9/8/1994,Early years teacher
2699,62ADAaC0E3A018c,Travis,Mendez,Female,preyes@example.net,(773)121-0056x159,9/5/1924,"Engineer, chemical"
2700,34ED1eb98ed948B,Eileen,Raymond,Female,mharmon@example.net,308.865.0814x42889,7/25/1950,Astronomer
2701,AD991eee3F1a1f5,Caleb,Diaz,Male,drowe@example.org,705-029-9583x83506,2/19/1974,Production engineer
2702,8F1d5794EF6FcEd,Shelley,Cherry,Female,buckheidi@example.org,+1-948-651-8573x272,8/24/1949,"Engineer, automotive"
2703,beeb1fED10FAdfA,Joanne,Reynolds,Male,schaeferdakota@example.com,(278)164-0952,9/17/1999,Financial risk analyst
2704,1D26fa297EABCBb,Marcia,Rangel,Female,hufftina@example.org,001-083-770-8336x7032,7/23/1939,"Pilot, airline"
2705,fd72b2a97E9eb6a,Madison,Wong,Male,manuel61@example.org,(744)917-1982x48288,5/21/2012,"Editor, film/video"
2706,f9865E040cA7Cb4,Lynn,Hill,Female,anthonywilson@example.net,011.978.5089x12207,11/22/1939,Air broker
2707,0b9aE89C7Bc2fc3,Adam,Barber,Male,meghanwyatt@example.com,(133)267-6752,3/10/1954,Writer
2708,6D6Af60084Ba53C,Stacie,Higgins,Female,gkemp@example.net,001-471-088-3193x58246,8/19/1960,Probation officer
2709,6dFa167d2c69Bea,Pam,Riley,Male,benjaminvasquez@example.org,411-940-3623,5/1/1974,Music tutor
2710,2EbdF638cBA0BC1,Megan,Chandler,Female,wkey@example.net,997-177-7543,6/12/2002,Estate manager/land agent
2711,513cF9f4fcEe4A0,Alexander,Archer,Male,alison56@example.net,276.990.7787,6/4/2020,"Nurse, learning disability"
2712,cBBAE00BE9118da,Kristin,Avery,Male,lacey58@example.com,142.230.8563,10/8/1964,Child psychotherapist
2713,341F51B3DAbB3Ac,Christina,Cardenas,Female,troydickson@example.net,+1-114-772-6808x38613,3/20/2008,Charity fundraiser
2714,A0BfCba762c5BDb,Steve,Winters,Female,melvin75@example.com,181.866.2180,8/28/1962,Dance movement psychotherapist
2715,7CeEfE7DfC72bD3,Heather,Johns,Female,barbermargaret@example.com,578-942-0042,12/11/1997,Chief Technology Officer
2716,2C6F61A9E7E2d74,Tammie,Mclean,Male,orobbins@example.net,039-083-0964x520,11/27/1973,Pensions consultant
2717,cD0447D8aBCA8fd,Jean,Dickson,Male,melaniebowers@example.com,927.411.7797x870,1/31/1964,"Editor, film/video"
2718,aAeDef11bc88AbB,Daryl,Weaver,Female,john73@example.net,(213)676-1379x0893,3/20/1908,Tax inspector
2719,9748A7E0A6de1dA,Sue,Lynn,Male,soniaballard@example.com,099.638.9312,9/19/1985,"Restaurant manager, fast food"
2720,3a31Ad67aAD0C8d,Charlotte,Wolf,Male,makayla36@example.net,2158746644,3/30/1947,"Surveyor, building control"
2721,B6aa4078df714FB,Tom,Chung,Male,qcastaneda@example.com,159.028.0753x884,4/19/1934,Games developer
2722,f218AA5ccDdeCBc,Connie,Cobb,Female,ricky22@example.com,288-972-8360,3/25/1936,Retail buyer
2723,32acd0Ba7fcC3a1,Jasmin,Fischer,Male,denisebarron@example.net,429.469.5535x197,8/9/1927,"Teacher, special educational needs"
2724,CfCeFF42C83BF2e,Savannah,Flores,Female,earllopez@example.net,(813)624-9516x71410,9/8/1915,Camera operator
2725,56CFCB0c2Cd6ffA,Alyssa,Meadows,Female,lorrainecopeland@example.com,403.048.7894x25415,7/11/2003,Social researcher
2726,8A402EFF637bDC2,Leonard,Wilcox,Female,wilkinsonshelley@example.net,323-255-1768,11/10/1908,"Psychologist, sport and exercise"
2727,DAfCB9540a2e4c2,Leslie,Buck,Female,joeroach@example.net,590.352.4160x2877,5/9/1921,Print production planner
2728,e189fFcdd4FCCAF,Franklin,Griffin,Male,egrant@example.net,091.068.0582x626,6/2/2020,Event organiser
2729,7df3a30C2D656DF,Heather,Michael,Female,oday@example.net,052-384-6009x89314,12/9/1996,Agricultural consultant
2730,Dc248F4A89C2fEF,Marilyn,Miranda,Female,shensley@example.com,268-376-9929x31681,7/30/1909,Games developer
2731,F9996820acBe40f,Robyn,Barnett,Female,halejustin@example.com,(187)263-5587x3662,8/7/2019,"Accountant, chartered certified"
2732,EA3d74404CAfdcE,David,Stein,Female,sacosta@example.net,9116882107,10/7/1956,Geochemist
2733,A78aE78F8D0ecfd,Diane,Valencia,Female,polsen@example.net,058-408-7172x3202,10/15/1928,Systems developer
2734,BA8a7FC142bEb4f,Bonnie,Olsen,Female,randylong@example.com,-7892,7/11/2016,TEFL teacher
2735,4aaA56C015bac8f,Ruben,Cooper,Male,tim55@example.com,335-352-6909,9/20/1945,Marketing executive
2736,eA9564F5edB92d4,Fred,Walker,Female,fitzpatricksheri@example.org,-8855,1/8/1945,"Research officer, political party"
2737,FDAF1EFd8A01c76,George,Curry,Female,katherine39@example.org,001-204-232-0863x4118,6/1/2005,"Engineer, electronics"
2738,4a5BcCBB63Ba625,Mariah,Alvarado,Female,iandrews@example.org,+1-457-580-4986x90187,11/10/1912,Public affairs consultant
2739,Eb8dBbe1CdBBFa8,Warren,Mendoza,Female,jeremyewing@example.net,281.022.9482x1720,7/15/2009,Colour technologist
2740,1aeCfC170AD20eE,Emily,Baird,Male,clayharold@example.net,304-500-1045x399,5/17/1952,Special effects artist
2741,FFD38bEd8E8D841,Larry,Kim,Female,yesenia91@example.org,9312312818,6/7/2013,Barrister
2742,BebD22F4AcaaB96,Larry,Jacobs,Male,mcgrathbill@example.com,290.113.7713x2179,11/9/1952,Radiation protection practitioner
2743,Fe1e1B1C1F1cCDb,Carla,Stewart,Male,stoutpeter@example.org,(755)327-5701x69646,3/31/1986,"Surveyor, rural practice"
2744,Db2194923cAAccC,Lucas,Atkinson,Male,ronniehayes@example.net,(968)594-4339x35272,6/12/1983,Theme park manager
2745,05fF8bCcfdaa8a0,Adam,Blankenship,Female,ugalloway@example.net,-9423,7/31/1952,"Administrator, sports"
2746,bbbbaad4A62aAAf,Alyssa,Hansen,Female,lchan@example.org,492-176-1899x63168,10/10/1981,Psychiatric nurse
2747,FE0637Ea9564eEB,Laurie,Brock,Male,sandy41@example.org,2110009985,2/7/1907,Chief of Staff
2748,cAC421745ab87bD,Kirk,Meadows,Male,carlbuck@example.com,666-557-9393x366,12/11/1906,Environmental education officer
2749,e5B8f2dD3206f12,Tyrone,Downs,Male,kcraig@example.net,990.796.7153,8/19/1941,Retail banker
2750,AE8F83DF89E7B15,Dan,Arroyo,Male,xschwartz@example.net,199-583-8913x19658,7/20/1921,Higher education careers adviser
2751,ef10957Cdc6842F,Fernando,Garrison,Female,smolina@example.org,528.125.1244x30347,10/28/2013,Copy
2752,eCcD475f0bc96C4,Kristina,Archer,Female,thomascallahan@example.com,(699)327-4594x3865,6/8/1953,IT sales professional
2753,d0EfCeB58CaBD5C,Adrian,Guerrero,Male,nancy09@example.net,283-295-2405x04670,2/27/1939,Magazine journalist
2754,a7e8e298DFdc33a,Perry,Mcclain,Male,zarnold@example.com,001-297-886-6451x453,12/29/1934,Clinical research associate
2755,5c19FE0268f013D,Tricia,Watkins,Female,pollardshirley@example.com,001-030-321-2667x6824,11/9/1937,Leisure centre manager
2756,7bF9Ed79eEEdCca,Candice,Mclaughlin,Male,angel77@example.org,(154)163-2861x437,3/14/1983,Photographer
2757,aF421bca053DaE2,Richard,Nguyen,Female,richard25@example.com,925.730.5747x659,8/17/1919,Stage manager
2758,9E61b799230c0DC,Austin,Boyer,Female,cristina72@example.com,857.564.4902,6/15/1979,TEFL teacher
2759,83cdd74559BecB4,John,Bennett,Female,jeremy07@example.net,762-327-3706x071,6/14/2020,Systems developer
2760,acDfBD4d47b1856,Anna,Fletcher,Male,alexandermontes@example.org,(139)376-0371,12/26/1969,Sales promotion account executive
2761,Bf9D22abe178920,Sherri,Wagner,Female,rdavidson@example.net,001-534-587-9419x9726,9/21/2002,Farm manager
2762,aF550CB3E58E296,Glenn,Robbins,Male,xwalsh@example.net,(938)414-1551,12/19/1979,Podiatrist
2763,1c9Ea00f19cFA9c,Sergio,Ponce,Male,beth16@example.com,669.055.2074x038,8/14/1989,Retail buyer
2764,f8F59dA732Ba1Dd,Monica,Wilkins,Male,laura19@example.com,001-649-277-5208x2888,11/17/1974,Occupational hygienist
2765,4bf73d3bEaa79Cc,Hector,Harvey,Female,nsavage@example.com,001-109-119-6051x5697,11/24/1921,Armed forces technical officer
2766,1a3057C1a8cd00F,Ricardo,Garrett,Female,xpeters@example.net,(015)423-1733x7979,5/5/2009,"Teacher, English as a foreign language"
2767,c4001FDdFbDfE05,Mikayla,Lynch,Female,mirandaterrence@example.net,100.390.9640x83636,1/30/1909,Scientific laboratory technician
2768,fCdCB36bC45159b,Clinton,Paul,Male,iarroyo@example.net,190-099-3094x84271,3/4/1970,Ranger/warden
2769,Ef93cf2Abec660a,Olivia,Mathews,Male,darrencastro@example.com,109.469.9667x26569,11/25/1954,Learning mentor
2770,d54cBcC936EDCA1,Natasha,Fuller,Male,devincarson@example.com,607-816-8242,5/18/2019,Financial adviser
2771,fa77ccf8A8B3d70,David,Campos,Male,clarencefitzpatrick@example.net,(254)482-5313,5/9/1940,Forensic scientist
2772,30BBc0bc1E38bF0,Ariel,Armstrong,Female,juan96@example.org,396-820-6043,12/23/1933,Telecommunications researcher
2773,93A798fBC1B6eaa,Breanna,Harrell,Female,eturner@example.org,(528)111-8927,2/13/1921,Travel agency manager
2774,4CC6CD77C5fD3fa,Priscilla,Snyder,Male,gracefloyd@example.com,453-363-8892,2/10/1947,Travel agency manager
2775,23CC1e69C31e5Ba,Shaun,Carney,Female,darius10@example.net,2074888032,9/24/1919,Customer service manager
2776,7AFB11Fd650F8FC,Charlotte,Mcintyre,Female,gloria71@example.net,(015)907-7957x527,5/17/1925,Secondary school teacher
2777,915D1C9ba6beC79,Meredith,Kaufman,Male,stephenhammond@example.net,001-796-073-7444x426,2/22/1988,Retail banker
2778,0E9fCD8CdAE4EE7,Charlotte,Hatfield,Male,fvelez@example.net,281.091.8455x4089,3/15/1968,Race relations officer
2779,89f6DB0D2C2AaC9,Ricky,Franklin,Female,bettygay@example.org,(829)073-4691x83032,8/9/1956,Marine scientist
2780,615f03EfbBb59cC,Larry,Dorsey,Male,ethan09@example.org,+1-719-317-9845x45973,6/26/2005,Arts administrator
2781,9BF8273EF07eda0,Monique,Clements,Male,vschroeder@example.net,502.015.7984,9/16/1909,Trade mark attorney
2782,C9cD122547Fc27f,Rachel,Larson,Female,darren82@example.net,(535)351-6813x3197,7/29/2004,Glass blower/designer
2783,9c1FEeBb17C47D8,Kylie,Nguyen,Female,carrtricia@example.org,904.167.4074x38664,9/13/1925,Community education officer
2784,36eBFf63cEb1F0B,Todd,Orozco,Female,ramseyrose@example.net,(084)600-0869x374,9/9/1910,Orthoptist
2785,bffa65d82Fb61Ed,Christina,Barker,Female,catherine11@example.net,283.396.9144,10/10/2002,"Editor, commissioning"
2786,aCF97B3bF3baD2D,Gary,Ramos,Female,jmanning@example.org,+1-529-949-0069x1891,7/5/1969,Police officer
2787,8ec52284C45Bfbb,Dakota,Burke,Female,ymartinez@example.net,+1-625-394-5516x37856,1/14/2005,Advertising art director
2788,cDbCA5ceBaAd7aA,Mike,Gallegos,Male,mosleydylan@example.com,001-534-113-8425x055,3/3/2021,Purchasing manager
2789,22a60CE4120A7c8,Jermaine,Mejia,Male,cmoss@example.net,097.659.9705,12/23/1968,"Social research officer, government"
2790,DD1218f7D23E4F5,Randall,Zimmerman,Male,candicejacobs@example.com,(644)544-6696x765,12/25/1993,Exhibition designer
2791,76ee424d63cbaf8,Janice,Richard,Female,craig18@example.com,(366)421-5948x7316,1/24/1990,Immunologist
2792,DEa67bbe97C6aBe,Suzanne,Phillips,Male,rhodges@example.org,001-711-493-6739x18766,11/17/1957,Fast food restaurant manager
2793,0dDe633855EfEE3,Danny,Ford,Female,cindy54@example.org,005-039-6098x0515,1/12/1982,Advertising copywriter
2794,F1Fb0cdC73B176c,Jessica,Daniels,Female,kimberlysingleton@example.org,(017)211-7466x2652,5/30/1926,Location manager
2795,AB7c33A1aE7b10D,Mia,Rivera,Female,dturner@example.net,579-652-0981x897,12/13/1948,"Engineer, production"
2796,E950B9BF48C37Ac,Neil,Haynes,Female,knoxoscar@example.net,(161)906-8105x2838,5/6/1945,Land
2797,7a0c6c91bAa307e,Doris,Boone,Male,kristie06@example.net,910-620-2981x02544,8/16/1964,Optometrist
2798,8f9fE699747ecae,Perry,Eaton,Male,normanking@example.org,891-866-2145,2/14/1975,"Therapist, music"
2799,0eDB7d67b67424D,James,Willis,Female,brad00@example.org,401-372-6195x1354,9/16/2002,Tour manager
2800,BED3a5823DEcd9D,Tonya,Dorsey,Male,dmolina@example.com,4245723581,8/15/1978,Nature conservation officer
2801,cDbE36E89DFac8E,Jay,Ingram,Male,levinealexandria@example.org,001-710-526-4369x4278,5/23/1981,Agricultural engineer
2802,578cD0DDEC2E6DF,Leslie,Walter,Male,rmurillo@example.net,(845)601-2524x4380,5/8/2009,Accounting technician
2803,6F795FaeBb87fbb,Martin,Sherman,Male,utate@example.com,001-422-660-9406,2/27/1911,"Doctor, general practice"
2804,ff9E79B7A0EcC6e,Stephen,Davidson,Male,gterrell@example.net,135-816-0166,1/29/1968,Information systems manager
2805,DcbcB5Ff7aAbdfb,Tracey,Castillo,Male,leemercer@example.net,003-342-6325,7/25/1906,Consulting civil engineer
2806,DFBCc8efeCDcdb7,Kristie,Moses,Male,heidisimmons@example.com,6959431126,6/17/1958,Air cabin crew
2807,c1B1caf4bdb861f,Helen,Santiago,Male,salazardouglas@example.org,001-309-221-3293x5512,12/22/2018,"Journalist, magazine"
2808,29AdFc7A5dAEB7a,Joanna,Wang,Male,kelseywolfe@example.net,(565)768-0679,11/17/1970,Geoscientist
2809,C370A1b324faa59,Kenneth,Walters,Male,mary33@example.org,839-590-6065,12/8/1951,"Scientist, research (maths)"
2810,D539EBdA61e27D7,Noah,Hardy,Female,gabriela18@example.com,4680333219,2/2/2016,Insurance risk surveyor
2811,7e82f3fa3A526EC,Brandon,Lin,Female,darrell11@example.com,(385)155-0839,11/24/1956,Estate manager/land agent
2812,0E822B15Ee61AbC,Ellen,Rodgers,Female,jill50@example.net,001-418-804-4772x158,10/4/1977,"Producer, radio"
2813,0ae7a173baD0cCc,Brendan,Hess,Male,changmelanie@example.org,7405286792,2/29/1988,Contracting civil engineer
2814,fb160ACc26Fb2E8,Vickie,Peck,Female,gilbertlydia@example.com,001-493-629-5655,10/29/2007,Writer
2815,84B9b81cB5ab71b,Brenda,Clements,Male,aimee07@example.org,(649)198-3258,10/23/1967,Equality and diversity officer
2816,e80a7ecAaf108fA,Kenneth,Brewer,Female,morgan19@example.org,-7316,3/3/1941,"Administrator, charities/voluntary organisations"
2817,D689e79C54E48E1,Candace,Yates,Female,dshort@example.org,375.192.3922,10/29/1911,Farm manager
2818,6F0517D30fE41CD,Shannon,Malone,Female,omorton@example.net,680-583-3739,10/26/1906,"Chemist, analytical"
2819,6e5D5e1FFF96e99,Stacey,Reilly,Female,cynthia02@example.com,053.033.4800x60284,2/27/1954,"Administrator, charities/voluntary organisations"
2820,A7BaEDdDc8cA0c9,Cory,Byrd,Male,cunninghamethan@example.net,772-816-9422,3/1/1911,"Engineer, civil (consulting)"
2821,ed5e34Daa29f2aF,Brent,Mccormick,Female,christina06@example.org,734-010-9359x63644,9/19/2011,"Designer, interior/spatial"
2822,866AAbC7bC1fDEd,Haley,Morse,Female,drew65@example.net,544-011-8993x611,6/14/1915,Building services engineer
2823,1412d428DDA9e84,Kirsten,Stuart,Female,sunderwood@example.com,683-028-1472,6/22/1975,Field seismologist
2824,eaA881503C6EAAd,Ariana,Sullivan,Male,wallacechristine@example.org,001-515-666-1196x2880,4/13/2014,Special effects artist
2825,B73b8bcDBdeF5c4,Stanley,Horton,Female,earl53@example.com,847.428.0879x887,1/28/1923,Rural practice surveyor
2826,40DE652C3cB1Df4,Kylie,Reilly,Male,klozano@example.com,+1-965-079-0361x3973,6/9/1988,Facilities manager
2827,CaBD1B4ad88a936,Claire,Mason,Female,janice09@example.com,578.221.7410,11/28/1955,Geochemist
2828,6c51a66aB7D7e9D,Mindy,Mejia,Female,phumphrey@example.com,985-441-1527,10/20/1970,"Education officer, community"
2829,4683a1579a1cB62,Kerry,Hahn,Female,clementskrista@example.org,001-841-712-9284x7803,3/11/1976,"Psychologist, prison and probation services"
2830,e4c4f229A7671Bc,Jim,Campos,Male,laurasandoval@example.net,623-880-2431x42238,10/31/1988,"Accountant, chartered management"
2831,Ce6C9Ea7BD6d0aF,Karen,Combs,Male,sheila39@example.org,(730)018-7413x870,9/18/1923,"Solicitor, Scotland"
2832,7d3d2f8Bf1cAcaC,Megan,Howard,Female,gvasquez@example.com,(995)866-8652,11/18/1948,"Social research officer, government"
2833,74F683aaa82fac8,Paul,Bradley,Female,weekskevin@example.net,509-493-0929,2/3/2021,"Engineer, materials"
2834,9ec5fACCaa4AA0B,Stefanie,Le,Female,griffithalyssa@example.net,(420)800-5254x055,5/15/1946,Film/video editor
2835,01D611C4FF7AD5e,Bernard,Bautista,Male,stephenshort@example.org,295.517.6835,1/13/1907,Arts administrator
2836,22FF3312bD09e5c,Casey,Cox,Male,burchneil@example.org,155.635.8005x475,2/1/1946,Fish farm manager
2837,84f6b3F0972D5e8,Elijah,Santiago,Male,qwebster@example.com,919-791-4176,6/2/1968,Marketing executive
2838,BCcbFfCAdc516c9,Carl,Brown,Male,jaredpennington@example.org,9194268922,10/14/2017,Arts administrator
2839,97B1cD62E8c276C,Tasha,Wade,Female,xdurham@example.com,(343)215-1797,1/15/1947,Armed forces logistics/support/administrative officer
2840,C6e91Ce1b4daAaF,Ian,Aguirre,Female,syang@example.org,+1-019-066-0875x320,2/29/1972,Leisure centre manager
2841,2BA703DC25e25fc,Jorge,Aguilar,Female,connorlandry@example.com,(970)769-8897x1455,12/4/2013,Restaurant manager
2842,Be9ac7F0A87B273,Isabel,Esparza,Male,alimelanie@example.net,(889)525-1597x839,5/25/2018,Medical secretary
2843,B8dA4fB663dD956,Cynthia,Meadows,Female,bdominguez@example.net,376.421.3458x824,9/16/1943,Therapeutic radiographer
2844,dC0dB54fF3eB7ce,Lydia,White,Female,ubartlett@example.org,169.556.9576x950,3/24/2011,"Therapist, art"
2845,4d5d9addD8Eb5dA,Jasmine,Daniels,Male,ponceshawna@example.org,129215399,5/10/1907,Financial controller
2846,3df9C542D657AA0,Ralph,Ashley,Male,triciahuerta@example.org,(786)380-0955,1/1/1935,"Designer, jewellery"
2847,72be743cd40EE24,Pam,Torres,Male,lynnharold@example.org,(964)655-9655x4129,6/18/1926,Community pharmacist
2848,DFA1B1b13CbA3aD,Christine,Carey,Male,kellieserrano@example.net,270.018.6595,10/19/1942,"Engineer, aeronautical"
2849,b1c4b4cedcb6f15,Janice,Wyatt,Female,jimjordan@example.net,+1-824-269-5584x56099,6/28/1909,"Engineer, maintenance (IT)"
2850,fCa0dee53c33D10,Thomas,Moody,Male,istevens@example.net,911.610.5407,8/18/2020,Animator
2851,311C98AB4d52df1,Ross,Contreras,Female,copelandbobby@example.com,+1-025-158-8074x15511,1/14/1927,"Psychologist, prison and probation services"
2852,AFf66aBfd906De2,Christine,Johnston,Male,sheri81@example.com,+1-713-190-1860x268,2/1/1913,Financial planner
2853,6FCD78Ad311Ee32,Loretta,Waters,Male,ggillespie@example.org,001-265-352-2150,6/21/1958,Set designer
2854,1758E30686b3FE9,Roger,Cox,Female,burtonaaron@example.org,452-452-6754x9784,4/11/1935,Clinical biochemist
2855,Ad784Fce0164A91,Tracey,Flynn,Male,mosscollin@example.com,(983)779-7749,3/14/2010,Music therapist
2856,2E2FB3BD97b6dB0,Aaron,Chang,Female,stevenduke@example.com,001-935-289-6244,8/1/1970,Geoscientist
2857,dAd2a4c315dEdeC,Ashley,Morrow,Female,yoderearl@example.org,496-557-5149x0487,10/27/1948,"Nurse, children's"
2858,008b38374dbfe71,Hector,Spence,Female,hbarker@example.net,565.607.0533x8924,10/3/1914,Photographer
2859,dfFF0AeCE699C8F,Jermaine,Mcbride,Female,sydneymorales@example.com,158.314.0268,8/19/1908,Furniture conservator/restorer
2860,40DcFe86a634dCE,Levi,Watkins,Female,rachelbrady@example.org,2982775368,4/17/2016,"Engineer, civil (consulting)"
2861,ced48eefEF07EdB,Lacey,Chaney,Male,sylviamccormick@example.com,+1-114-145-1453x6972,12/4/1910,Oncologist
2862,BAC13F7c8c8ba2B,Sydney,Pittman,Male,brookeflynn@example.org,(897)767-9819,10/14/1986,Wellsite geologist
2863,afc4c37C83d4Fc3,Adrian,Adkins,Female,bcummings@example.org,+1-574-326-0123x182,6/19/1959,Ophthalmologist
2864,f3209c1F3820C0F,Cathy,Hodges,Female,keith41@example.com,215.065.1870x125,5/23/2017,Nature conservation officer
2865,75aD97f2e9Ba4f8,Olivia,Hill,Male,kristine65@example.net,(630)512-3427x9387,8/10/1932,Politician's assistant
2866,8D8e0a83C4Da01E,Francisco,Dyer,Female,charlesblanchard@example.net,(253)201-0047x718,12/10/1972,"Presenter, broadcasting"
2867,a6AdC0F7D6e8fCe,Nancy,Nolan,Male,ivan92@example.net,(263)868-5367,7/4/1999,Administrator
2868,667dffCCecBDeA4,Lawrence,Walls,Male,hensonisaiah@example.net,6244615643,3/23/1974,Multimedia programmer
2869,04CAE21ea7108EE,Kendra,Mccoy,Male,mandy91@example.net,(785)063-5503x9745,9/13/2015,Hospital doctor
2870,29B7F37A1a080E2,Terry,Lamb,Female,nstafford@example.com,105-109-0420x4085,1/27/1930,English as a second language teacher
2871,19EEa32B50163FD,Zachary,Singleton,Female,oliviapratt@example.org,001-376-563-7550x3685,11/23/1974,Communications engineer
2872,4b9E5AeEaCE9777,Katie,Baker,Male,hthomas@example.net,458-070-6774,4/15/1907,"Conservator, museum/gallery"
2873,baFE4e05CcfF6dF,Mary,Pitts,Male,tyrone78@example.org,235.344.9794,11/12/2003,IT consultant
2874,8f87A1eC5E08A58,Brandy,Oneal,Male,benjamin31@example.com,684-261-4510,5/3/1907,Sales executive
2875,AFdCe24E5A434B6,Edward,Kim,Male,jon96@example.com,8929597940,3/15/2019,Ergonomist
2876,dEB91609FD529fB,Mindy,Strong,Male,mathewswyatt@example.net,+1-486-597-0845x179,11/26/2012,Geophysicist/field seismologist
2877,4Ef1A7551bB4Baa,Angela,Price,Female,don18@example.com,818-605-5696,6/27/2000,"Pilot, airline"
2878,fAeDA4486F179aC,Sophia,Tanner,Male,lewischristina@example.net,+1-327-859-4336x399,3/2/1929,Regulatory affairs officer
2879,Ccc0fc3Ab6CDaa3,Toni,Beard,Female,harold55@example.org,+1-192-793-4320x2163,3/14/1985,Magazine features editor
2880,aD2DD1FeADD96C3,Alexandra,Liu,Female,xchan@example.net,030.946.5553,12/9/1992,Catering manager
2881,CBE0cE3B5580aa6,Becky,Kemp,Male,soniaturner@example.net,001-104-631-0700x132,10/20/1972,Land/geomatics surveyor
2882,3Ae32C4d3b5E5e9,Kylie,Hester,Female,tasha56@example.com,001-257-424-7491,5/31/1934,"Buyer, industrial"
2883,c0cBe092ebf5bc9,Cristian,Kane,Female,cassidyosborne@example.org,85293571,10/20/1996,"Pharmacist, hospital"
2884,EBee974Ad438FeF,Marcia,Farrell,Female,jennycaldwell@example.net,178.349.7876x22314,7/23/1953,Advertising copywriter
2885,85Ce2Cac1c2264E,Martin,Davis,Female,wrubio@example.net,(189)380-2764,4/14/1918,Theatre stage manager
2886,bfecBeB7Fcc8912,Miranda,Hampton,Female,garnerjudith@example.net,373.981.2411,3/3/1914,"Psychologist, educational"
2887,97E3bFb1Ace60Fb,Eileen,Benjamin,Male,perryhorn@example.com,415-929-4828,2/3/1937,Occupational therapist
2888,A7194CA48fe102A,Preston,Chen,Female,villalaurie@example.net,1142111129,2/7/2020,Child psychotherapist
2889,991FfEcE2fc4eEf,Kelli,Orr,Male,shawnbruce@example.org,7623430055,10/19/1940,Volunteer coordinator
2890,3BcDDCBf262cD6E,Julie,Dawson,Male,harrisonchristine@example.net,001-602-117-5334x04386,2/2/1963,Film/video editor
2891,fdCd5B1d4Dc1bF4,Francisco,Harrison,Male,blam@example.org,350.253.1624,1/9/1973,Dentist
2892,3a81EB8baeA0eEd,Paula,Baird,Female,acarr@example.net,383.838.6084x5445,2/19/1981,"Teacher, primary school"
2893,65c5a2cedD2E1cD,Troy,Costa,Male,gregory61@example.com,001-017-002-3224x658,11/2/1980,"Accountant, chartered"
2894,8DdAF5bB55ae92f,Yvette,May,Male,javier86@example.net,(723)975-6909x448,11/6/1909,"Teacher, early years/pre"
2895,E9D207fBaDBDC3f,Cheyenne,Garrison,Male,william45@example.org,+1-732-718-3863x29812,12/15/2014,Advertising art director
2896,387E02F06fD4a48,Paula,Hicks,Male,terri72@example.org,615-617-9239x81169,11/5/1974,Trade union research officer
2897,61de7f0642aAA87,Billy,Crawford,Female,mvaldez@example.com,663-886-0507x265,8/22/1980,Sales promotion account executive
2898,ff82f5daFD1ab94,Natasha,Valencia,Male,huffmanterrence@example.com,848-445-4067x5429,4/7/1947,"Librarian, academic"
2899,afccF55B1CFC6c3,Martin,Larsen,Female,mariobradford@example.net,265-268-2510x862,2/8/2005,Oceanographer
2900,1046ed9f633B2dD,Olivia,Vaughn,Female,qglover@example.net,001-949-380-2855x01828,7/18/1997,"Education officer, environmental"
2901,BCc193Cb4F6214B,Morgan,Stafford,Female,gliu@example.net,(500)552-0368,11/5/1928,Investment analyst
2902,DFE1889E25ECA86,Jocelyn,Gentry,Male,vhaney@example.org,(444)787-9895,10/12/1978,Chartered public finance accountant
2903,EaC6c26FcFefCAb,Taylor,Barrett,Female,warrencurtis@example.com,7826471424,6/17/1954,Phytotherapist
2904,92e233B69027795,Joshua,Browning,Female,rickey85@example.net,158.920.7579x8076,12/23/2018,Volunteer coordinator
2905,C665E3444b382eD,Raymond,Lin,Male,lindseymckenzie@example.org,909.458.4355x581,5/18/1908,Homeopath
2906,3cbA3bDce8EA1B6,Eugene,Leach,Male,lcopeland@example.com,-3557,7/19/1933,"Scientist, research (maths)"
2907,e3854cA08ccde2a,Tanner,Hines,Male,harry15@example.com,128-229-1414,6/14/1940,"Scientist, research (medical)"
2908,5d88e24bEcE7E0B,Nicole,Huynh,Male,mia73@example.net,032.721.2682x5632,6/8/1911,Speech and language therapist
2909,4ad7FcF2CFCbE1e,Autumn,Mack,Male,alexander60@example.net,787.201.9087,7/20/1910,"Radiographer, therapeutic"
2910,aBf9Eb994848C23,Jocelyn,Werner,Female,wanda69@example.com,+1-200-513-8199x7609,9/23/1981,"Investment banker, operational"
2911,9B0b3e9eFAcCE1F,Tyrone,Church,Female,tammie28@example.net,444-035-0248x91015,8/14/1907,IT sales professional
2912,4Dc12DbC41baB32,Jesse,Stein,Female,glennmercedes@example.com,770.719.9939x8925,10/23/1999,Field seismologist
2913,2634e67938DFb0b,Crystal,Jacobs,Female,omarhendricks@example.net,(931)566-4854,6/9/1952,Lobbyist
2914,89C676adec031Be,Kimberly,Cordova,Male,sheri92@example.net,723.640.7510x16978,1/10/1964,Midwife
2915,E9d6eBB1EDAd39f,Franklin,Houston,Male,lorraine50@example.net,+1-004-762-7585x26943,3/1/1994,Farm manager
2916,0E156dC4fE192e2,Lydia,Weeks,Male,jose63@example.org,932-773-5821x755,6/17/1926,Public house manager
2917,fF076cbCb18871E,Alan,Warner,Female,wallluke@example.com,+1-095-105-7611x2046,4/8/1943,Theme park manager
2918,Def4CFa47A4Ca5a,Jeanette,Cummings,Male,marthaparker@example.net,(817)705-6602,7/13/1911,"Psychotherapist, child"
2919,C6ec046B0AB38ac,Chelsea,Robles,Male,dixonchristine@example.org,+1-936-605-2306x30695,6/22/1916,Human resources officer
2920,3E9836F0DFBF3DF,Fred,Weber,Male,adkinslee@example.org,(773)544-4697,7/26/2000,"Secretary, company"
2921,AaDC3AfbdaDAb6a,Madison,Hendrix,Male,david40@example.org,218.518.9476x78953,2/24/1967,"Librarian, public"
2922,C5AA1D807fEB7d8,Margaret,Patterson,Female,leachjerry@example.net,(530)281-1725x66302,11/26/2019,Hospital doctor
2923,EB8EfAD8A3acdB1,Caitlin,Stone,Female,qdominguez@example.com,(171)167-0476x502,1/7/1909,"Engineer, manufacturing"
2924,Ed6A3DdD65505cC,Reginald,Mooney,Male,ricardoray@example.net,001-077-804-2647,8/18/2016,Private music teacher
2925,81AE504AcC24B7f,Kathryn,Rojas,Male,reillynina@example.org,1439760264,1/25/1914,Horticultural consultant
2926,34C68bC1AE42CaF,Tricia,Barry,Male,shannonnicholson@example.org,+1-945-275-2347x0731,5/25/1975,"Engineer, land"
2927,d25Ecb5fE1e1ef8,Ryan,Grant,Female,poncesherry@example.net,599-920-5275,5/27/1912,Food technologist
2928,7b173ABe0AbeF0A,Ariana,Roberts,Male,amberbuchanan@example.com,(962)616-5026x154,4/10/1962,Barrister's clerk
2929,25193926eDAAa5c,Peter,Luna,Female,orogers@example.net,001-826-025-9088x75292,4/24/1920,Glass blower/designer
2930,3eeB3B907D89B01,Dwayne,Hays,Male,oconnordestiny@example.org,-9461,5/3/2018,Operations geologist
2931,CbE5Dea4d77fbbB,Glen,Chase,Male,colton47@example.net,542-923-7842x601,5/30/1993,Medical secretary
2932,9c786Bd50c27edF,Jermaine,Avery,Male,ian04@example.net,736-708-0358x239,7/6/1954,Diagnostic radiographer
2933,18bDbdEbe815c29,Regina,Frazier,Female,meyerkimberly@example.net,966.374.7978x691,1/15/2009,Museum/gallery conservator
2934,6411B4Ae1Ec7ec8,Molly,Livingston,Male,kristawebster@example.com,001-831-767-7500,12/12/1936,Equality and diversity officer
2935,c3b06e6BBFbE6AB,Theodore,Williamson,Female,bhancock@example.net,-5814,11/12/1952,Mining engineer
2936,AaF7a529ACCaC52,Larry,Clark,Male,diana45@example.com,001-989-228-8801x4908,5/20/2001,"Therapist, horticultural"
2937,E7e73f92cb5c5b3,Carolyn,Pollard,Male,haleyhoffman@example.net,(012)324-9585,4/29/1925,Oncologist
2938,Dea2183dfa63ffb,Cristina,Singleton,Male,ryan01@example.net,(449)735-3000x88435,11/11/1994,Chief Technology Officer
2939,2Fc63C2dC5795F6,Kristina,Turner,Female,reynoldsdean@example.com,+1-271-602-4926x9414,2/12/1973,Financial planner
2940,99fE1DfFDE9Ccab,Vanessa,Wright,Female,joann55@example.net,001-540-799-6290x004,2/13/1940,Government social research officer
2941,fcBA469cf92eA15,Kent,Lynch,Male,cdeleon@example.net,471-333-6978x6507,4/27/1956,Herbalist
2942,D45D5F78C557f68,Kara,Lyons,Male,calebandrade@example.com,673-118-3267x918,6/3/1917,Economist
2943,fede68fcc8f83FE,Russell,Morse,Female,aorr@example.net,036.782.2213x25864,10/9/1992,Police officer
2944,DD15bdea88dab9e,Tammy,Lucero,Female,ilam@example.org,001-609-971-8479x0047,2/27/1992,Architectural technologist
2945,cdd684A3C57550C,Ross,Wagner,Male,phillipskellie@example.net,9315833197,4/19/1969,Wellsite geologist
2946,B5C4c7a7Cb03E7d,Connie,Poole,Female,ivaughan@example.net,5974102344,7/17/1912,"Surveyor, minerals"
2947,1915783DfADd660,Lynn,Becker,Female,wmayer@example.net,278.669.0810,8/10/2005,Armed forces operational officer
2948,d4B302AFE0151FB,Alisha,Foley,Male,zvargas@example.org,078-360-1260,2/11/1942,Diagnostic radiographer
2949,2ae28dBECDcB156,Clifford,Walker,Male,leonreilly@example.net,122-248-0794,4/2/1953,Chartered certified accountant
2950,40cf2CB465332F6,Jill,Mcbride,Male,merceryvette@example.org,(686)696-8572x07163,8/24/1929,"Nurse, learning disability"
2951,b97EC4Dd46B681c,Troy,Neal,Female,arianaharmon@example.org,398.927.0384x59894,4/10/1927,Further education lecturer
2952,9CD7A9bFC8ed6B7,Annette,Leach,Male,uparrish@example.net,847-717-6910,10/16/1921,"Accountant, chartered management"
2953,5b9C2de79f25EBA,Rhonda,Pittman,Male,dianelogan@example.org,+1-681-656-3780x84025,6/2/1974,Armed forces technical officer
2954,FfD7EaE8fae1aca,Tom,Galloway,Female,adrianaclay@example.net,659.170.8367x5254,8/3/1953,"Pharmacist, community"
2955,d84Ed2Ef4ed3e5d,Parker,Nielsen,Female,rfrye@example.com,001-907-323-0438,5/31/1926,Garment/textile technologist
2956,E0CCdD15A1ca3bE,Monica,Velazquez,Male,george24@example.org,888-390-7608,8/13/1970,Museum/gallery curator
2957,aA16c814C5e56a5,Belinda,Wiley,Male,terrence79@example.com,(830)425-5211,3/26/1951,Wellsite geologist
2958,BC8bAB56DCFe02a,Ellen,Kim,Male,spencegordon@example.net,808.288.1881x5004,4/18/2009,Heritage manager
2959,3C4DBcFf2f8e5e2,Yolanda,Garner,Female,mccartylarry@example.com,-6161,12/14/1924,"Producer, radio"
2960,F45D22C4a04d04E,Dwayne,Powell,Female,alexabriggs@example.net,908.891.7729x354,11/10/1931,Dietitian
2961,Fb4dfd3eBBA738C,Linda,Mata,Female,abeltran@example.com,(468)465-2717,8/19/1918,"Engineer, biomedical"
2962,F4ed249c1c74212,Seth,Flowers,Female,grimesernest@example.org,8164140436,10/10/1960,Public affairs consultant
2963,37Cc7B871AeA911,Jesse,Arellano,Male,chasefrancis@example.net,106.589.2072x687,12/21/1964,"Merchandiser, retail"
2964,FcC61b80f4A6Bd6,Mason,Cobb,Male,pottermelissa@example.org,(442)402-5252x713,10/3/1916,Geoscientist
2965,feDc766fF5BACDE,Kim,Singh,Male,haasbryce@example.com,270-329-6027,2/13/1927,"Journalist, newspaper"
2966,8Fa8F34C8917D23,Douglas,Kelly,Male,candaceyang@example.org,7771960376,3/8/1907,Cartographer
2967,0cEd5cFf4DB24a4,Gabriella,Todd,Female,shane34@example.net,(093)411-0840,6/30/1919,Astronomer
2968,F9FcE82a88A02FD,Crystal,Escobar,Female,donnaowens@example.org,001.606.4556x1970,12/30/1997,Retail merchandiser
2969,1DE21FF369f95ca,Collin,Potts,Female,barnettwyatt@example.net,001-341-705-3618x97278,5/14/1953,Museum/gallery exhibitions officer
2970,7ae07eFBF001fF4,Eduardo,Benjamin,Male,melinda51@example.org,515.027.1183x8982,6/2/1996,Illustrator
2971,b59C455cC2d6f21,Victor,Luna,Male,bethanyyang@example.org,-6879,1/18/1971,Emergency planning/management officer
2972,6B41d3FD8E302A3,Toni,Hoover,Female,brittany79@example.net,543-472-3472x612,6/26/1989,Lobbyist
2973,dfdc7c5D2CC98AE,Shawna,Page,Male,jasonhouse@example.com,(115)099-5659,3/13/2015,Multimedia programmer
2974,ADB2599A54aaBEc,Ralph,Mann,Male,aroberts@example.com,001-431-382-9251x4355,3/8/1970,Petroleum engineer
2975,FFC819daBfAC943,Vicki,Duarte,Female,natashadavila@example.net,001-755-136-2065,3/13/1908,Editorial assistant
2976,e06f233DAF39EFC,Jerome,Vazquez,Female,normangibbs@example.com,670.661.8007,9/19/1970,Video editor
2977,FBF76abC9B1B0bd,Cristian,Mendez,Female,downsellen@example.net,(206)259-2825x3813,11/13/1982,Musician
2978,b28276a215C0444,Madison,Huber,Female,shelley04@example.net,381-565-9095,4/6/2003,Geographical information systems officer
2979,3EDe9eCA1F4BB4B,Marcus,Murray,Male,gatesedward@example.org,665663527,3/9/1946,"Geologist, engineering"
2980,f4C947a85D3aAf7,Frank,Walsh,Male,gvalentine@example.net,(135)134-4803,9/9/1995,Ecologist
2981,A36f83BbDacB08b,Anne,Velez,Female,natashaglenn@example.org,066.685.2536,9/12/2013,Insurance underwriter
2982,D6C53fBEC3dE77D,Rickey,Kaufman,Male,leah23@example.net,426-236-5104x214,2/3/1971,"Engineer, civil (contracting)"
2983,a10Cadc729c9Af7,Steven,Grimes,Female,proctortricia@example.org,(475)436-5931x6761,6/2/1929,"Engineer, mining"
2984,dCB780b43f1EBa5,Kaitlin,Jordan,Female,tammie50@example.com,094-560-2057x7880,11/3/1942,Police officer
2985,4148C3c9ea160AD,Luke,Barton,Female,perry38@example.net,980.615.2344x92465,4/20/1925,Clinical molecular geneticist
2986,21fE6DFA5E44b6A,Larry,Avery,Male,jdavid@example.com,154.546.4670x672,12/20/1985,Prison officer
2987,B0A44f3D85EBD4c,Craig,Russo,Female,bernard61@example.net,(127)427-6747,11/20/1924,"Physicist, medical"
2988,1cfe40aE1bc3aEB,Tabitha,Carson,Male,glovergrace@example.net,349-208-1940,12/7/1987,Musician
2989,0CAbf89bbEdFA66,Meagan,Walker,Female,charlottehuber@example.org,001-436-006-7545,1/4/2017,Community education officer
2990,38FCAABf3BB0B8f,David,Crawford,Male,fellison@example.com,+1-641-225-8467x91597,9/25/1979,Dietitian
2991,18DbEd2D4CfAeF3,Oscar,Banks,Male,brittney33@example.com,+1-213-464-9398x94710,9/30/1957,Arboriculturist
2992,d3fCc61C22a4FE6,Douglas,Dougherty,Female,kaitlinsimon@example.net,+1-202-077-8592x9718,7/9/2018,Land/geomatics surveyor
2993,fA6ba2a7fE227FF,Caitlin,Wright,Male,romantoni@example.org,274.468.0762x05220,1/11/1999,Geoscientist
2994,cf0Bed82D3c99dA,Ana,Hogan,Male,franciscodean@example.com,001-624-945-2765,10/8/1962,Careers information officer
2995,dC1cE38CC9Bed06,Jasmin,Beasley,Male,clayton01@example.net,001-655-791-1981x6311,5/23/1982,Recruitment consultant
2996,4c4Ee4Db45030bE,Clinton,Shepard,Male,ubradford@example.org,+1-561-175-0535x5714,5/28/1990,"Engineer, biomedical"
2997,F6a8b8f87030Ce4,Glenda,Herring,Female,dominique97@example.com,001-098-408-4018x2947,9/3/1926,Civil Service administrator
2998,717Cc70b5f1b3DD,Kristi,Lutz,Male,margaret69@example.org,762-947-9371x03090,6/24/2016,Photographer
2999,D922bE6DC0c97C6,Marie,Acevedo,Female,wendy06@example.com,+1-657-738-6819x1462,1/13/1913,"Surveyor, insurance"
3000,dE3Fcd71d17E00B,Grant,Schwartz,Male,maxwellthompson@example.net,(624)805-4865x156,9/10/2018,"Development worker, international aid"
3001,8CD886fF890AD12,Gordon,Franco,Male,bdonovan@example.com,-9545,11/22/2007,Homeopath
3002,AccEF9dC0eA4F36,Desiree,Sharp,Male,mccormickterrance@example.com,001-669-318-5516x4412,11/28/1961,"Geologist, engineering"
3003,Bf85CB0FDAeA3ee,Cristian,Freeman,Female,agonzalez@example.com,(678)298-1830x630,9/17/1970,"Engineer, biomedical"
3004,DC59EdCf020c6d2,Geoffrey,Mcneil,Female,barnespaul@example.com,900.128.8986x960,12/31/1948,"Scientist, research (maths)"
3005,e603EFD6DEAfb97,Geoffrey,Caldwell,Male,lanceflores@example.net,(296)329-4078,12/24/2014,Chief Executive Officer
3006,A7AEfc3E1CBD5BD,Martin,Roach,Male,zroberts@example.net,536.077.5128x0814,7/31/2004,Purchasing manager
3007,2Eb68E68C18B18e,Joel,Gallegos,Male,francisco92@example.net,776.296.4349x578,10/22/1938,Engineering geologist
3008,6bB7EB8D2D0E5AF,Carly,Rios,Female,nelsonfrancisco@example.net,262.136.1705x8511,3/5/2019,Government social research officer
3009,a937A6744DeE73B,Janet,Burton,Female,floreseileen@example.org,075.482.6227x495,2/1/2001,Adult nurse
3010,9cEEAC0792a4EbB,Desiree,Goodwin,Male,christielang@example.net,150-204-0466x3320,4/16/1951,Glass blower/designer
3011,C90F36f9ade36f8,Aimee,Blanchard,Male,mbooth@example.org,749.409.3503,2/9/2018,Field seismologist
3012,72f36da2EBD01C1,Rick,Bautista,Female,pennymontgomery@example.net,915.421.0519x608,12/16/1939,Homeopath
3013,3d5fC7Bb80E378D,Wanda,Barnes,Male,kristielynch@example.com,050-491-3504x41541,11/8/1951,Counsellor
3014,7D949DBD923be1F,Edward,Reynolds,Female,zhuerta@example.com,506-787-1423x395,2/25/1912,Pharmacologist
3015,662d5Df8a1d5F86,Charlotte,Bailey,Male,mindyschwartz@example.com,964-097-2501,7/31/1923,"Administrator, arts"
3016,662720c46dbb4A1,Randy,Cook,Female,garciabilly@example.com,+1-215-146-8238x86692,11/26/1928,Public librarian
3017,a5F8dbb8aba2989,Holly,Delgado,Female,genecain@example.net,001-355-365-9921x92779,6/29/1921,English as a foreign language teacher
3018,B6Ac11bDBDFFc48,Clifford,Ewing,Male,mercerguy@example.net,749-662-0232x35159,8/4/1976,IT trainer
3019,3e0cb7DFBfFD6c0,Felicia,Schultz,Male,ashley43@example.org,307-882-5871x62844,11/25/1930,Economist
3020,CE4b2692aa3DD55,Kathryn,Gomez,Male,stacey86@example.net,884-312-0114x22115,11/12/1934,Set designer
3021,Ded28FedFDf2FE5,James,Fields,Female,mercedes08@example.org,(254)120-9711x1591,10/5/2015,Environmental health practitioner
3022,8973ca8bfb6D94F,Kelly,Lowe,Male,prattbernard@example.org,256-746-0448,5/16/1981,Biomedical engineer
3023,2DFe11D58bDB23f,Laura,Scott,Male,xrios@example.net,(197)209-2507x5324,8/31/2014,Regulatory affairs officer
3024,aba2eF5995aB35f,Joanna,Duarte,Female,bryansheri@example.com,+1-829-512-2419x115,6/30/2007,Arts administrator
3025,24FF5ab99D5a319,Cole,Carrillo,Female,eddie07@example.com,-1293,9/6/1923,Chartered loss adjuster
3026,767111d9DB8C9D0,Jonathan,Rush,Male,rchang@example.com,071-202-1074,6/5/1974,Armed forces training and education officer
3027,ad9f37115eef0D3,Jason,Mays,Female,amyhenderson@example.org,001-797-615-9309,5/14/1956,Financial planner
3028,cE7Ba540bf44bcd,Rose,Spencer,Male,johnnycarlson@example.com,(013)208-2986x77709,2/23/2012,IT sales professional
3029,c78ab1f3DDe5b1d,Colton,Hoover,Female,burgessjermaine@example.net,531-047-2475,3/18/2012,Theatre director
3030,7ff43b99F5cf3CF,Isaac,Frederick,Male,abell@example.org,7030136155,8/7/2015,Counsellor
3031,cD75fEae1A41c2e,Jean,Alvarez,Female,curtiscody@example.net,(440)964-7440,9/2/1998,Music therapist
3032,c236f8D35E8fCa5,Nicole,Cobb,Female,nstanley@example.com,4110101282,8/11/1999,Film/video editor
3033,f40C9efB35B0Bb9,Dan,Malone,Female,jokramer@example.org,052-016-8077,7/6/1993,Hydrologist
3034,a5bA5acA4AaFBf6,Cristina,Gay,Female,danielsrandy@example.net,001-251-257-6398x05068,12/2/1989,Chief Strategy Officer
3035,323BBd787C3ee3A,Micheal,Herman,Female,shortfrances@example.com,+1-749-104-7694x6871,1/30/2001,Mental health nurse
3036,00B7f1c1FECd95B,Darius,Flowers,Male,lindsey30@example.org,+1-256-645-4284x159,7/7/1984,Clothing/textile technologist
3037,9B8F7C84B8bDBE4,Alyssa,Arias,Male,autumn21@example.com,841.699.0942,1/23/1995,"Clinical scientist, histocompatibility and immunogenetics"
3038,B32bA24d0D0DfA4,Janet,Flynn,Male,warren86@example.org,324.348.9488x522,11/17/1928,Tax inspector
3039,185aF1a4d249a0B,Sonia,Sweeney,Male,antonio27@example.org,503-602-9355,11/28/1961,Interpreter
3040,F8cF7BB1ADb9eff,Jackson,Guerra,Male,riverafrancisco@example.com,(633)125-0655x9830,6/21/1933,Newspaper journalist
3041,FE4eeadD9f4545b,Jody,Bird,Female,christopherferrell@example.com,5239891323,11/2/2021,Energy engineer
3042,b9CaaAC256777da,Robyn,Becker,Female,baileytammie@example.com,+1-548-506-2217x11186,5/31/1946,Chiropodist
3043,201bcE845093729,Melody,Wilkerson,Female,mary25@example.com,001-064-967-2790x7004,1/2/1948,Personal assistant
3044,e4d4FEeffCeF4d6,Richard,Williamson,Male,manuelbauer@example.net,062-757-2897,10/1/1937,Education administrator
3045,A52ed29eB0FD0f4,Fernando,Hubbard,Male,gloria75@example.org,268-413-1090x636,8/21/2020,Set designer
3046,bA33bCe8DdB6097,Lorraine,Gilmore,Female,carrillogabrielle@example.com,047.652.2741x5566,9/26/1971,Facilities manager
3047,4AE23f3B1BFA405,Mandy,Krause,Female,sophia24@example.net,(603)145-1047x075,1/1/2005,Corporate treasurer
3048,d10b0aA12b45A38,Earl,Heath,Male,stevenhendrix@example.net,+1-027-879-0504x64230,8/27/1961,Water engineer
3049,aDD0facB85e91C7,Dustin,Jacobson,Male,gcannon@example.com,+1-545-546-3669x10008,7/27/1972,"Nurse, mental health"
3050,c92CDb084D2eFAc,Hunter,Meza,Male,fraziersteve@example.org,098.923.6702x4203,1/14/1914,Medical laboratory scientific officer
3051,4Bf3a6deA6fAAE9,Stephen,Ryan,Female,kshea@example.org,+1-164-912-2747x009,2/7/1944,Public relations officer
3052,57274E9b0efd841,Hunter,Hodges,Male,lynn79@example.com,+1-571-937-1511x4471,1/4/1975,Catering manager
3053,8790D7b04afA76f,Marisa,Wells,Female,amber74@example.com,223.071.5225x684,4/16/1998,Sports therapist
3054,7EbB0A21FABC8Bf,Mathew,Murphy,Male,hannahtucker@example.com,+1-647-054-5841x9810,5/7/2007,Immunologist
3055,fb9Bb6B74cA548E,Ronald,Krueger,Female,tammieheath@example.org,001-655-364-5169,5/19/1951,"Education officer, museum"
3056,0251C68b5907ADB,Howard,Valenzuela,Male,hillvanessa@example.com,+1-739-046-1563x089,8/27/1929,"Development worker, community"
3057,Fc3daFe9EfFeEd5,Savannah,Ward,Female,tracey91@example.com,942-197-3032x84244,3/8/1911,Museum/gallery exhibitions officer
3058,0aEc22b4C3ddFbF,Samuel,Welch,Male,zkirk@example.com,648-655-9669,3/15/1954,"Education officer, museum"
3059,2ffbd8C6c4D44B9,Toni,Dickson,Female,fritztaylor@example.com,188.737.9923x49900,12/8/1937,Civil Service fast streamer
3060,Be2CFdcEcFDbb4a,Gregory,Meza,Male,nelsonreginald@example.net,2077091788,1/5/1977,"Engineer, land"
3061,A11F2Dfc8776f9a,Caitlin,Bullock,Female,lindsey85@example.com,771.217.5984,8/2/1984,Insurance claims handler
3062,3EE9b914Ef5E407,Jake,Bailey,Female,brian80@example.net,772-935-3290x540,9/21/1969,Neurosurgeon
3063,89CCD1614B0CBfA,Melinda,Wagner,Male,gilbertbauer@example.com,001-661-401-5826x09492,1/5/1914,Museum/gallery exhibitions officer
3064,E96831DF323A75F,Monique,Chan,Female,jenniferyoung@example.com,-6088,2/16/1970,Social worker
3065,38ADEB035CBFB8d,Aaron,Oconnell,Female,bellstephanie@example.com,+1-843-346-9514x38141,9/18/1955,Public house manager
3066,346cAed4aBc82fd,Danny,Petersen,Male,pattersonrodney@example.net,001-020-761-7425x720,6/15/1997,Armed forces technical officer
3067,31259922aB7C169,Thomas,Frazier,Female,daniel08@example.com,-8620,12/20/1937,"Geologist, wellsite"
3068,F603Ff94b516adF,Brandi,James,Female,mikecamacho@example.net,119-794-3483x8040,6/3/1991,Sports development officer
3069,E30440017fDfaE6,Kristina,Gonzalez,Male,ricardocunningham@example.net,869.191.4966x92418,7/12/1965,"Geneticist, molecular"
3070,ECdA9E15ADC79E3,Edward,Tran,Female,ahines@example.net,116-881-7941,7/13/1958,Insurance underwriter
3071,7De7bb9cd4BADDF,Allen,Silva,Female,gabrielabauer@example.net,+1-516-965-7971x6610,4/23/2020,Chief Strategy Officer
3072,75a213E4B8bA15F,Annette,Wright,Female,rothlinda@example.net,2531482328,10/17/1948,Wellsite geologist
3073,fB141fe28FF2dCA,Karla,Bond,Female,lfranklin@example.net,-6830,3/24/1984,"Lighting technician, broadcasting/film/video"
3074,BCcdFe31bc22f82,Haley,Mcmahon,Male,krobinson@example.net,350.499.8079,3/2/2011,Historic buildings inspector/conservation officer
3075,F4C9bA32c92C89B,Manuel,Adams,Male,daniellebruce@example.com,+1-040-076-7790x933,5/14/1932,"Loss adjuster, chartered"
3076,736c195dF6A3A9A,Brendan,Gordon,Female,brenthorne@example.org,(808)528-9700x56204,8/4/1920,Risk analyst
3077,815ff9D0aAD1CD3,Mark,Pratt,Female,taylor50@example.com,627.093.6731,5/4/2018,Physiological scientist
3078,D1E5b699139E7AB,Shaun,Mcpherson,Male,noah36@example.org,589.794.0199x3638,5/28/2003,Health visitor
3079,48E1f0CF4Dd4F29,Tina,Woods,Male,kristinarobles@example.com,174.976.9821x445,1/11/2001,Corporate treasurer
3080,dbC8f4AA535f254,Kirk,Schmidt,Male,ohicks@example.com,162.158.1966x83322,8/21/1967,"Engineer, biomedical"
3081,9Fe1B6617f2e82C,Clayton,Watts,Female,kaylapatterson@example.com,+1-636-498-5106x1083,3/1/1998,Magazine features editor
3082,11BBc4ceAe4c9d9,Crystal,Warren,Male,kent92@example.net,453.672.4356x5741,4/6/1945,Police officer
3083,52177D9dCba56b8,Kristina,Mccann,Female,jasmin80@example.com,487.741.5136x849,5/13/2000,Clinical molecular geneticist
3084,D2DFcA2A6a164EB,Cory,Boone,Male,brookerussell@example.com,001-430-836-0392x1167,11/10/1947,IT consultant
3085,1847fBe7E535C79,Betty,Spence,Male,colton80@example.com,327.325.6346x98766,9/1/1924,Air broker
3086,1cCdF51816BCE58,Chad,Krause,Male,shane99@example.net,442.513.2006,2/18/2002,Health physicist
3087,f04c55b42dd8af9,Terrance,Hines,Male,wilkinstimothy@example.net,+1-257-719-4163x5425,3/1/1942,Osteopath
3088,5d57d9eA2c3Cf4c,Melinda,Goodman,Male,nwhitney@example.com,(217)158-9120x60062,8/18/2012,"Teacher, secondary school"
3089,2df2Fb940D4a36F,Brendan,Griffith,Male,blairharry@example.net,038.968.0389x5037,4/21/1982,Biomedical engineer
3090,f4c10B5EdeEFDDc,Jeremy,Matthews,Female,kandersen@example.net,(320)321-6116x30171,12/3/1914,Optometrist
3091,dA49BAbbc5a6CCd,Beverly,Ochoa,Female,tabitha64@example.com,639-069-2245,11/17/1955,Colour technologist
3092,6AEC9D75b8DF3F3,Lindsey,Olson,Male,oscar30@example.org,(071)256-3504,7/9/2010,Drilling engineer
3093,856C4c9F97604ad,Bob,Lucas,Male,bruce51@example.org,088.804.9088,10/1/1964,Patent attorney
3094,6685EeFFcFD44Ec,Jasmine,Oneill,Female,isaiahkemp@example.com,(759)530-0200,3/4/1955,"Psychologist, educational"
3095,DbC1dc8539E96B1,Gabriela,Grimes,Female,martha59@example.org,123.625.5171x2349,3/28/1982,Event organiser
3096,3013F9cd23C61E6,Wayne,Russell,Male,ernest67@example.com,001-566-076-8955x9819,2/21/1914,"Designer, jewellery"
3097,08A0cA2121acEB0,Dustin,Deleon,Male,ycombs@example.net,-6617,8/29/1929,"Editor, film/video"
3098,92530BC5aDB264a,Brady,Young,Female,jeremiah33@example.net,001-844-562-1857,5/8/1982,"Journalist, broadcasting"
3099,3d514Cd8Eff298f,Jodi,Hawkins,Male,cordovaalice@example.org,125-009-5793x543,9/18/1983,Magazine journalist
3100,6b8e20A4cf9045b,Steve,Jones,Female,lmcdaniel@example.com,(877)397-4818,4/23/1973,Structural engineer
3101,dD7FFeF0aE6D466,Raymond,Arroyo,Female,dean14@example.net,2622601638,6/18/2012,"Teacher, secondary school"
3102,940C2A32B97B6ac,Rebekah,Clark,Female,bergergavin@example.org,+1-317-692-1024x363,5/30/1932,Firefighter
3103,C72Cb24e20bf7f0,Sonya,Drake,Male,nrivera@example.com,627.844.2713x77288,11/19/1920,Quantity surveyor
3104,E37d9fbDE1B5a1F,Cindy,Thompson,Male,egomez@example.org,001-501-837-8718x8895,7/16/1938,"Producer, television/film/video"
3105,f85f5A4d297C2e8,Alicia,Koch,Male,yrubio@example.net,035-793-0616x347,9/30/1909,"Administrator, local government"
3106,14811e62dfcba5b,Justin,Pearson,Male,toni15@example.net,(680)244-0108x57654,7/10/1906,"Designer, blown glass/stained glass"
3107,EF98D0feCffAAee,Don,Franco,Male,bakerstuart@example.net,001-596-223-8711x921,2/9/1909,Television production assistant
3108,C1CFF5ae5bBbBBf,Breanna,Foster,Female,mvalencia@example.org,001-635-479-8003x35509,9/13/1939,Technical author
3109,f638Bcf388DAebC,Jamie,Morgan,Male,wwolfe@example.net,788.544.3708x3652,8/22/1975,"Optician, dispensing"
3110,A0600Ba63d6eb5e,Glenn,Swanson,Male,kristin84@example.net,(386)188-7865x97295,3/29/1959,"Designer, ceramics/pottery"
3111,14579d9c2e0C332,Yvonne,Jimenez,Male,atkinsonjanet@example.com,(724)625-5449,7/21/2009,"Journalist, broadcasting"
3112,6bCCEbA2FdAc4f5,Andrea,Richard,Female,marie36@example.net,305-648-9780,9/20/2019,"Clinical scientist, histocompatibility and immunogenetics"
3113,9Faefcf1A2B1F7C,Paige,Brewer,Female,deniseshea@example.com,+1-090-975-0205x4067,9/16/1988,"Engineer, agricultural"
3114,1846fFE0AeDb2E8,Stacey,Rowe,Female,lonniemueller@example.com,800-775-9125x4545,8/10/1939,"Engineer, land"
3115,E821AE47DD79c4a,Cheyenne,Short,Female,eddiehodges@example.com,(785)145-9078x8996,8/13/2003,Chief Marketing Officer
3116,A53f7EE0C0d695e,Roy,Roberson,Male,martinhunter@example.net,001-533-005-7501x2634,5/5/1949,Microbiologist
3117,F7274895Db2BF6b,Tara,Bennett,Male,blackcalvin@example.com,+1-670-729-8843x63927,9/27/1963,Communications engineer
3118,A0C010df13b84B2,Kari,Dickerson,Male,meaganware@example.net,(048)520-7045x8477,3/28/2004,"Lighting technician, broadcasting/film/video"
3119,0B66BA4a4720E5f,Keith,Graham,Male,mendozakristen@example.org,(300)913-0493,12/9/1930,"Journalist, magazine"
3120,EA8bFcEEbB73FF7,Nicholas,Riddle,Female,brentsingleton@example.org,318-371-0232x058,1/2/1987,"Engineer, materials"
3121,63ec99Bc0df32Cd,Eric,Roberson,Female,monicawaller@example.com,+1-443-971-3920x506,10/14/1934,"Nurse, mental health"
3122,ab6562253eA03f1,Kent,Barker,Female,fcampos@example.net,583.165.2586x71910,8/2/1927,Medical secretary
3123,B1B4820DbebDd5f,Ariel,Bowers,Male,clifford88@example.net,741-290-3801x01459,5/30/1923,Higher education careers adviser
3124,aD31FF6674E52A1,Julie,Ware,Female,gillespieleon@example.org,390-326-7478x254,5/27/1918,Fitness centre manager
3125,3652dcD8c1D7E8b,Bryce,Huffman,Male,combsedwin@example.com,673-309-8484x5642,3/17/1915,Television camera operator
3126,042DF4f3Fe2CFeF,Larry,Randolph,Male,starkjeremiah@example.net,001-380-095-9147,12/20/2002,Ergonomist
3127,dFFDdDDE6cf661d,Denise,Ford,Male,maciasnathan@example.net,366.130.3073,8/26/1930,Firefighter
3128,77AE7F0fd39a53E,Alicia,Noble,Female,lee58@example.com,358-457-1148,12/25/1932,Armed forces operational officer
3129,b56DC41094d2A9E,Frank,Wade,Female,zbrewer@example.org,+1-569-289-2045x931,10/20/1964,"Engineer, structural"
3130,CDA2803a8dA8372,Alvin,Roberson,Female,eduardobender@example.net,(822)337-2144x319,12/11/1947,"Conservation officer, historic buildings"
3131,ab3506D23e159A4,Kristopher,Pena,Female,pittsmarvin@example.org,(762)793-7605x6985,3/2/1987,Systems analyst
3132,d8B0aDE4cb76d8C,Jeffrey,Heath,Male,ofaulkner@example.org,838-366-4792x488,10/25/1945,"Surveyor, rural practice"
3133,C23D30beD2f7AC4,Adrienne,Wilkinson,Female,raven15@example.com,4417077098,1/30/2014,Merchant navy officer
3134,eDf40FE68025FFA,Anita,Boyd,Male,uhatfield@example.org,125-626-2735,2/20/2017,Building services engineer
3135,947Ecae4fd35d60,Adrian,Mora,Male,hclements@example.org,+1-579-464-1799x4129,6/26/1960,Airline pilot
3136,418a18aff1Affe3,Vanessa,Weber,Male,osborneruth@example.com,043-176-5122,10/26/1942,Merchant navy officer
3137,66dC7fA8A055A7B,Patricia,Reyes,Female,irwinjack@example.org,859-032-8024x070,8/24/1949,Waste management officer
3138,7255F08Bc43DCbc,Sue,Simmons,Female,johnny15@example.com,670-170-0637x946,7/15/1927,Water engineer
3139,87dfec740e76Ea2,Katie,Lang,Male,derricknorman@example.net,096.634.5632x842,12/1/2018,Chartered loss adjuster
3140,deAA79776C26a61,Ryan,Maldonado,Male,peggy43@example.com,778-494-4099x779,5/3/1907,"Programmer, multimedia"
3141,48F59f46e5CDfEa,Colton,Ferrell,Female,piercejared@example.org,492-847-0070x656,2/26/2018,Visual merchandiser
3142,230dDc6a1cAE828,Scott,Kerr,Male,cpatterson@example.net,(332)754-4054x8627,8/16/1979,Geochemist
3143,C3fc46cF5ACBc0a,Reginald,Lozano,Male,vayers@example.net,756-405-0154x0428,8/21/1906,Brewing technologist
3144,Aac2158Bcae40Cf,Alicia,Rose,Male,omercado@example.com,280.168.9245x311,6/17/1962,Clinical molecular geneticist
3145,8CeeCdbEFc80A0f,Alex,Porter,Female,caseybeasley@example.net,419-760-5972,11/9/1915,"Psychotherapist, child"
3146,ffE0deFfB9aa672,Jesus,Zuniga,Female,ericmccullough@example.org,518-422-9132x265,2/18/2010,Investment analyst
3147,3D3f0fadd9f1113,Shannon,Proctor,Female,michellebond@example.net,444-371-4843x0108,5/20/1924,Analytical chemist
3148,bC3DDf562DBddAF,Jodi,Bentley,Male,helenmorrison@example.org,(779)556-7576x0884,1/1/2008,Control and instrumentation engineer
3149,CeB6caB6A7Aa765,Miguel,Walls,Male,qwyatt@example.net,(073)389-8949x241,6/19/1960,Civil Service administrator
3150,e626429664E6f2e,Tracey,Chung,Female,dawn29@example.com,234-448-6463x28874,1/31/1908,IT trainer
3151,a1c387dfFCFFDe4,Jimmy,Atkins,Female,zrocha@example.org,(430)048-2862x66038,10/1/1982,"Therapist, horticultural"
3152,A91B28Dfc1E356A,Ariel,Gomez,Male,popehector@example.com,-9027,7/19/1907,Barrister
3153,4b6CEb88611Da32,Brian,Stephenson,Male,jwebster@example.net,884-424-1343x280,2/24/1967,Economist
3154,4c134e923CefE43,Caitlyn,French,Male,hboyle@example.com,3092594016,10/16/1917,"Conservator, museum/gallery"
3155,0713bcd12CcFd7F,Kurt,Mcdaniel,Male,tararoy@example.com,001-306-203-2858x20314,5/16/1994,Furniture conservator/restorer
3156,BFbd75551ee663f,Dominic,Middleton,Male,hortonphilip@example.com,001-879-959-9154x003,5/23/2012,Tourism officer
3157,d7D6B47F61E6ab4,Rachel,Schneider,Male,tiffanyclay@example.org,(599)557-8301x113,9/5/2021,Exercise physiologist
3158,DE5B50BC692D37d,Angela,Haas,Male,jesse29@example.com,+1-863-985-5663x0133,6/10/1952,Dancer
3159,9D60c9DF2edE70C,Mary,Pham,Male,ldunn@example.org,439-159-4790,2/25/2013,Marketing executive
3160,0eAbD27D4B7E5Ce,Henry,Chavez,Female,bautistahailey@example.net,001-945-936-0529,7/18/1931,Dancer
3161,CfeaF7FAd7cc7DE,Debra,Murillo,Male,jthornton@example.com,(534)318-6903,12/22/1916,"Teacher, English as a foreign language"
3162,80aF33ceC608fb4,Ariel,Hess,Female,taylorfaith@example.net,384.002.3299,8/27/1915,Jewellery designer
3163,DBd52075DBbD755,Makayla,Jacobson,Female,hburton@example.net,369.084.9173x60144,4/7/1938,Event organiser
3164,f0C1fF2F2039121,Cassie,Escobar,Female,lgamble@example.net,001-392-721-9747x399,10/27/1917,Forest/woodland manager
3165,2Ac6053Bc8C6A66,Wyatt,Shepherd,Female,nhampton@example.com,001-872-483-8881,2/2/2012,"Administrator, arts"
3166,3EEC141447A901B,Caitlin,Huynh,Male,fishertom@example.org,672-140-2473x3360,11/14/1912,"Lecturer, higher education"
3167,962dCBdbccCfAf0,Gwendolyn,Price,Male,drew40@example.com,+1-681-497-4123x15288,5/6/1992,Chartered loss adjuster
3168,76EcE6dE1da65eb,Bryce,Todd,Female,virginia89@example.com,001-995-363-2270x22580,11/29/1950,Corporate investment banker
3169,71CED8cadBD9dFD,Jodi,Nielsen,Female,roserose@example.org,001-714-689-4987,8/16/1923,Bookseller
3170,4D09d9BbfD7FC3a,Michaela,Robertson,Male,mcmahonleah@example.com,-7149,2/3/1937,Risk analyst
3171,BBac4CFF08b4671,Alvin,Hancock,Male,glenda57@example.org,614476853,8/29/2021,"Designer, interior/spatial"
3172,0A8b767b37f17EB,Patricia,Beasley,Male,shermanshaun@example.com,712-252-4173,7/4/1934,Multimedia specialist
3173,DB394cccfA186df,Sheena,Michael,Female,melvinguerra@example.net,770.939.6357,8/2/2020,Nutritional therapist
3174,a44EBD6e6aeDE99,Gordon,Duncan,Female,kathleennolan@example.net,506.244.9274,4/10/1977,Electrical engineer
3175,9b2C51b7D4fdBcC,Geoffrey,Galloway,Male,mendezdustin@example.net,(283)163-8208x566,2/19/2004,Field seismologist
3176,4d29e6EDc39AD4C,Charles,Mcneil,Male,caroline71@example.net,293.486.1372x57984,8/6/2014,Site engineer
3177,650A0c58c2cFf76,Angel,Reid,Male,ravenklein@example.org,-9317,4/1/1932,Trade union research officer
3178,45b3c7f27637Cd3,Dakota,Bray,Female,becky09@example.net,131-538-9955,9/8/1922,"Copywriter, advertising"
3179,667fdB65fB5BFe9,Melvin,Cameron,Female,bowmanstephen@example.org,(968)139-6046,1/16/1931,Publishing rights manager
3180,3AEf3cb67b4a7FF,Erin,Schaefer,Female,flawson@example.com,(181)781-1614,2/25/1999,Claims inspector/assessor
3181,cB6ADF1Bd7d365d,Philip,Rose,Male,hibarra@example.org,(626)754-1261x142,4/23/1921,Environmental consultant
3182,59dcEc3d4AF3dEB,Jesus,Casey,Female,gonzalezveronica@example.net,5962095455,4/1/1968,"Surveyor, building"
3183,49e43a0B386C4A0,Elaine,Mason,Female,jeromesosa@example.com,(512)185-1864x242,1/19/1968,Bonds trader
3184,b52AE384d8A95Ca,Lynn,Holland,Male,barry85@example.org,085-269-2847x308,6/3/2007,"Radiographer, diagnostic"
3185,C837ce813feA633,Dale,Chambers,Female,kurt30@example.net,001-928-214-4774x8428,11/9/1926,Health promotion specialist
3186,dDaBBB18C11A37C,Raymond,Bruce,Female,pottssean@example.com,7611086346,9/8/1918,International aid/development worker
3187,3C40baF0D1ffa8b,Kim,Schmidt,Male,colliernoah@example.net,001-950-730-2278x203,9/14/1939,Careers information officer
3188,2C1Ee13728e14a4,Steve,Pena,Female,strongcesar@example.com,981.092.5178,2/3/1953,IT technical support officer
3189,BF310f26B5f6CDB,Tasha,Sellers,Female,andersoncollin@example.net,(081)818-9708,5/19/2018,Private music teacher
3190,FfBfEDE0AC20e9e,Kaylee,Barnett,Male,toni92@example.org,+1-046-469-5516x8576,8/13/1939,Community pharmacist
3191,Fce9fa84BfA62E1,Toni,Bradley,Male,leonbell@example.com,1851316962,7/22/1907,Insurance underwriter
3192,b8E7d018cDC0431,Whitney,Fields,Female,mcknightgreg@example.net,+1-072-503-8340x792,6/12/2019,Retail manager
3193,dED9ad700CdC14e,Carmen,Gaines,Female,bondjerry@example.net,092-282-0542x97106,2/7/2000,"Clinical scientist, histocompatibility and immunogenetics"
3194,dAf7e9FC5Ea877a,William,Barber,Male,humphreyruben@example.net,369.587.1948x26623,10/31/2013,Manufacturing engineer
3195,dcdc65cFafB99AE,Lawrence,Abbott,Female,mariohenry@example.com,(220)969-7899,4/9/1925,Intelligence analyst
3196,083c92f10A9d9Bc,Leah,Mckinney,Male,sarah91@example.org,652.432.0340x2990,12/30/2000,International aid/development worker
3197,EbFCdBadBCdf6c8,Martin,Blevins,Female,sshepard@example.net,-10092,4/11/2011,Animal nutritionist
3198,9F43C8FFB86ea8D,Marco,Gamble,Male,neilrowland@example.net,001-796-064-7367,12/1/1953,Building control surveyor
3199,3E5BF5BeeD21BAC,Jamie,Becker,Female,uconley@example.com,001-971-077-3175x960,3/15/1957,"Therapist, drama"
3200,385320e63B99FbD,Kerri,Clay,Male,santiagomichelle@example.com,108-277-8798x68004,3/11/1942,"Geologist, engineering"
3201,2Efb81DA0177B4f,Kristopher,Miller,Female,brooke27@example.net,(308)532-3042,7/8/2001,Medical sales representative
3202,C5d728d696CefD1,Damon,Shaffer,Female,cody02@example.org,499.849.0926,9/2/1916,Tax inspector
3203,F8cdFee415dfE65,Christina,Shields,Female,hinesgloria@example.net,098.053.5211x170,7/28/1938,"Surveyor, commercial/residential"
3204,A09d94De1Df97D7,Shelley,Lutz,Female,aliciaharding@example.org,501.071.2015x21175,11/26/1943,Equities trader
3205,F63eAd3dBa82Ffc,Laura,Allen,Male,jerome19@example.com,418-022-0846,3/29/1907,Television floor manager
3206,2BC0d2C8B5c87eC,Gabrielle,Cooper,Female,spencer32@example.org,828.568.3112x6829,6/7/1906,"Solicitor, Scotland"
3207,81Bc56ceDD5b9A4,Collin,Tran,Male,oliverhoward@example.org,-6291,9/12/2014,Insurance broker
3208,bF9c09cC02D9C0f,Angelica,Strong,Female,evelyncarey@example.com,743-801-9343,12/10/1986,English as a foreign language teacher
3209,510a1BDae60ffc3,Marissa,Nelson,Female,hortonjordan@example.net,151.290.8611,9/11/1919,Ophthalmologist
3210,Ce0AeBFcFa6D900,Isabel,Mccall,Male,harrymercado@example.com,(138)013-3173x420,1/30/2020,"Surveyor, quantity"
3211,c7DdB0894700B4E,Jill,Austin,Female,wallsmichael@example.org,001-661-471-2868x790,1/16/1917,Sport and exercise psychologist
3212,0CE33Cd49343A2a,David,Snow,Female,raymond08@example.org,(079)522-0772x5447,9/20/1912,Best boy
3213,5ea5b2E650c8c5B,Gregory,Wiley,Female,annmorgan@example.org,162.377.5112,7/25/1939,Quality manager
3214,2C7C1a0D7c0EeBC,Brendan,Wiggins,Male,sheenaduarte@example.net,4277189209,5/3/2006,Firefighter
3215,E4eED932303D3f7,Sue,Patel,Male,santostyrone@example.org,115-367-9836x48730,4/6/1976,Printmaker
3216,B5B1d4a3C84c9e2,Warren,Ramirez,Male,leslie06@example.net,+1-808-214-1354x677,8/15/1986,Hotel manager
3217,358DEEdC0A8507c,Dale,Briggs,Male,ltodd@example.org,3054640782,7/3/1954,Tourist information centre manager
3218,7BE62dccffFD06A,Stuart,Lynn,Female,kristinedelacruz@example.org,553-429-1175x295,11/24/1921,Personnel officer
3219,835FD047DfBB42B,Mark,Solis,Female,ivansavage@example.org,-9353,8/28/2000,Film/video editor
3220,f21bABAa7CfC1cA,Denise,Arias,Female,rgarrison@example.org,+1-078-249-3118x1065,2/8/1932,"Engineer, civil (consulting)"
3221,1eaE443F6c75bbe,Nicholas,Harmon,Male,woodsrichard@example.net,690.777.4691x0079,6/3/1948,Comptroller
3222,1FAB0AcB4f6fFEb,Diane,Gibson,Male,troyguerra@example.net,+1-923-001-4467x39042,4/3/1940,Operations geologist
3223,050ECA76afDefA1,Jocelyn,Whitaker,Male,eddie11@example.com,3413068228,7/10/1995,"Sales professional, IT"
3224,0EeDEad3995bC45,Xavier,Anderson,Male,xmelendez@example.com,(975)345-9153,3/1/1954,"Production assistant, television"
3225,cdb4A82089A3D60,Sheri,Ramsey,Female,isaac62@example.org,684832133,7/10/1972,Clinical biochemist
3226,6621A3a9B79a3e8,Carl,Benton,Female,victoria94@example.com,-6941,11/20/1993,Psychotherapist
3227,22C15ab4C1fdBdD,Sheryl,Cochran,Female,longkirsten@example.net,317.013.0917x339,9/13/1948,Intelligence analyst
3228,5afcE4Cc7D61B0a,Mercedes,Yates,Female,barretttraci@example.com,(787)045-6159x067,9/5/1928,Energy engineer
3229,4cbaDdFcDa09563,Mario,Mullins,Male,karlbowers@example.com,+1-145-374-9625x0273,12/9/1997,Colour technologist
3230,CCA6BAcDCe67b19,Mathew,Hatfield,Male,fryclaire@example.org,520.808.8454x044,7/30/2021,Musician
3231,f3a7b6c65438B6F,Sheri,Shea,Male,joel70@example.net,074-154-3023x1215,7/7/1906,"Administrator, local government"
3232,da1993C4DD5bCB1,Jon,Daniel,Female,cooperjudith@example.net,001-700-996-6153x13394,1/19/1936,"Producer, radio"
3233,314dF8ae499aBD4,Michelle,Russo,Male,nathanielcarson@example.org,001-290-146-6300,9/6/1994,Orthoptist
3234,a9426F1Fdda9bB9,Lacey,Kerr,Male,lamblaura@example.net,227.049.0278,9/2/1957,Community pharmacist
3235,A1aAbBF0a80e82A,Aaron,Arnold,Male,nnash@example.net,341-870-6053x4282,4/22/2017,Operational investment banker
3236,86bdCecE4c80bD6,Dale,Decker,Male,robertarollins@example.net,702.011.2608x8894,8/4/2004,Chartered public finance accountant
3237,db7A2ec1afAEb87,Dorothy,Noble,Male,mirandapotter@example.com,001-399-974-5424x5280,1/8/1921,"Engineer, communications"
3238,EEFb80FBDDC3BB5,Bryce,Barron,Female,gailmcclure@example.org,-8117,8/5/1967,"Surveyor, quantity"
3239,Df41fEAC0e75724,Sergio,Andrade,Male,allisongriffin@example.net,(512)410-7034,7/31/1923,"Accountant, chartered management"
3240,5b7f91c3Ba0bcBe,Mario,Short,Female,vhopkins@example.org,+1-022-280-3058x9060,2/13/1912,Medical sales representative
3241,1c74FCE44E5eBA5,Earl,Higgins,Male,schwartzjeff@example.com,340-763-2487x252,1/4/2009,Training and development officer
3242,7Ae6ae25b66F217,Claire,Cobb,Female,bradfordarthur@example.com,+1-143-098-6214x382,9/14/1971,Community arts worker
3243,D97Bb2Fe6BBCfA1,Fernando,Guerra,Male,leah58@example.net,(750)355-9864x13809,1/5/1999,Systems developer
3244,9E37e53Ee3A679a,Willie,Andrews,Male,clarence90@example.com,001-340-622-2705x21649,6/17/1910,Special effects artist
3245,5Cb15eaACCb5A26,Nicole,Huerta,Female,tiffany07@example.org,001-086-740-1730,6/29/1998,Administrator
3246,De91ae2Fdbbc99C,Russell,Jensen,Male,bartlettjasmin@example.org,+1-700-138-2882x47955,8/7/1912,Equality and diversity officer
3247,EF99f0BB0Eb7ceD,Karla,Ray,Female,elliscaroline@example.net,985.631.6185,8/8/1918,Maintenance engineer
3248,b3F98067F7A9d84,Shelly,Patton,Male,cruzphilip@example.com,338.035.8750x9043,5/22/1962,Minerals surveyor
3249,Dfd0bDEB1cDc35E,Suzanne,Blackwell,Female,owenbradley@example.net,671-056-5684x4062,11/5/1912,"Teacher, music"
3250,D66B83CB0a0b9Ad,Ann,Hanson,Male,mcclainrebecca@example.com,(169)157-8131x0018,12/20/1982,"Loss adjuster, chartered"
3251,FC05cDB4d9c8DB6,Charlene,Lamb,Female,bergersara@example.com,+1-487-626-7115x5204,5/22/1919,Dentist
3252,6C959c4864cBeaC,Shawn,Hale,Female,kelly27@example.org,405.321.4488,12/25/1959,Illustrator
3253,45EcbFC9FEC6A96,Meredith,Duffy,Male,bergjackie@example.net,982-504-9031x97012,2/17/2019,"Programmer, systems"
3254,B9D4C6CbA5cf9e2,Julie,Logan,Female,desiree51@example.com,001-303-449-2191,4/14/1953,Office manager
3255,d70feEc2c0BFFD0,Johnny,Hunt,Male,cnewton@example.net,(244)270-8475,3/22/1974,Pension scheme manager
3256,Cdaee06eCE3aF85,Lynn,Crane,Male,klove@example.com,461-741-9812x8708,4/18/1943,Contractor
3257,28Dd960491FBa4d,Nicholas,Kaiser,Female,hayden80@example.net,001-799-135-6429,12/19/1926,Communications engineer
3258,47c2b8ADeEAfEDc,Ernest,Montes,Male,caleb67@example.net,001-042-532-6814x4786,3/1/2019,Manufacturing engineer
3259,6aeEB266D5aAaee,Jerome,Reeves,Male,xchoi@example.org,001-250-253-7574x0220,6/29/2000,Mining engineer
3260,C099cE64aBC2B54,Eduardo,Stewart,Female,upotts@example.net,001-970-324-9693,3/8/1951,Event organiser
3261,4Eac70E78AD382A,Glenda,Vang,Female,meaganfields@example.net,-8454,4/13/1919,General practice doctor
3262,d5d4Bcea787468F,Olivia,Hale,Female,arellanocarly@example.com,540-751-5485x1541,2/10/2020,Television camera operator
3263,Dd6e9Ad3E3d69a0,Caitlin,York,Female,itorres@example.org,915-321-3535x1259,2/13/1919,Meteorologist
3264,d4c207C3bfEBd97,Bobby,Preston,Female,ruth52@example.net,001-575-734-6479x3646,7/14/2019,Herpetologist
3265,B63047E33daAdFb,Colton,Simon,Male,gravesdeanna@example.net,001-683-319-9896x2860,8/6/2002,Arts administrator
3266,D2f5dA358CBdEA4,Patricia,Lawrence,Female,mckenziemartin@example.com,(192)837-7588x036,4/17/1994,Research scientist (life sciences)
3267,f64c1355749D8f0,Ashley,Finley,Male,janice93@example.org,(260)895-3103,9/21/1916,Video editor
3268,6e7A1aB6729e5E3,Paul,Vasquez,Female,saundersscott@example.com,116.178.3692,2/11/1930,Herbalist
3269,37Ad391DbEF77B0,Rachael,Delgado,Male,jeanberry@example.org,-2882,3/17/1927,Site engineer
3270,0caf3A360Eb1FDf,Tracey,Lane,Female,abarton@example.com,+1-786-742-1118x012,9/27/1925,Radio producer
3271,6dBeAcc554DB6aB,Carly,Carpenter,Male,simsthomas@example.org,249-251-3494,8/14/1965,Best boy
3272,dB7eADeCee4dD6E,Paula,Martin,Male,evelyncastillo@example.net,234.608.2606x734,7/29/1943,Dispensing optician
3273,DaeCa5dbECB1CBd,Lorraine,Villegas,Male,deborahjohnston@example.org,(605)394-4168x01700,11/23/1957,Dietitian
3274,aACa5dabff58f8D,Christian,Burns,Female,wheelerjacob@example.org,922-104-9915,11/25/2019,Associate Professor
3275,5CDcade2ebbdeE0,Gordon,Wheeler,Female,vcameron@example.org,388-959-2907,10/30/1982,Retail banker
3276,1414CF9a564c4Ca,Judith,Burns,Female,ztaylor@example.com,+1-487-291-1885x378,11/26/2000,Housing manager/officer
3277,3F1ADaa2aadBF02,Daniel,Duran,Female,pedrobarnett@example.org,402-884-0112x2034,2/5/1934,Air traffic controller
3278,4B2E3b3cf3de0Ec,Marisa,Buckley,Male,josephfrench@example.org,+1-079-905-3261x0263,7/12/1966,Magazine journalist
3279,33DFdAABa0AddB2,Martha,Castro,Male,pcollins@example.org,964-871-2618x11667,7/30/1963,Research scientist (medical)
3280,ad3D4b329AdFBFA,Cristina,George,Female,montesalan@example.net,768.656.4263x671,4/10/1954,Advertising copywriter
3281,9eCEe282B84f4D8,Ashlee,Rogers,Female,mary01@example.com,(182)454-9498x0780,3/7/1968,"Scientist, audiological"
3282,3CEE9D48DDCDAF8,Gwendolyn,Warren,Male,tcisneros@example.com,099-305-1170,11/1/2017,Music therapist
3283,dc4B4De4eA6E2BF,Willie,Jenkins,Female,whiteheadalan@example.net,897.137.6901x651,11/4/1984,Best boy
3284,edE3DDe17fD7Cb1,Grant,Roth,Male,ayalaalexandria@example.org,001-096-368-7933x3717,9/19/1933,Visual merchandiser
3285,ceCC55B6dAc1bB5,Natalie,Mcmahon,Male,iosborn@example.org,(070)844-5011x03928,8/16/1924,"Engineer, materials"
3286,C06EB84DE0274d0,Gary,Horne,Male,arroyobruce@example.net,-5780,1/19/2013,Marketing executive
3287,0c336BF3892cFEf,Mark,Dunn,Male,mckenzie77@example.org,6025169630,11/21/2008,Academic librarian
3288,50Dface24dc8B1e,Jacob,Avila,Female,bnorton@example.net,008.815.8846x504,7/23/1935,Firefighter
3289,69E0B3421f576C9,Gordon,Burke,Male,cbradford@example.org,(128)297-7022,11/9/1947,Consulting civil engineer
3290,CBCfF232A9242B5,Barbara,Wilcox,Female,cochrancolin@example.org,831.515.8035x504,7/29/1918,Phytotherapist
3291,89ABd2616DCD654,Jeffrey,Steele,Female,garciadeborah@example.net,(161)687-8661x38519,11/14/1973,Diplomatic Services operational officer
3292,c6E694cbd0aD29c,Beth,Torres,Female,kristiehurley@example.com,(573)939-2358x608,11/1/2011,"Designer, interior/spatial"
3293,7BbFBb000fE16FB,Zachary,Boone,Male,coleweeks@example.net,001-012-213-0949x613,8/24/2013,Clinical embryologist
3294,A9fD0a1CA4da49d,Malik,Velez,Male,alvarezcarl@example.net,(880)510-0875x1629,3/13/1946,Product designer
3295,D9DD526bDbbcC6A,Jeremiah,Camacho,Female,mcphersoncaroline@example.com,2132433540,8/1/1995,Commissioning editor
3296,ACAa9F78fBAa8C2,Wyatt,Ortiz,Male,tapiabrittney@example.org,726.976.4928x2510,5/26/2012,Petroleum engineer
3297,EcfA7De2d3cA36C,Alicia,Bruce,Male,marco13@example.com,(393)526-3699x7491,4/29/1935,"Designer, fashion/clothing"
3298,015faCc3fBc2Fcb,Joy,Bradford,Female,pageroberta@example.net,705-723-0677x928,5/4/1975,Interior and spatial designer
3299,6c50d76b010cD3a,Frederick,Rivers,Male,gamblestacy@example.net,382.699.2665,7/25/1949,Network engineer
3300,F10E2Be5319Fe8B,Cindy,Jackson,Female,sharptom@example.com,(051)071-4615,11/28/1948,Housing manager/officer
3301,C1B59dE021B1CFc,Jasmine,Krause,Male,mezabrianna@example.org,194-424-7919x2739,2/6/2005,"Engineer, drilling"
3302,BEF0EFC42deC8d4,Cole,Garrett,Female,selena00@example.com,964.053.1874x7916,2/25/2019,Telecommunications researcher
3303,A16e1B49fBdd582,Kylie,Cisneros,Female,ofowler@example.org,133.586.6727,4/24/2009,Customer service manager
3304,005cEAe7d5Ec4cc,Fernando,Landry,Female,bonniemarquez@example.net,985.782.7510x2988,7/4/1956,Science writer
3305,Ff1F6e95A99FEC0,Brady,Arnold,Female,andres20@example.com,375.128.5264x5484,12/1/2016,"Designer, ceramics/pottery"
3306,aA62A89371dBcA1,Loretta,Crane,Male,billywiggins@example.com,850.130.7089x0813,11/21/1910,Forest/woodland manager
3307,062fA184A2CDa60,Hector,Avery,Male,ymoore@example.org,6381998713,1/16/2020,Health and safety inspector
3308,0dBB21F95695e08,Melinda,Calderon,Female,bowmanmiguel@example.com,656-164-1784x94550,6/21/2011,Archaeologist
3309,bd85eAD8f87F5e5,Samuel,Saunders,Female,yreyes@example.net,404-226-4063x194,6/10/1933,"Lecturer, further education"
3310,7aECC84f8b06525,Mathew,Mcintyre,Male,nmelton@example.com,791.136.2953x6238,5/7/1939,Secretary/administrator
3311,aedb1b1811Cce8d,Ellen,Nash,Male,gabrielachang@example.com,5898089140,7/21/1950,Risk manager
3312,5fbB29b5bCfDF75,Isabel,Villegas,Female,wattsjanice@example.net,524-214-1481x95972,9/4/2002,Exercise physiologist
3313,Fea13f6FAa1C9E0,Eugene,Ward,Male,grahamfaith@example.net,+1-489-121-2747x1803,9/10/1924,Systems developer
3314,5A0CFB8FFDA8DF5,Paige,Choi,Female,zmeza@example.org,8530999514,12/27/2010,Marine scientist
3315,e6DCAf7399c3EF0,Christie,Hester,Male,udunn@example.org,(634)975-3185x751,8/9/1927,"Civil engineer, consulting"
3316,bdfd4577b8ACd6A,Mindy,Booth,Female,ubrock@example.net,355-187-0873x651,2/28/2019,"Psychologist, forensic"
3317,3af35cCf9c76bB7,Lacey,Mcgee,Male,shari59@example.org,(467)028-6187,2/28/1968,Statistician
3318,1C5E2dEBe67Ffd5,Theresa,Velez,Male,mcclurejulie@example.com,474-387-8220x105,10/22/1976,Make
3319,BF0586A8f5eEE25,Jocelyn,Klein,Female,onewman@example.com,592.078.0617,12/10/1962,"Editor, magazine features"
3320,edA17737F6F5cAE,Amber,Singleton,Male,carla83@example.net,(034)575-4894x56400,4/4/2001,"Scientist, research (life sciences)"
3321,E29Fce76eC4bb6B,Sierra,Stewart,Female,vhull@example.org,198954292,4/16/1952,Legal secretary
3322,ece2dB99B1D566a,Jeffery,Spears,Male,yolanda12@example.org,189-298-5688,6/27/1913,Maintenance engineer
3323,9424eae3CCE14CA,Adam,Livingston,Male,murphykirk@example.org,-6121,6/10/1934,Historic buildings inspector/conservation officer
3324,3fD6FBef5fBA14B,Desiree,Powers,Male,charlesmanning@example.net,757.322.3350,11/27/1909,Dispensing optician
3325,Dcff736Bb0d46fC,Adrian,Boyle,Female,marilynpitts@example.net,483.436.2733x3959,2/19/1997,"Engineer, site"
3326,333D6e11bcBDe93,Mindy,Atkinson,Female,qmills@example.com,845.305.4477,5/6/1909,"Scientist, water quality"
3327,ba8CFa685cc8C7c,Amy,Banks,Female,jessemontes@example.com,(085)523-3619x416,11/12/1974,"Administrator, local government"
3328,17239DcaBB07Be3,Craig,Hopkins,Male,jason98@example.net,001-425-411-9755x9471,12/2/2021,Public relations officer
3329,Bfbf0868fc6a8f8,Cesar,Dawson,Female,bradysonya@example.org,-7774,1/5/2010,Field seismologist
3330,72b7dB7A41C730E,Frank,Snyder,Female,isaac77@example.org,-10083,11/11/1917,"Nurse, adult"
3331,E4E8DAeAb016Eea,Stephanie,Swanson,Male,nielsenbob@example.net,5262610941,10/31/1957,"Scientist, product/process development"
3332,0d32BfFE9a5Cd1D,Cody,Rocha,Male,jorgebarker@example.net,(950)984-8756,2/14/1984,"Therapist, speech and language"
3333,FEeEb8Fef331Bb1,Hannah,Chapman,Female,mrivers@example.com,(212)745-8912x25971,4/16/1989,Exhibition designer
3334,Dc7cBa4aF3DF1E3,Mia,Hunter,Female,susangomez@example.org,(272)239-1030,10/20/1991,Food technologist
3335,a0FFd1Dd0Eb278C,Nina,Leach,Female,qhickman@example.net,746-033-4591x33599,6/1/1967,Furniture conservator/restorer
3336,BA4aaeF332c688D,Michaela,Harrington,Female,gonzalezalexandria@example.net,(390)097-7616,10/25/1946,Operational investment banker
3337,229eaf67bBAe7ff,Sheri,Frost,Female,kiaratodd@example.net,(202)935-3965x0693,9/17/1910,Commercial art gallery manager
3338,Fe8ff1acec17Baf,Betty,Reyes,Male,mosesjessica@example.com,(129)525-0387x9165,4/11/1907,Pensions consultant
3339,b8A8cEFeCDc8ca7,Joel,Silva,Male,isaac81@example.org,852.645.3015x922,10/5/1980,Chief Technology Officer
3340,EEe5B43dfC254c0,Benjamin,Horton,Male,cheyenne44@example.com,(598)830-9788x1545,2/3/1966,Ergonomist
3341,A52E7fF2feB3cfC,Jean,Hawkins,Female,hholder@example.net,(468)535-9191x58481,2/6/1994,Brewing technologist
3342,Fc5EED9EB3dcA1b,Sabrina,Moses,Female,katrina61@example.net,001-500-840-2549x12756,1/14/2000,Interpreter
3343,BfDEec7cb95DDC1,Nichole,Wells,Male,gmckay@example.com,764.538.6574x77919,1/14/1932,Television floor manager
3344,8eD63591aB65Bf3,Thomas,Hughes,Female,thomasernest@example.org,312-655-8557x2752,9/3/1956,Insurance underwriter
3345,28AfBf7be20f452,Laura,Waller,Female,karimills@example.org,001-926-496-6087x17933,3/30/1952,"Clinical scientist, histocompatibility and immunogenetics"
3346,2256bc5161726b8,Chris,Rowe,Male,tracie07@example.net,+1-514-442-9380x9921,4/30/2021,Herpetologist
3347,ECD0f84d8ea281C,Angela,Reese,Female,awilkinson@example.net,743.029.2740x420,5/30/1975,"Accountant, chartered certified"
3348,8a7f9c5caF44e0B,Dale,Fitzgerald,Female,debranovak@example.net,995-986-2501x9388,9/10/1999,Retail banker
3349,e7fddF1b691AB9a,Patricia,Fields,Male,chatfield@example.com,987-862-5928x0392,3/17/1987,Records manager
3350,E0e8390AfFcA6Db,Anita,Dean,Male,krowe@example.com,001-862-632-4471x7942,12/8/1979,"Designer, industrial/product"
3351,Ba4C0c46cf8CacD,Jane,Lambert,Female,summer53@example.net,371.977.1666x2033,10/22/1921,Education administrator
3352,CbB8ac9219Ad7D5,Shelby,Fleming,Female,ctanner@example.org,9447991385,2/18/2007,Seismic interpreter
3353,fFEf9b6abFDF3DB,Ricky,Hodges,Male,krystal66@example.org,834.498.4771x17009,1/5/1952,Town planner
3354,a0cFD90E0cbe309,Brett,Graves,Female,vwatts@example.net,923-601-9586x814,5/2/1952,Camera operator
3355,41D21Ce81Fe4003,Bryce,Pennington,Male,curtis71@example.net,001-313-083-4554x107,9/19/1997,"Surveyor, insurance"
3356,76BdCf42d05D7b5,Kim,Barry,Male,oscarwolfe@example.com,018.839.0569,4/22/1931,Public affairs consultant
3357,4c8afA564Ef0D2E,Nancy,Avila,Male,curtis09@example.com,001-313-975-5619,10/27/1930,"Copywriter, advertising"
3358,C18B9de688DbFE0,Oscar,Riddle,Female,reyeseddie@example.org,536.820.3767x61956,6/28/1963,"Therapist, speech and language"
3359,37AFf6778Ad26E7,Roberto,Reese,Female,frankkendra@example.com,894.755.6541x75759,9/13/1992,Pension scheme manager
3360,942Ad34Ac40FdAC,Diamond,Suarez,Male,max72@example.com,098.070.9334x071,7/12/1914,Environmental consultant
3361,AEff5aa6F0F4725,Gina,Manning,Male,nashmichaela@example.org,7003038836,6/22/1988,Civil Service administrator
3362,785D9B4eD1dA7FD,Kathy,Winters,Male,vernon27@example.net,+1-093-665-7305x35682,10/30/1966,"Scientist, clinical (histocompatibility and immunogenetics)"
3363,45Ea54ECf6EBc32,Meredith,Brandt,Male,ilittle@example.com,732.250.8379,3/3/1977,Water engineer
3364,74FcC28BA1EA20C,Bruce,Mcconnell,Male,benitezthomas@example.net,810.542.8685,8/2/1958,Clinical psychologist
3365,Ef94D0CeFF3Ba0E,Jill,Perkins,Female,shawna87@example.org,+1-110-067-6097x506,10/4/1975,"Designer, jewellery"
3366,c53BD74e908bd6E,Becky,Middleton,Male,dakotamarsh@example.com,707-522-1398,2/4/1999,Building control surveyor
3367,566Dc6EB3f78a91,Guy,Hess,Female,shawtasha@example.net,001-647-894-7169x389,11/5/2012,Statistician
3368,f43E2578AC67D05,Darren,Simpson,Female,vblake@example.com,+1-005-762-7289x880,1/19/2009,"Civil engineer, consulting"
3369,EF07aaFc22349Ea,Larry,Rosales,Female,adam37@example.com,601.140.9636x75218,5/23/1942,"Psychologist, counselling"
3370,f70E15eEC23d92A,Kyle,Villegas,Female,margaretliu@example.com,511-368-9920x5116,3/29/1930,Health and safety adviser
3371,Bc2534D8FcA8F96,Sheila,Roberson,Male,katelynsolomon@example.com,965.797.0187x250,7/26/1967,Food technologist
3372,2DBacb1741fD19e,David,Le,Male,evelyn71@example.net,-10560,12/6/1996,Chartered public finance accountant
3373,945Ab0f9De08Af1,Marie,Manning,Male,danielle29@example.net,096-577-5353x4306,2/27/1952,Race relations officer
3374,DcD92C0Caecd2F8,Dawn,Solis,Male,mchapman@example.com,(626)105-4987,12/10/2016,Agricultural engineer
3375,f517926D7aCFBcE,Bryce,Wright,Male,parsonsellen@example.net,926.055.8408x336,7/24/1947,Database administrator
3376,B1f2ba7CCF0EF57,Debra,Lane,Male,tknox@example.net,3389320860,12/19/1928,Engineering geologist
3377,eBEf3f0cA7baEaa,Shirley,Bradley,Male,glendasantiago@example.net,001-952-413-1313x8931,9/24/1920,Financial risk analyst
3378,A55685ca59717B7,Darren,Bender,Male,slucero@example.com,001-950-856-1767,12/13/2004,Land
3379,58cac7b1b0ce1D2,Wendy,Bean,Male,noahfoster@example.net,001-712-686-8456x08106,3/28/1990,Production engineer
3380,2DBA4C16e302CCa,Dalton,Potts,Male,katrinablake@example.com,+1-132-339-4832x87982,8/12/1950,Pension scheme manager
3381,FA6143a8dDff52b,Doris,Nixon,Female,pdurham@example.net,912-412-7867,10/1/1920,Pharmacologist
3382,5a04A003A4c3b61,Beth,Livingston,Female,ddonovan@example.org,001-796-0899x975,8/6/1995,Freight forwarder
3383,374A6E78E0914f5,Sydney,Burton,Female,sandovalmitchell@example.com,+1-636-773-5690x442,1/24/1965,"Producer, radio"
3384,3494BBdfe9263dE,Stacey,Rollins,Male,ysampson@example.net,(717)313-4379,8/7/1982,Chief Operating Officer
3385,58FBBE7fDf1ffAf,Kristina,Dean,Male,phyllis58@example.net,001-675-204-4018x240,8/6/2020,Information systems manager
3386,2BE6d2e39c12290,Carl,Bender,Female,tyrone20@example.com,679-865-1863x5101,11/12/1915,"Accountant, chartered"
3387,8D76d999AaCE5Eb,Walter,Sweeney,Male,christian06@example.org,+1-524-438-4254x530,10/24/1948,Advertising art director
3388,bD85eAA1891c337,Mackenzie,Khan,Female,tom01@example.com,001-544-216-4880,10/30/2019,Lobbyist
3389,bfA9dfe9FC346ce,Jody,Anthony,Female,fergusonjillian@example.com,001-916-161-6353x797,5/17/2014,Acupuncturist
3390,1b7Dcae3814fC51,Erika,Compton,Female,rogerbarnes@example.net,515.705.3401,10/28/1968,Furniture designer
3391,53BFB12Bf53aAec,Bob,Austin,Female,eric76@example.org,372.930.8042,4/14/1982,"Exhibitions officer, museum/gallery"
3392,D77BaEbfC78216E,David,Ray,Male,graypatty@example.org,+1-549-877-7958x0121,7/26/1956,Actuary
3393,aE45BFeB0eE387e,Fred,Santana,Male,afrost@example.org,473-289-9768,11/16/1948,Comptroller
3394,4bEF43AAAdDC021,Charlotte,Benitez,Male,jle@example.org,(638)462-4338,5/24/1951,"Surveyor, land/geomatics"
3395,ac7a1237e97Edc6,Geoffrey,Meza,Female,hoffmancrystal@example.com,+1-729-572-0730x815,3/10/1926,Cartographer
3396,CEeBeDbff8eDcc6,Debbie,Yates,Male,ebowers@example.org,878.442.2352,12/30/1938,Dentist
3397,9D5eDD1ddfBc0B2,Martha,Galloway,Female,marcus72@example.net,(587)159-1308,2/23/1910,Hydrographic surveyor
3398,3ef5cFc7806e8Ab,Gwendolyn,Soto,Male,brennankirsten@example.org,+1-391-203-1220x079,2/9/2013,"Psychotherapist, dance movement"
3399,632169AEaabd8Bf,Tyler,Ferguson,Male,muellermeredith@example.org,584.023.1552x7416,1/19/2018,Garment/textile technologist
3400,64599CeCA7DE1CC,Alejandro,Bryan,Female,alecfrank@example.com,673.760.3176x4213,11/23/1923,Radiation protection practitioner
3401,D089d4AD4e3D27e,Peggy,Salazar,Female,helendavis@example.com,9426759587,9/7/1908,Physiological scientist
3402,1dF7fE5bff0D5CF,Sophia,Bush,Male,carpenterlawrence@example.net,133-713-7996,3/19/1939,Illustrator
3403,CB0eaECa4BDfF7C,Melinda,Hardy,Female,ariel96@example.org,427-419-3279x584,9/12/1915,"Scientist, forensic"
3404,3AaC7f2dF4cB9Bc,Mindy,Mercado,Male,briggstamara@example.org,+1-783-279-4657x484,10/13/1999,Manufacturing systems engineer
3405,a0ed74cf14Eb2bA,Kylie,Lyons,Female,masonbradford@example.com,860-769-6088x37963,6/28/1927,Scientific laboratory technician
3406,B40d5E2BE2cd64b,Marie,Frey,Male,desiree34@example.net,998-593-2102,12/12/1981,Control and instrumentation engineer
3407,A603FD5cc062eAf,Angie,Downs,Female,uguerrero@example.org,169.972.9233x9020,8/17/1955,Soil scientist
3408,A0B6b7BF74feD62,Jean,Coffey,Male,chavezjudy@example.org,001-411-841-9648,1/18/2005,Hospital pharmacist
3409,7e1Ca0f8Adf8fCe,Roy,Brandt,Female,tbowman@example.org,138-593-6583x489,3/21/1950,"Designer, industrial/product"
3410,2062f6202C57222,Penny,Brennan,Male,ellennash@example.org,501.534.9866x3998,8/7/1981,"Journalist, broadcasting"
3411,B50a28Ddedd8a0d,Daisy,Melendez,Male,deanricardo@example.net,(262)357-6491x9543,10/12/1971,Air broker
3412,a83fad99Bb5b206,Kirsten,Fields,Male,liangel@example.org,001-934-522-7818x4735,9/1/1978,"Development worker, international aid"
3413,Df835b3391b2650,Heather,Holland,Male,sethbrooks@example.org,961-939-8802,5/5/2012,Clinical psychologist
3414,EE4985ff7aF45ed,Chase,Nash,Male,gvaughan@example.org,(394)023-9722x174,11/22/2015,Technical author
3415,Fda2D2F5e597EB8,Latasha,Hinton,Female,moniquecooley@example.net,7295153192,2/7/1955,Manufacturing engineer
3416,3F5c258DF5aB31a,Beth,Haney,Female,ricky26@example.org,045.857.4825x028,10/19/2021,Commissioning editor
3417,eBEB181A04D035C,Raymond,Dixon,Female,cbraun@example.org,+1-636-743-7010x88735,4/10/1922,Office manager
3418,ad1E2dAf6eDB1dF,Aimee,Clark,Female,mikelynn@example.net,3326293899,10/20/1950,Community pharmacist
3419,94Ac54abcEA7db1,Sabrina,Owens,Male,crossdarlene@example.net,691.176.3272x14858,3/24/1980,Mental health nurse
3420,A28325Dc1e9F947,Kristy,Dunlap,Male,pkramer@example.org,733.837.6238x085,5/30/1951,"Editor, commissioning"
3421,B8B8ac9a67dBc89,Latasha,Koch,Male,robertaforbes@example.net,(356)313-7715,10/5/1971,Transport planner
3422,3cB86cA8FAf60fa,Brendan,Lindsey,Female,ykrueger@example.net,+1-310-134-7367x74795,9/24/2008,Equities trader
3423,BB1C856A4269d93,Alisha,Andrade,Female,hunttabitha@example.net,632-156-1711x53368,9/18/1906,Legal secretary
3424,A1e053Bad56AdfC,Isabella,Hoover,Female,kristopher07@example.org,001-873-837-7973x03367,10/16/1972,"Producer, television/film/video"
3425,c5AbF9EcdBca31c,Heidi,Archer,Female,williamsonnicole@example.com,+1-417-055-8194x022,6/14/1953,Travel agency manager
3426,ad7e382c7F4CAb6,Ann,Herrera,Male,tracishannon@example.com,589.816.7860,1/10/1958,Insurance underwriter
3427,df01Eea4f70a8b4,Aaron,Parks,Female,frederick83@example.net,-10097,3/13/2004,"Scientist, marine"
3428,3E55a32C80f4ce8,Adam,English,Female,sheila26@example.com,+1-340-955-4866x0043,8/16/1994,Forensic scientist
3429,2f6F290aAd89AEc,Kristopher,Hayes,Female,troy81@example.org,001-026-201-9231x5987,7/24/1961,"Administrator, local government"
3430,c410c4B3A7678a9,Marilyn,Rice,Female,iannash@example.org,-9921,4/12/1907,Nature conservation officer
3431,a7CbBe3250c515C,Brittany,Luna,Male,hzavala@example.com,799-770-2595,7/12/1912,Television camera operator
3432,a2bF23C6Fa7cDfe,Brenda,Moody,Female,annecallahan@example.net,6360148255,4/22/1960,Counsellor
3433,1AeebAD6cCcc85b,Chad,Mcknight,Female,ihouse@example.com,(360)801-4368x09591,11/5/1990,Midwife
3434,2fC6dECB2568dAb,Krista,Castaneda,Female,whitneybranch@example.com,001-944-746-5563x6165,7/22/2007,Jewellery designer
3435,95Cd3aabedECC48,Teresa,Lee,Female,gilbert57@example.org,(976)592-9675,11/7/2001,Catering manager
3436,eDFD50508b4ac21,Barry,Dunlap,Male,duanebeltran@example.net,-10814,1/19/2016,Dance movement psychotherapist
3437,5d1e369deE1eA6E,Brooke,Stewart,Female,pkemp@example.org,(186)065-9145,2/20/1990,Chartered management accountant
3438,43f4bEF172Eb8C3,Kellie,Todd,Male,dlevine@example.org,370.365.3996,11/11/1939,Health promotion specialist
3439,9dc4B9cCFfED4e4,Samuel,Mcclain,Male,lonnie92@example.net,389-066-9423,4/10/1950,Clinical embryologist
3440,e8A6A24fFB9a7bB,Jon,Ellison,Male,jeremy30@example.org,302-617-4572,4/22/1951,Retail manager
3441,2d728edbf6EED6F,Shane,Matthews,Female,moyerrichard@example.net,702-402-1285x9885,4/3/2013,Theme park manager
3442,4aCfd625c43A211,Alice,Brock,Male,traviskristy@example.org,726.134.6852x646,2/7/1943,Museum/gallery conservator
3443,9f27b6AfC9bD0dd,Sonya,Madden,Female,dlamb@example.com,+1-033-249-1371x09396,10/30/1956,Associate Professor
3444,a314aadB3eC3B85,Kim,Carey,Male,arieltorres@example.com,-2685,1/13/1969,Musician
3445,E9d81BebdC82d2F,Meagan,Shields,Female,lisa88@example.net,(835)938-2532x6152,4/6/1911,Water engineer
3446,Ba86BE7A3FeAcF8,Dominic,Bonilla,Male,rwagner@example.org,140.773.1309,9/8/1951,"Geologist, wellsite"
3447,3EAD1579eF3f0cA,Paula,Russell,Female,jared45@example.org,+1-985-682-7783x165,3/2/1937,Chartered management accountant
3448,2814955DDEBb1Ed,Jonathan,Mendoza,Male,vcameron@example.com,(205)108-6010x945,3/14/1995,Higher education careers adviser
3449,0B0bfcc12dAa2cB,Eduardo,Cummings,Female,dustinharrington@example.org,(453)308-3542x7331,1/4/1920,"Accountant, chartered management"
3450,a85abcbf1D8A340,Ross,Lang,Male,evelyn37@example.com,939.630.8502x435,11/30/1969,Chief Strategy Officer
3451,e4ffDeFa7ff3F5f,Brandy,Benitez,Female,ekeller@example.com,(512)962-3271x56334,9/28/1906,Fisheries officer
3452,AfaCBcAE5a612ce,Fred,Mccullough,Female,roy62@example.net,+1-318-092-2249x08697,6/25/1911,Regulatory affairs officer
3453,8daaDbfDd17fDC9,Alexa,Moyer,Male,cliffordhuang@example.org,940.855.2196x768,12/22/2006,"Civil engineer, contracting"
3454,149Bb7Dce58Ecf9,Jon,Black,Female,holderernest@example.org,(506)748-4524x94653,12/24/1932,Medical secretary
3455,f80Ff9CEC4fBbEb,Madison,Pratt,Male,kmcgee@example.org,001-075-738-9022,2/8/2001,"Psychotherapist, dance movement"
3456,ecedD7CDDAEA50C,Mikayla,Woodward,Male,robinwalter@example.org,(980)930-6971,12/27/2010,Seismic interpreter
3457,1EDd4E1e30D41d4,Raven,Barrett,Female,zbell@example.com,856-324-0051x65065,1/1/1992,Water engineer
3458,ab7bc9e6d895Cd7,Kristin,Ramsey,Female,riley00@example.org,2579522217,5/7/2016,Architectural technologist
3459,43c0fb7B23ec8ce,Julia,Hayes,Female,baxtereric@example.org,+1-043-956-7372x985,11/6/1993,Translator
3460,4c6DEd4215CAa6F,Sherry,Parsons,Male,dominiquehaynes@example.org,+1-767-212-4830x4623,5/28/1942,"Radiographer, therapeutic"
3461,0b6A5d1EBCEF5DB,Savannah,Lam,Female,mike32@example.com,6803555121,9/11/2015,"Physicist, medical"
3462,6F7A6fCaFd03dF9,Sheryl,Maynard,Female,webbmason@example.com,(815)428-5426,2/7/1987,Podiatrist
3463,bdFAD243ca8A20E,Latasha,Tapia,Female,mariahoward@example.com,080-357-5837,2/6/1983,Landscape architect
3464,abfCbA4c9f13F30,Christopher,Moon,Male,ewright@example.net,012.399.7141,8/27/1968,Building services engineer
3465,f34976D0EEFC3fb,Marcia,Wilkinson,Female,christiebrooks@example.org,(920)212-2778,7/10/1949,"Conservation officer, historic buildings"
3466,3B81B54b0B4cFDf,Roger,Wallace,Male,cuevasluis@example.com,001-505-403-1343x3982,10/1/1970,Museum education officer
3467,EcEd70fd6fdBaB9,Destiny,Hutchinson,Male,wyatthuber@example.org,558-240-5385x676,12/3/1991,Actuary
3468,5b66bDaC0bF3F7b,Rebecca,Blanchard,Male,mckenziecabrera@example.net,805.741.4251x98602,5/27/1972,Fish farm manager
3469,0fDe1c91138BFf4,Lynn,Schneider,Male,karl08@example.com,712.975.2257,11/11/2007,"Engineer, electronics"
3470,d6aFF0fDBB3F69F,Monique,Mcneil,Male,aliciamooney@example.org,(630)121-5927,9/25/2001,"Conservator, museum/gallery"
3471,CaD5Ab046f06A50,Damon,Jackson,Female,joycehouse@example.net,956.969.7741x8886,7/11/1989,"Psychologist, counselling"
3472,b5AbC592cCD7A76,Robyn,Ashley,Male,ariasmaurice@example.com,823-778-6465,2/3/2004,"Merchandiser, retail"
3473,c4F1c29566CFE11,Walter,Perry,Female,jeannesims@example.com,121.403.0592,5/4/1978,Media buyer
3474,B9212eE3CC1Bc0D,Anna,Oconnor,Male,whitekari@example.net,951.295.0675x11365,6/2/1955,Tourism officer
3475,Ed1F5FD864aB301,Christy,Wagner,Male,shawnorr@example.com,738.957.8903x05607,7/16/1974,Music therapist
3476,Dff1E3D2a2fB7Ed,Meredith,Frazier,Female,whitakerkenneth@example.net,+1-812-599-0135x74510,12/14/1943,Museum/gallery conservator
3477,Bd9B3eBE67aEdf9,Russell,Weiss,Female,dean21@example.com,+1-190-575-0765x53655,12/19/1929,Advertising account executive
3478,1CdE794b9F2cbe0,Cassidy,Hinton,Male,kcasey@example.com,981.490.2935x9759,5/12/2011,Health visitor
3479,0F564898A389F3d,Nancy,Burns,Male,galvanlouis@example.org,9376278951,11/14/1967,"Engineer, structural"
3480,4c4fefAfF9bCA0c,Traci,Escobar,Female,rachael76@example.com,(352)765-9042,11/10/1919,Surgeon
3481,d3f36caf6eCCB04,Ryan,Spears,Female,carolynpowers@example.org,-9492,3/16/1919,Financial adviser
3482,b1eF268E5Aca9DB,Steven,Maddox,Female,mccormickcolleen@example.net,(210)803-5143,4/24/1953,"Engineer, site"
3483,E60Be0306810Ca8,Calvin,Russell,Male,jharmon@example.org,349.136.5726,12/8/1973,Retail manager
3484,C6E7e3c57Ae81a9,Colton,Mcconnell,Female,sara18@example.com,+1-903-262-5659x9127,6/19/2003,Patent attorney
3485,9d385cfD44dd8dD,Gene,Ford,Female,roberto84@example.com,531-634-5853x9904,3/18/1980,Fine artist
3486,7e2FbA197fDAc70,Tyrone,Gill,Male,huffsandy@example.net,037.989.2063,7/16/2014,"Research officer, political party"
3487,8dbbeB140Bd8bbd,Bethany,Richard,Female,chris13@example.org,001-288-205-7823x944,2/28/1926,"Designer, multimedia"
3488,238FDe542CFc46e,Rebekah,Livingston,Male,qyoder@example.org,(939)341-7567x629,12/22/1963,Financial adviser
3489,aC53fA9344D5B8b,Brianna,Mckinney,Female,calvinproctor@example.org,795.081.7934,11/3/2017,"Engineer, communications"
3490,eF4b95ecbb9E5Af,Leonard,Baldwin,Female,amendoza@example.com,103.688.1411,10/30/1906,"Designer, blown glass/stained glass"
3491,95A7Fec6EFFdeEF,Cristina,Burch,Male,floresjoanne@example.net,(988)792-4644x5130,3/3/1988,"Psychologist, prison and probation services"
3492,3Dd9bDFF477a00D,Rachael,Cowan,Female,kayleemorris@example.org,404.047.1307,2/14/1948,Graphic designer
3493,FdD2990a4aF9F3a,Katrina,Choi,Male,glenndarrell@example.com,142.889.6555,3/9/1912,Minerals surveyor
3494,5c4bC8eab95BDCe,Christopher,Powers,Male,uarroyo@example.com,-9650,4/21/1966,Secretary/administrator
3495,0eAFb62E42B71fA,Judith,Andersen,Male,nathanrhodes@example.com,+1-870-204-9915x00526,5/11/1951,"Conservation officer, nature"
3496,Ac02C6ae3AED9A6,Jim,Ballard,Female,doughertyerik@example.com,001-264-004-3805x93638,10/7/1943,Automotive engineer
3497,9DB47E7eCBed2e6,Leon,Pope,Female,ysilva@example.net,740-595-8313x44427,5/29/1927,Astronomer
3498,dab5B1aFbbEbCF7,Claire,Mcintyre,Male,zbrown@example.com,(738)709-6425x25858,6/9/2019,Agricultural consultant
3499,b3C6E5540e6411c,Virginia,Franco,Female,evelyn94@example.org,5384648304,10/1/1988,"Accountant, chartered management"
3500,bDFD33DbE48E44F,Cristian,Hampton,Female,millerangie@example.org,001-768-063-0688,4/2/1990,"Production designer, theatre/television/film"
3501,2f0BB63B3c31eE3,Karen,Peters,Male,calvin29@example.net,(507)526-5854x3936,6/29/1951,Chief of Staff
3502,AB7D6Ba6948267d,Gary,Weber,Female,paigeruiz@example.org,1055154150,7/29/1912,Theatre stage manager
3503,0D4cdF9fd9AB7dd,Yvette,Dudley,Male,fmorse@example.net,191-421-9863x175,7/1/2009,Immunologist
3504,cF5EdEbaA47fBAf,Robert,Moore,Female,frederickhutchinson@example.org,(588)980-7625x16704,3/14/1952,Intelligence analyst
3505,6c1ae0C50007E14,Danielle,Erickson,Female,gallagherparker@example.com,-7278,8/30/2012,Retail buyer
3506,Fc7CEF59A6aaFe4,Jodi,Hoffman,Female,frederickbob@example.org,001-383-829-7635,8/23/2018,Product/process development scientist
3507,278d041D7042EFD,Christian,Strong,Female,yesenia60@example.net,+1-692-309-2745x965,11/24/2002,Metallurgist
3508,32A953497c88Ec8,Thomas,Higgins,Female,asullivan@example.com,001-299-012-7883x8076,11/30/1998,Aid worker
3509,ee7Ecc94a4CCC89,Juan,Frye,Male,kendrazhang@example.net,424-509-5593x32101,10/11/2001,Product manager
3510,E2FC143a15F28Cf,Willie,Doyle,Female,hawkinsgregory@example.net,001-595-249-5693,1/23/1951,"Scientist, physiological"
3511,a3Caec6DCBFa7fd,Kristin,Kidd,Female,marshallalvin@example.net,+1-341-469-8385x687,8/24/2020,Physiological scientist
3512,0D0fBECFf9f7f6b,Vickie,Santos,Male,dakota46@example.net,1541914907,4/28/2006,"Conservator, museum/gallery"
3513,fcB3F234A40cA6c,Joan,Henry,Female,humphreylisa@example.net,745-416-8392,5/3/2011,Financial trader
3514,90Ad613C76BF2d7,Shannon,Rose,Male,vancevickie@example.com,(914)674-9151,4/22/1963,Early years teacher
3515,C1dA6dEebc767FF,Kurt,Combs,Male,zcohen@example.org,-5627,12/11/1938,Associate Professor
3516,d2A2a6148BAF8dF,Yvette,Brewer,Female,vancevickie@example.org,(515)291-6967,9/12/1906,"Surveyor, commercial/residential"
3517,2F6C3fBA7756B36,Miguel,Horton,Male,mathew97@example.org,001-445-059-2350x35534,7/17/1949,Public relations officer
3518,fDCaB06d7cCC3bC,Joy,Bentley,Male,jaredholden@example.net,480-616-5344x73542,3/23/1920,Podiatrist
3519,5C459cAeb9dc0bC,Rodney,Watts,Female,shane45@example.net,001-349-764-4251,11/22/2016,Animal technologist
3520,f2C5dd226b0aCc4,Lawrence,White,Male,jamie46@example.com,970-779-7096x530,5/9/1946,Community development worker
3521,0E66Fe98e1b5CAA,Kaylee,Rowe,Female,tracirush@example.org,689.642.7967,6/20/1985,Medical technical officer
3522,9edCaf19D386eF8,Monique,Neal,Female,foxpreston@example.org,(654)379-5975x0988,10/24/1978,Magazine journalist
3523,21d68206eBc2beD,Cory,Brady,Female,norman61@example.net,(803)780-1437x747,4/3/1995,Barista
3524,8c71CdFA9D28d9f,Eugene,Bishop,Female,ramirezvernon@example.org,(077)344-7854,9/14/1966,Sports therapist
3525,FF07F3Ca49bDB2a,Gregg,Rich,Female,burtonkendra@example.net,7907834243,11/28/1973,"Producer, radio"
3526,42bd835aC666690,Katherine,Savage,Female,robynmathews@example.com,5153980763,3/17/1987,Arts administrator
3527,ffc9CcEC2b454d2,Carla,Tate,Male,vcardenas@example.org,(709)429-9469x54167,12/12/1944,Medical secretary
3528,3A8351b9ECAFa73,Rita,Herrera,Female,vknight@example.net,297.546.4461,11/11/1991,"Surveyor, insurance"
3529,bE3b82E1eBAAF2C,Julie,Rodgers,Female,dillonrita@example.org,463.782.7988x2498,6/17/1976,"Editor, film/video"
3530,02DEEb9237C3a4B,Melissa,Lutz,Male,hensonautumn@example.com,436.016.5200x0922,7/24/1919,Secondary school teacher
3531,fE087DB56EDfAc4,Wyatt,Cisneros,Female,carneyangela@example.net,001-748-236-0884x9156,11/19/1964,"Biochemist, clinical"
3532,aAd1DF5fd473E21,Morgan,Patrick,Male,suemcmahon@example.com,441-972-3083,9/27/2007,Food technologist
3533,cbeFA4AE2bC5EDC,Kara,Schneider,Male,sherylbrooks@example.net,167.910.6849x4648,3/25/1945,Communications engineer
3534,aa007EF5BbEF01A,Alicia,Villarreal,Female,gmaxwell@example.org,8898698485,4/17/1960,Barrister's clerk
3535,D5BFCbB73314950,Jasmine,Morgan,Female,larsendaryl@example.org,9811853925,2/21/2013,"Lecturer, higher education"
3536,Ac0B6bDa16c429A,Karla,Ruiz,Female,desiree64@example.org,+1-933-100-4339x2077,10/9/1978,"Teacher, special educational needs"
3537,f57Adf8cb96E078,Brett,Matthews,Male,caitlin29@example.com,563.529.2173,6/30/1954,Astronomer
3538,134db74Eeeee2cf,Sherry,Larsen,Female,jean36@example.net,937-195-7781x327,12/4/1975,"Scientist, marine"
3539,0DF97Acfa55D0AD,Geoffrey,Sosa,Female,cassandraorr@example.org,367.761.5121,9/28/1985,Catering manager
3540,Ee38eFAD6B15bA7,Christopher,Jimenez,Female,zoebartlett@example.org,576-009-7682,11/21/1951,"Administrator, local government"
3541,E60D4E1aAB9aDa2,Alice,Williams,Female,katrina12@example.org,(956)739-5149,5/23/1996,"Psychologist, educational"
3542,F29951CD0d36f6e,Adrian,Kemp,Male,xshannon@example.org,429.585.3070,9/6/1917,"Investment banker, operational"
3543,A780aAA5D87E02C,Lucas,Palmer,Female,ashleymarcus@example.com,(516)536-1726,1/22/1936,"Radiographer, diagnostic"
3544,e3a200E8Cf8eA3A,Marisa,Lozano,Male,forbesadrienne@example.com,001-957-654-6556x75106,8/30/1908,Occupational hygienist
3545,D676D4E245ab0D4,Bruce,Zavala,Male,ibarrabeverly@example.net,+1-709-805-0285x70210,12/21/1999,Materials engineer
3546,AB98CaAdFE40CAF,Jordan,Holder,Female,martin90@example.org,(195)291-9296x521,12/25/1909,"Conservation officer, nature"
3547,23f02c497ea2DCB,Patricia,Bowman,Male,atkinsonrebecca@example.net,-10352,7/10/1931,Land
3548,dD5ed3E4beaAA8a,Raven,Burch,Female,paul23@example.net,001-209-323-7116x12584,11/4/1964,Systems analyst
3549,CEFAb25Bd9c9aB5,Hayden,Compton,Male,sheahannah@example.com,168-938-9152x09300,5/13/1960,Radio producer
3550,7CE8E61b6C9BCe1,Christine,Richards,Male,cindycantu@example.net,644-408-9107x613,11/24/1918,Pension scheme manager
3551,7EB594fAAFC3747,Johnny,Novak,Male,woodardarthur@example.org,001-445-638-7429x346,7/23/2002,"Engineer, site"
3552,A0BC2A7270CcbD5,Sydney,Lam,Female,savagemindy@example.com,4779885364,10/2/1917,Editorial assistant
3553,BFC80332fB2b7B4,Kelli,Santiago,Male,glennsydney@example.com,382.644.3372x404,1/11/2020,Film/video editor
3554,32766F3F96beeab,Paige,Weiss,Male,nspencer@example.org,-6006,10/11/1935,Medical illustrator
3555,00AFC73acfB1ED2,Dwayne,Mcmillan,Male,randallrussell@example.net,643-637-0397x9427,10/27/2006,Production manager
3556,B94857F26be8C98,Tommy,Shah,Female,bullockstacey@example.net,141-101-5067x384,6/24/2009,"Surveyor, mining"
3557,87aee7eeC10cE7a,Regina,Cunningham,Female,jimmy40@example.com,(921)704-4847x16829,6/19/1920,Production engineer
3558,e369af98539Bed6,Corey,Newton,Male,yorkcole@example.org,038-724-1933,1/25/1987,"Psychotherapist, child"
3559,7eEb4a947582FBF,Misty,Fitzpatrick,Male,leah68@example.com,(890)265-9134,11/17/1973,Chief Operating Officer
3560,2f5fBCEB895ED0C,Terrance,Fernandez,Male,nancynorman@example.org,4334243319,2/5/1941,Biomedical scientist
3561,91Aac3A1ab1A8e3,Janice,Chang,Female,yoderclarence@example.net,306-782-3798x09930,7/19/1944,Metallurgist
3562,7383E0b529C90bA,Gerald,Choi,Male,jamesgrant@example.net,001-212-516-0249x69826,4/22/1920,Dealer
3563,FB6F2f58913aDDD,Richard,Sparks,Female,marisaroman@example.com,4484536551,10/23/1909,Museum education officer
3564,Ffc5A33aDb79b62,Mackenzie,Wall,Male,toddmarks@example.net,087-675-8783x63859,5/27/2012,"Psychologist, prison and probation services"
3565,b71C7d95eDEAF86,Renee,Archer,Female,qandrews@example.org,730.738.3233x936,9/16/2016,IT trainer
3566,e6e44c8aA9CeEA7,Darin,Jackson,Male,ebradshaw@example.net,889-805-6858,3/17/1944,Ceramics designer
3567,fdADFB4Fcb96CeE,Hayley,Bauer,Male,moonshawna@example.net,857-169-4483x30045,8/11/2008,"Doctor, hospital"
3568,7eB43037f3dCBa7,Tyler,Peterson,Female,debbie41@example.net,(754)811-2832x343,1/14/1948,Music tutor
3569,EFd1F91D9E76fD1,Frederick,Downs,Female,tammy99@example.com,001-047-691-6787x63832,9/22/1983,Location manager
3570,CdE389Ec0e6B86a,Heidi,Rosario,Female,omarmorton@example.net,4981259911,12/8/1993,"Sound technician, broadcasting/film/video"
3571,7AcA5D0586bc8F4,Alan,Kent,Female,sosamikayla@example.org,596.297.0331x001,4/6/1913,Broadcast journalist
3572,a620bAf0EF5aE7b,Madison,Mathews,Male,clyons@example.org,(572)127-3020,12/15/1972,"Engineer, materials"
3573,dCc72B0B4eDF023,Manuel,Barajas,Female,shieldsleah@example.com,(692)529-8408,9/14/1992,"Psychologist, prison and probation services"
3574,C839057BBc310AF,Erika,Mitchell,Male,chelsey66@example.com,930.814.1761x6092,7/17/1915,Oceanographer
3575,bDE851C0ddFce42,Nicolas,Haney,Male,russellfranklin@example.org,206.513.7154x223,9/7/1946,"Scientist, water quality"
3576,78B11d66ED189FA,Erik,Castro,Female,bdaniels@example.net,054.029.4968x21442,4/8/1963,"Engineer, drilling"
3577,4dBe38E95aACc9c,Alan,Santana,Female,alejandramccarty@example.com,812.928.6055x9038,5/22/1965,Educational psychologist
3578,8D2Df3CFCc0a010,Claudia,Grant,Male,andrea31@example.com,(368)741-6532,12/24/1967,"Engineer, broadcasting (operations)"
3579,Afe65F1aaFfaFaa,Rebekah,Phillips,Female,arianachen@example.net,(664)266-4664x659,2/22/1920,Dramatherapist
3580,D56aAef6E505e9b,Jackson,Rose,Female,debbietrujillo@example.org,730.132.1439,7/4/1983,Optometrist
3581,BB6bBB6D8ffCD0E,Franklin,Wade,Male,fred49@example.com,(380)701-8453x1491,6/23/1995,Claims inspector/assessor
3582,47fAA5EEE685a3E,Daryl,Hebert,Female,sotocarolyn@example.org,390-790-9163x469,3/10/1973,"Conservator, furniture"
3583,c83F1AE7aB6EE32,Joy,Garcia,Female,rosssydney@example.net,816-095-3537x8086,5/6/1981,Film/video editor
3584,Ec8A7Ce9Be77CbA,Jacqueline,Pace,Female,derrickbutler@example.org,(158)393-4783x1547,8/16/1962,Sport and exercise psychologist
3585,E24C7baD8e8c5C0,Carmen,Proctor,Male,clinenicholas@example.org,691-958-7107,1/24/1993,Chief of Staff
3586,a799e14dEf332D9,Shawna,Sloan,Female,gallowayfred@example.com,643-631-2935x6941,8/29/2001,Mudlogger
3587,60256C4866fDC72,April,Ayala,Female,tcarroll@example.net,171.297.6287,1/2/1944,"Engineer, aeronautical"
3588,BbEfEA845ad5B83,Dylan,Gilbert,Male,tfranco@example.net,716-649-6998x2876,10/28/1961,Retail merchandiser
3589,93da8586fF22B8F,Brianna,Coleman,Male,rpaul@example.com,357-659-2126x0653,2/10/1921,International aid/development worker
3590,ac57fEdDCFBEDfA,Gwendolyn,Osborn,Male,oliviagilmore@example.com,-9205,6/8/1950,Private music teacher
3591,9d20c0b9fB6b28D,Lindsay,Robbins,Male,pagewalter@example.net,-4989,2/16/1969,Psychiatric nurse
3592,Bf3aCDB476bcBe0,Herbert,Bryant,Female,frances22@example.com,603-763-4454,12/9/2018,Company secretary
3593,D047977F7d54Aef,Janet,Mays,Male,tyoung@example.net,262.406.9716,8/7/1956,Plant breeder/geneticist
3594,b9B1d03E7e8fcb6,Chris,Madden,Female,lawrenceruben@example.com,(321)635-4412,10/18/1988,Therapeutic radiographer
3595,0bDA0c76Bb0cC6a,Michele,Mooney,Male,hayley45@example.com,699-614-7436x6803,5/15/1930,"Research officer, government"
3596,27CDe9f48b8c5Fb,Malik,Rojas,Male,michaelpowers@example.com,884.607.0295x38014,6/13/2013,"Teacher, secondary school"
3597,26e6F21fA9DEe2C,Ariana,Mcbride,Female,igilbert@example.com,+1-956-776-7556x96559,12/10/1949,Ergonomist
3598,49C77cd8fEB6DDa,Belinda,Clarke,Female,grant42@example.net,(521)377-4191x67549,4/24/1937,Architectural technologist
3599,52B24c2C8be2a71,Lydia,Green,Female,hannahwebb@example.net,001-924-590-7101x5441,12/18/1988,Emergency planning/management officer
3600,0e950Fcd7158d44,Brian,Hardin,Male,shirley49@example.org,2770971282,8/8/1943,Public relations account executive
3601,aBF2ca659A4A0B6,Blake,Fischer,Female,paigebriggs@example.com,(765)031-9018,1/23/1947,TEFL teacher
3602,Cf304e3E4DbC690,Alexandra,Dunn,Male,aimee95@example.org,(362)284-2367,1/4/1981,Manufacturing systems engineer
3603,78c0dA81Cdf8963,Mark,Bean,Female,ufleming@example.com,4489868109,9/21/1922,"Administrator, sports"
3604,7B9Fa21af0B3cCf,Max,Mckenzie,Female,starksavannah@example.net,323-840-1215x52111,12/4/1962,"Editor, film/video"
3605,aD37Bee7Ab5dE60,Gabriel,Lewis,Male,francisconixon@example.com,5872571235,3/24/1910,Health physicist
3606,aEDAaffc91b7cF0,Darin,Harvey,Female,shanemontoya@example.org,4487621244,3/16/2009,"Therapist, nutritional"
3607,5f0a2c5d80f9BEf,Brandy,Huff,Female,isabella35@example.net,001-896-246-6197x7692,2/18/1979,Midwife
3608,ef0fCD19afda827,Nichole,Tate,Female,blairnorma@example.com,256-085-5335x75849,8/23/1993,Consulting civil engineer
3609,0Abea1ACcFaD51A,Jose,Castro,Female,jesushines@example.net,271.851.1735,7/14/1958,Fashion designer
3610,8E6C5C3579be11E,Anna,Meyers,Male,lhorn@example.org,809-510-6823x637,10/24/1945,Animator
3611,41BB563f50ad351,Kirsten,Nelson,Female,ingramjaime@example.net,746-072-1818x54168,2/3/1971,"Nurse, adult"
3612,Fbe5441e44d0A63,Elizabeth,Fischer,Female,jasmin77@example.net,645-571-0241,11/8/1956,"Development worker, international aid"
3613,C5C4dba229A6Baf,Melinda,Sweeney,Female,theresacarpenter@example.net,1315516332,11/21/1973,"Civil engineer, consulting"
3614,aDFeA37Abc7B99c,Alejandro,Ward,Female,rachaeldaugherty@example.org,-10211,4/5/1977,Investment analyst
3615,aF12ddA9Baa79b3,Renee,Knox,Male,ayalasabrina@example.org,(756)896-2919,10/8/2010,Metallurgist
3616,E123141efc2d662,Alfred,Leach,Male,howardcheryl@example.com,-5683,2/28/2022,Soil scientist
3617,2BcAd6031411BeD,Isabella,Tran,Female,jenningsgabriella@example.net,(606)382-7644,12/12/1987,Teaching laboratory technician
3618,6a6aE6efFd1Fc61,Kent,Alvarez,Female,julie49@example.net,(757)084-8786x36709,7/13/1918,Surgeon
3619,EFfEbE737cdd8aC,Diana,Cummings,Male,mistycrawford@example.org,+1-940-009-1715x0233,1/8/1982,Fisheries officer
3620,4e9ad1bAa97Ab3d,Shari,Summers,Male,marksgarrett@example.net,7418976504,4/24/1976,"Engineer, manufacturing systems"
3621,D46dA776fEC26d9,Sonia,Guerrero,Female,phillip88@example.net,001-200-987-1594,4/7/1976,Advice worker
3622,A4E3d20eBcEE93F,Annette,Joseph,Male,bergerhannah@example.net,(686)400-5996x3948,8/6/1997,"Restaurant manager, fast food"
3623,c37a2cdEc73BAfa,Sydney,Mckay,Male,ortizbetty@example.com,001-068-064-9031x5268,1/9/2009,"Accountant, chartered"
3624,EeB7E86baED3Ff5,Cody,Terrell,Male,raymooney@example.com,(535)981-9112,6/14/1969,Network engineer
3625,83Fe81adCB65Db5,Jane,Hopkins,Male,trevorsantana@example.com,869.189.8893,1/24/1946,Soil scientist
3626,eF9647f14AD6E5b,Judith,Carey,Female,yangryan@example.net,+1-155-493-2005x7744,4/11/1943,Personal assistant
3627,e1A562BC7aDdC1c,Lindsey,Hunt,Female,danny51@example.net,-6948,5/23/1912,Armed forces operational officer
3628,3BF1b18D3482d44,Bob,Singleton,Female,jodimccormick@example.org,+1-457-742-3715x9179,4/5/1955,Clinical biochemist
3629,4db0dDaD782Cdb1,Jesus,Allen,Male,pattersonstacey@example.net,+1-294-484-2559x04891,5/13/1953,Chief Strategy Officer
3630,78a10D92a4fbdCa,Ronnie,Atkins,Female,gordonalan@example.net,983-447-7754x512,11/16/1951,Animal technologist
3631,D5e4fe25ffef8d7,Bob,Walker,Female,thicks@example.net,+1-141-365-1466x188,10/17/1947,"Engineer, energy"
3632,A4EAeBeF1a2bEee,Latoya,Sims,Female,llevy@example.net,9991044824,3/15/1962,Water engineer
3633,AFDfb06eDebFCF9,Felicia,Hartman,Female,gabriela54@example.net,6063753886,4/21/2012,Production manager
3634,64Ba4E26b55700B,Cassidy,Petersen,Female,paguilar@example.org,069-015-7937x0731,8/4/1935,Clinical biochemist
3635,ef7e0A68e1bCD1a,James,Bolton,Male,sonia26@example.net,+1-402-551-6380x37568,5/3/1986,"Surveyor, minerals"
3636,8d943cF08d2239E,Bryan,Gay,Male,patty31@example.net,952-614-7813,6/21/1963,"Social research officer, government"
3637,BfBDE1315d4Def8,Tyler,Walton,Female,gonzaleschristy@example.org,+1-308-151-5036x32900,3/26/1956,Psychotherapist
3638,cC9aeebfdf8ea1E,Dominique,Best,Female,george94@example.com,-1933,3/1/1991,Clinical molecular geneticist
3639,26FbC792Fe7db7b,Colton,Gregory,Female,tgentry@example.com,001-495-769-2702x0092,3/15/1976,Production manager
3640,4980a1ddC10cF3c,David,Cherry,Male,patricia12@example.com,549.993.3135x3225,6/18/1923,"Programmer, systems"
3641,55eD5a3fd6AE1ad,Yolanda,Noble,Female,jsanchez@example.org,(683)902-4291x8679,6/26/1960,"Education officer, museum"
3642,41Abe3eD2f99390,Brandy,Huerta,Male,vancecristian@example.net,165.734.7573x459,6/1/1912,English as a foreign language teacher
3643,28fa2c19fd02FDa,Lindsay,Long,Female,dannyschwartz@example.com,+1-652-186-7985x591,4/22/1975,Arboriculturist
3644,FF1296d0EAD1a5f,Juan,Cain,Male,sgrant@example.com,5386142204,9/6/1912,"Psychotherapist, dance movement"
3645,8ea605382D55E0D,Philip,Gordon,Male,barbara68@example.com,001-409-998-9384,7/6/1993,Diagnostic radiographer
3646,C295a1D5DA8e453,Candice,Delgado,Male,vrich@example.com,5766733753,12/24/2013,"Engineer, energy"
3647,E3fb05B9bcCdcF3,Katherine,Bowers,Male,wrollins@example.net,+1-744-151-6498x167,4/28/1930,Recycling officer
3648,8F27fD9ABC8717f,Louis,Schmitt,Female,phyllis53@example.com,732-393-0238,11/1/1985,Jewellery designer
3649,fA6e86aE19b8C7a,Tiffany,Welch,Female,codyharrison@example.net,-1415,9/7/1988,"Teacher, early years/pre"
3650,CA25B9E19f7C40B,Norman,Fischer,Female,tcompton@example.net,001-011-875-2322x33229,5/13/2016,"Programmer, multimedia"
3651,7805fB1dFC10B0b,Carolyn,Villegas,Female,grace12@example.org,804.321.1411x91573,1/30/1952,Hydrogeologist
3652,D35Dd8cbEf2E7AD,Janice,Hester,Female,archertanner@example.org,314.750.3641x58702,8/22/1993,Youth worker
3653,D8F27B15e09a174,Gregory,Ramos,Female,sandy10@example.org,001-435-922-8030x1302,1/3/2011,Warden/ranger
3654,15c72CAbfcE1Cd5,Paige,Schmitt,Female,bnorton@example.net,368-351-0687x6592,12/25/1921,Biomedical engineer
3655,f2dde3D6eA3F38D,Mercedes,Cox,Female,colton38@example.com,9945096495,7/20/1971,Community pharmacist
3656,b841976Acc158bA,Duane,Tapia,Female,stephaniedelacruz@example.com,010-181-2387x8401,1/12/1916,Tour manager
3657,e1c36B01A7fFBAa,Carrie,Weiss,Male,frostbrittney@example.org,446-615-9584,11/2/1997,Jewellery designer
3658,9b2ecE3e6dF1C01,Gavin,Everett,Female,calvincallahan@example.org,(860)294-6724x09301,12/11/2006,Metallurgist
3659,cB0222713937DCC,Nicholas,Mccall,Female,summer32@example.org,001-073-473-2605,10/9/1918,Armed forces operational officer
3660,bA575a5E0A6CAF1,Alexandra,Marshall,Female,gloverjudith@example.net,279.433.2592x599,4/4/1926,Midwife
3661,8a60d5Af5C1BB88,Gordon,Alexander,Female,nicole72@example.net,389-362-5548,7/16/1943,Records manager
3662,e3d90fa47b9d1CB,Troy,Salinas,Female,bobbyhancock@example.net,001-743-417-9674x1119,1/14/1998,"Administrator, sports"
3663,593eA752E8faad1,Kurt,Leach,Female,chungamber@example.com,-1355,6/14/1998,"Doctor, hospital"
3664,296CdBdBFaEF678,Tristan,Bennett,Male,zwarner@example.org,+1-106-517-9937x19152,8/24/1954,Bonds trader
3665,6b3F7EeDbb472dd,Brandy,Tate,Female,jackblackburn@example.com,263.525.0617x53889,1/14/1912,Corporate treasurer
3666,3626A00E4e359Bc,Colin,Zamora,Female,jerry19@example.org,138.279.1391,6/22/1987,Cytogeneticist
3667,6fD6189Fca2FDEe,Sue,Morrison,Female,ralph96@example.org,301.311.0390x4084,7/4/1961,Administrator
3668,2823ac29c8efeea,Molly,White,Female,gacosta@example.com,(232)458-8318,9/2/1946,Lobbyist
3669,df5Bb38232e5fFd,Ronnie,Lucas,Female,cathy22@example.org,812.010.0606x7547,11/2/1915,Minerals surveyor
3670,7AfA2b2cEeF1811,Michael,Dalton,Female,eduardo37@example.com,(729)796-0851x59378,2/14/2020,Heritage manager
3671,Dd2D33e595107df,Latoya,Carson,Male,madisondudley@example.org,+1-980-834-7723x397,1/2/1972,Advertising account executive
3672,6F65BFd14de23Eb,Colleen,Mann,Female,peggy53@example.org,+1-954-496-8836x0963,3/3/1912,Visual merchandiser
3673,256d0B8bE56AfAc,Sonia,Sims,Female,imack@example.com,+1-989-270-7595x976,11/6/1917,Sub
3674,dfA425B7e4beD3E,Shane,Brown,Female,cynthiaweiss@example.com,+1-781-461-3400x90599,6/16/1953,"Accountant, chartered management"
3675,826Dc67d75BfbE5,Katelyn,Shaw,Male,penny36@example.com,605-661-2708x287,3/13/1930,Air cabin crew
3676,DDe5Ca773378d7C,Terrance,Wolf,Male,vlamb@example.com,+1-313-264-6310x8939,2/14/2002,"Lecturer, higher education"
3677,dF3Fc2fC7C8Aa81,Gabriela,Rowe,Male,patrickcraig@example.com,002.162.4476,3/7/2007,Location manager
3678,06dDd0730D134DB,Kaylee,Carson,Male,hholloway@example.org,(659)846-6080x460,3/7/1961,Acupuncturist
3679,a1483dBEDaBC53D,Philip,Norman,Female,jwheeler@example.com,001-454-460-0795x652,10/25/2001,Dentist
3680,321bAA343F7EA0a,Traci,Hull,Male,bgraham@example.org,416-815-8385x25865,3/2/1982,"Nurse, children's"
3681,17dCC9848df6Bd0,Abigail,Palmer,Female,coffeydevon@example.net,608.380.3671x61232,6/23/1955,Physiotherapist
3682,EFeE15D9dFD8BDd,Elizabeth,Harris,Female,oterry@example.com,490-441-8416x6419,4/2/1958,Computer games developer
3683,4Aae0eC5A1bA420,Greg,Rivera,Female,gloria02@example.net,001-021-382-1544x48059,10/3/1938,Agricultural consultant
3684,aCFc08DDD9A5C27,Christopher,Stewart,Male,cmoon@example.com,001-040-378-7015x18463,7/24/1990,Advice worker
3685,A6D500fB45A3cC9,Caleb,Mann,Male,alanrivera@example.net,(250)409-5110,5/27/1961,Food technologist
3686,876BFAD0Cc37eaD,Joyce,Owens,Male,tgentry@example.org,854-435-8109x32926,11/18/1990,Mining engineer
3687,74eCD80d94a70AD,Phillip,Woodward,Female,candice26@example.com,399.205.3528x42888,8/13/1986,Glass blower/designer
3688,B05c3Fc27Ab09D9,Audrey,Hernandez,Male,gabrielazimmerman@example.net,364.167.8898x76064,5/22/1909,Orthoptist
3689,A4D8aC4BBfCD17c,Mandy,Ingram,Male,grant48@example.org,(393)275-3020x311,6/3/1935,"Scientist, research (medical)"
3690,75636efdeFCf9ce,Erin,Bautista,Male,jennajordan@example.org,(110)665-8164x000,2/28/1947,Exhibition designer
3691,daCCbd8B16A760B,Jo,Friedman,Female,bailey90@example.net,(124)903-8513,8/12/1991,"Psychologist, sport and exercise"
3692,8dFecd3d6F85cAB,Joshua,Barton,Male,angie11@example.org,787.009.1573x794,9/9/1984,Quarry manager
3693,eCc4a2ed4dbd2cc,Tonya,Pace,Female,hutchinsonmanuel@example.com,381-276-8897,1/22/1984,Magazine features editor
3694,D9bce801714b74F,Jonathan,Morrow,Female,meghan02@example.net,340-283-5477,3/14/1953,Clinical psychologist
3695,ee4ccBB1EA8DBFb,Sydney,Mcknight,Male,olsongwendolyn@example.org,001-741-319-7351x4842,5/21/2015,Historic buildings inspector/conservation officer
3696,aD1c7eBdf94d3CB,Lucas,Faulkner,Female,annesweeney@example.net,292.140.3216,7/27/2001,IT consultant
3697,b356622cc796Ad2,Taylor,Daniel,Male,sotomaria@example.net,618-805-2115x787,11/29/1933,Economist
3698,4c1E9c41Bd2Ae55,Karina,Robinson,Female,wdodson@example.net,163.086.1139x56007,4/20/1991,Publishing rights manager
3699,0b0A6DddDfC7C6E,Dylan,Conway,Female,hmunoz@example.org,+1-767-835-2614x0150,4/5/2000,"Scientist, product/process development"
3700,4d7c61f659AEBC2,Bradley,Riggs,Female,stuartjohn@example.com,443-405-5115x47239,8/14/1925,"Designer, interior/spatial"
3701,ca76d9c4a011D9b,Jesse,Gonzales,Male,archerfrancis@example.org,519-858-4616x6694,2/21/2004,Planning and development surveyor
3702,ceB68Dd0D8db42E,Marissa,Riggs,Male,randyhubbard@example.com,+1-751-288-6020x1499,5/24/1925,Senior tax professional/tax inspector
3703,9ddC06d4fE63e52,Chris,Keith,Female,bennettjamie@example.com,(016)923-8220,4/16/2009,Printmaker
3704,5332100fEB32F90,Jon,Greene,Male,kennedyjanice@example.net,001-900-680-5219x16256,11/25/1933,Advertising art director
3705,06cdB65AeBB59D2,Tracy,Mcfarland,Female,caleboneal@example.com,785-322-3434x950,12/7/1999,"Research officer, government"
3706,89AAB5e17aA9e4a,Yolanda,Burns,Female,connielogan@example.com,(806)568-6355x11461,12/29/1950,Pathologist
3707,b7984fb4c289bfB,Diamond,Henson,Female,tbrandt@example.net,8656892485,3/18/1948,"Engineer, land"
3708,42a4D5e4eaB592F,Brandi,Calhoun,Male,crawfordgarrett@example.net,344-907-0261x30395,3/31/1987,"Scientist, research (life sciences)"
3709,fBB6d3BeaCca6a8,Andres,Krause,Male,beanrhonda@example.org,295.891.2997x1937,3/28/1978,"Engineer, aeronautical"
3710,af67A22b105151D,Richard,Bass,Male,chris30@example.com,641-493-0405,4/25/1940,"Clinical scientist, histocompatibility and immunogenetics"
3711,ecc2E2b10fdECa0,Gabriel,Butler,Female,ray41@example.net,+1-592-345-5184x4620,10/23/1993,Technical sales engineer
3712,92f2DD59EC86a53,Francisco,Myers,Male,kristin72@example.com,220-798-4791x385,1/3/2003,Energy engineer
3713,A9F4fE3C0329AAa,Cassie,Moyer,Female,valentineerin@example.net,3859303747,6/15/1979,Radio broadcast assistant
3714,aC22B2ccbA59551,Claudia,Esparza,Female,lorifrey@example.org,188-919-3418,11/22/2014,Editorial assistant
3715,d4e6F18eaCB1388,Christy,Sparks,Female,ltravis@example.net,860.982.9048x389,1/10/2008,Psychiatric nurse
3716,d7be6a663fEeDEe,Julian,Mercer,Female,hendrickscolton@example.org,001-615-750-9916,8/31/2014,Herpetologist
3717,FF6aFBa8C4A89A0,Terry,Edwards,Female,khall@example.net,101.311.5284x038,4/21/2004,Warehouse manager
3718,D8D69F2a82d1CBC,Kathleen,Rasmussen,Female,nreynolds@example.com,001-530-308-5145,11/6/1909,"Embryologist, clinical"
3719,1acE88f5DFD9bFB,Sheryl,Blackwell,Male,vhunter@example.org,523-423-2453,3/3/1926,"Engineer, structural"
3720,Ad2D10cd597a9FB,Casey,Kim,Female,carl08@example.com,786.594.2950x108,5/5/1955,Bonds trader
3721,A7C72035fabe1E3,Jeffery,Hughes,Female,yatesluis@example.org,+1-199-634-1168x890,1/11/1993,Counsellor
3722,d9EE3Ecf5b16A60,Leah,Osborne,Female,lmichael@example.com,387.970.4220x0218,6/18/1966,Orthoptist
3723,32532552Cfd9523,Joanna,Gallegos,Male,kmiller@example.org,(787)209-2417x87040,7/8/1949,"Therapist, music"
3724,98B17F4aFB77ffA,Bethany,Morrow,Female,daughertybenjamin@example.com,3978005311,11/21/1976,Health promotion specialist
3725,d083E2f6F67f333,Allen,Tate,Female,brooke67@example.net,8687426141,6/17/1995,Osteopath
3726,0eA77317F4cfbCd,Amanda,Lozano,Male,hardychristie@example.net,593-370-3861x29320,6/12/1972,Herpetologist
3727,dfdBfa4DC3B32Db,Gary,Russell,Female,ryannancy@example.net,+1-432-594-6808x795,11/6/1922,Chartered management accountant
3728,8e9aA68Bfda396e,Sandra,Parsons,Male,nhorne@example.com,001-841-818-3109x8613,4/18/1957,Film/video editor
3729,EECAC2ab8EE9aaB,Omar,Mcneil,Male,sonyalam@example.org,185.922.0113x64572,7/22/2015,Secondary school teacher
3730,c3C444b0F02b5A5,Gwendolyn,Richards,Female,robinsonmikayla@example.net,(305)512-6468x1633,5/16/2006,Insurance account manager
3731,cdF2F718F2b9b02,Roy,Patel,Male,rodriguezscott@example.net,856.055.4319,2/19/1994,Health promotion specialist
3732,c67E9faF5421EfE,Vanessa,Oconnell,Female,madisonschroeder@example.org,(285)778-9148,12/2/1989,Pensions consultant
3733,D63bDe36FBCd6d8,Colleen,Middleton,Male,jim27@example.org,8931819863,10/21/1912,Herpetologist
3734,FA826c0DbE85ecD,Yvonne,Moyer,Female,boothbonnie@example.net,082.296.9723x99382,10/19/1909,"Scientist, research (medical)"
3735,a434aB3A7929F47,Kaitlin,Bean,Male,reevesjoanne@example.org,(239)346-8733x28213,1/15/1925,Civil Service administrator
3736,ade1f9ecB66dC31,Michael,Schultz,Female,dbyrd@example.net,615-194-2050,2/20/1968,"Copywriter, advertising"
3737,bFC9cAdCeBa2C6B,Reginald,Nichols,Female,leslie32@example.org,406-430-5362x86638,11/14/1968,Immigration officer
3738,e833FbDDDBaf28F,Latasha,Sheppard,Male,troy61@example.com,6755476657,3/14/1939,Legal executive
3739,Fc42ef56754baA3,Colin,Chaney,Male,mason31@example.org,001-074-170-4814x93040,5/16/1963,"Engineer, communications"
3740,D66afC3c2aB166e,Edward,Ayers,Male,kathryn83@example.com,150.929.3613x775,8/7/1925,Optometrist
3741,7d2DE0b6A96fe19,Mikayla,Avila,Male,lindavaughn@example.org,3990313980,10/2/1963,Counselling psychologist
3742,b8e432Fe7ea2baF,Warren,Ruiz,Male,apham@example.org,+1-386-129-8850x8898,4/28/1922,Furniture designer
3743,C2c9fB62F1dC49c,Scott,Cortez,Male,hebertruth@example.net,(825)503-8818,5/8/1953,Barista
3744,Fbe5CB9cC7Fd746,Elaine,Parrish,Female,thenderson@example.org,757.811.4634x13797,12/14/2000,Market researcher
3745,Bd2Ce40C4eDdd2f,Crystal,Pratt,Female,abbottmaria@example.org,271.340.7056,1/8/1945,Archivist
3746,9EE5A2feC3BDB48,Stuart,Swanson,Male,marvin56@example.com,551-037-7260,11/23/1907,Chief Operating Officer
3747,1dbfccBe62b6e1f,Phyllis,Blackwell,Female,iwheeler@example.net,6952726631,10/16/1930,"Psychologist, sport and exercise"
3748,bea92e86308454E,Ellen,Wells,Female,adam30@example.net,-1785,6/21/1950,Drilling engineer
3749,67e7Df5877eBE78,Lynn,Barron,Male,lynchbrooke@example.org,7237867805,1/17/1942,Financial controller
3750,ABfaaDbEEaFFeF5,Anna,Roberson,Male,casesydney@example.net,001-530-674-8047x506,8/14/1985,Podiatrist
3751,4ae26bADba2DdBb,Kendra,Fernandez,Female,kristina13@example.org,371.723.0528,1/21/1978,Materials engineer
3752,F375D3CECcae165,Parker,Tucker,Male,gwendolynramos@example.com,001-666-895-2474x4152,5/21/1960,Broadcast engineer
3753,804Ae7CfdecC80e,Colton,Malone,Male,qmoran@example.org,001-571-953-8772x590,3/30/1975,Sports coach
3754,FbD6EED209B4C83,Marisa,Arroyo,Male,vlester@example.net,558-700-5578x3106,9/15/1979,Television/film/video producer
3755,D3c39cfde9e51e6,Adriana,Clay,Female,danatkins@example.net,(202)271-2527x7154,10/10/1943,Jewellery designer
3756,A6C352D6Ec73c8e,Vicki,Mosley,Male,rhawkins@example.net,257-711-9417,9/9/1949,Cabin crew
3757,26B6Cc818EB4BdB,Charlene,Rios,Male,qwolfe@example.net,+1-384-714-7267x212,1/29/1939,Immunologist
3758,8aC682ea1C46ff8,Billy,Mercado,Male,halllindsey@example.com,(101)657-6932x6231,4/20/1989,Illustrator
3759,C102DF88Ce22fBD,Cassandra,Vega,Female,ovaughan@example.net,385-929-1953,12/5/1985,Conference centre manager
3760,14526ED83776Ebe,Madison,Lamb,Male,zduke@example.org,(439)323-0656x2069,6/12/1996,Trade union research officer
3761,9b8BdAbe541947B,Joe,Solomon,Male,jzimmerman@example.org,189-639-8010x647,5/21/1981,Social worker
3762,D3fe4A63c9eB9B3,Stacey,Bishop,Female,kiara00@example.org,428.903.0726x51469,3/27/1967,"Administrator, local government"
3763,d83D1f8f7110f8f,Riley,Riley,Female,stacyzimmerman@example.net,+1-641-352-5239x85660,12/29/1923,Corporate investment banker
3764,ff67EBaF0e3cfd8,Johnny,Meyer,Female,dickersontara@example.org,-8496,10/25/1967,Information systems manager
3765,DCccA94FdDD99AA,Dominique,Henson,Male,opark@example.com,961.294.4068,3/6/1998,Multimedia specialist
3766,721BBd0E0E9Fde4,Tricia,Stuart,Female,glennmcbride@example.org,277.414.7732,7/18/1911,Probation officer
3767,3DCeF6B55289bdA,Karla,Rivers,Female,stefanie16@example.net,001-550-950-3674x0037,4/2/1975,"Optician, dispensing"
3768,BE53cedd659DabD,Kimberly,Travis,Female,joecarr@example.com,001-292-185-4129,8/16/1973,Music tutor
3769,c5BeEd7135eD9eD,Charlene,Sanchez,Female,ucombs@example.net,549-581-6790x477,5/15/1950,Industrial buyer
3770,e915F71dAA81Bab,Jon,Chaney,Female,ychung@example.org,+1-329-025-8802x455,10/14/2013,Heritage manager
3771,e9754Eba0825Dbc,Dwayne,Kelly,Male,kristiedougherty@example.com,(329)466-2155x21209,6/26/1981,IT technical support officer
3772,8469AeABCCAC8E8,Tammy,Valencia,Female,rivasjermaine@example.org,823.528.0133,7/30/1933,Nature conservation officer
3773,4A3af9bad36aDe4,Angie,Jacobs,Female,mendezmercedes@example.org,846.359.7008x969,4/26/1911,"Therapist, nutritional"
3774,CFBe73494ce6CfB,Sheryl,Bates,Male,idelgado@example.net,643.533.9321,9/8/1937,Records manager
3775,6C1dCCDe1e8a413,Amber,Scott,Male,coltonglenn@example.net,297786698,2/10/1955,Consulting civil engineer
3776,ce6Cd3363BdBfbF,Julia,Norman,Female,hubbardmartha@example.org,(117)466-4150x08342,12/14/2012,Barrister's clerk
3777,9F0F96841ac896A,Dakota,Bean,Female,harperjanet@example.org,2487022375,4/28/1975,"Scientist, audiological"
3778,D0d3C5dc0AA04d5,Frances,Joyce,Female,mckenziecastaneda@example.com,+1-126-512-8134x6196,5/25/1962,Chief Operating Officer
3779,B9391AD3b37F96d,Stanley,Moreno,Male,francissosa@example.net,+1-338-033-0453x1788,5/21/1962,Tax inspector
3780,E94c881e1dDFAba,Chelsey,Garza,Female,kristindavila@example.com,625-995-1095x43940,3/19/1932,Warehouse manager
3781,bF67dEBCcCdD1E2,Tyler,Coleman,Female,herbertgates@example.com,(622)234-1624x4114,11/24/1974,Museum/gallery conservator
3782,7e09B79Fa0F5DaD,Mitchell,Daugherty,Female,fstuart@example.org,640.671.1020,2/21/1924,Community education officer
3783,696cd1CfA0Ddc6E,Luis,Fowler,Female,gmccullough@example.org,482.233.7315x43918,9/15/1915,Health service manager
3784,DC0DdE6C7AD1c3a,Arthur,Fitzpatrick,Female,william99@example.net,5941582200,1/18/1942,Occupational psychologist
3785,7eDaFD107CEf1e6,Bernard,Lozano,Female,shortguy@example.org,(086)518-5688,10/25/1920,Theatre manager
3786,9A3eF6F1aDfF4F7,Norma,Garrett,Female,rojasseth@example.com,627-733-9889x41681,7/12/1985,Dietitian
3787,5C87d0Ef4B0Cc09,Samantha,Terry,Female,dennis82@example.net,001-420-245-6476x59162,7/9/1971,Facilities manager
3788,9b328E1FbCcbDB7,Tonya,Adkins,Male,livingstonnoah@example.com,(614)281-3398x133,6/5/1980,"Radiographer, diagnostic"
3789,2E72DAeFC03b84F,Crystal,Hardy,Male,onealmeghan@example.org,+1-823-628-2679x10476,7/11/1927,"Education officer, environmental"
3790,4747362CAa7D8bD,Dylan,Hutchinson,Female,cristina71@example.org,213.292.3025,10/20/1996,Logistics and distribution manager
3791,aEf8CedD0C6BBAe,Jerome,Baldwin,Female,levyadam@example.net,001-321-334-6591x2704,10/18/2016,Careers information officer
3792,F9cd1B199B2DDBA,Joanne,Williams,Female,tkey@example.org,-3325,8/22/1953,"Investment banker, operational"
3793,F235B653ADFfD6D,Lindsay,Ritter,Female,natalieskinner@example.org,(516)272-2613,12/8/2007,"Therapist, art"
3794,D8a7bc2Db67db7F,Jim,Dickerson,Female,amunoz@example.net,927-800-8770,7/15/1990,"Administrator, Civil Service"
3795,3A6ea124B209cc3,Tom,Deleon,Female,roberta63@example.com,(650)132-7319,11/17/1978,Psychotherapist
3796,FCd96aEfb8A1e1f,Kendra,Donovan,Male,melanierich@example.com,+1-445-137-1448x499,10/7/1916,Make
3797,23E1bE5ACe46974,Jose,Hurley,Male,kelliemorse@example.net,001-927-519-9630,11/30/1993,Trading standards officer
3798,C7beEdBCe1ac05D,Erin,Waters,Female,ycastaneda@example.org,(340)840-4505,6/22/2021,Travel agency manager
3799,E339f1c598b6B7c,Vanessa,Christensen,Female,nleonard@example.com,905-000-8528x313,1/26/1932,Quarry manager
3800,BC135123fEbaB2A,Pam,Nolan,Male,wilsonvickie@example.com,903-332-0479x69517,9/10/1985,Recruitment consultant
3801,56cc6AcBCa0cDDD,Tabitha,Charles,Female,etapia@example.net,6511111625,6/26/1911,"Designer, furniture"
3802,092DdaC18Aa8b50,Lynn,Bridges,Female,brandon69@example.com,+1-747-806-3591x625,3/22/1931,Sports administrator
3803,EA3bCfEeA81Cf4C,Carly,Maldonado,Female,gallowaypeggy@example.com,266-278-8220,6/20/1953,"Administrator, sports"
3804,f54B72fc7b347eA,Dustin,Pearson,Male,dromero@example.com,(074)121-9464,9/17/1963,Hospital doctor
3805,25B8FF3e6C4C885,Colin,Hunt,Male,richcatherine@example.com,843468654,3/26/1997,Chief Executive Officer
3806,cCF5e3e658aAAEE,Claire,Gregory,Male,jsanford@example.com,2071791194,8/30/2020,Chartered loss adjuster
3807,54eBC641E6Ee43A,Adam,Rojas,Male,scottcarey@example.com,(769)307-1738x96302,3/22/1976,Fisheries officer
3808,bB997c1b8d7D2eD,Jesse,Palmer,Female,warrenalex@example.net,951.836.7074x87947,1/11/1914,Higher education lecturer
3809,3bdF9d1A8Cf76da,Brittney,Pierce,Male,haysclayton@example.net,+1-946-222-3907x9744,6/24/1973,Print production planner
3810,aF1bc7206a47D1d,Randy,Sullivan,Female,rochaallison@example.net,(816)517-6755x24819,7/7/1947,Planning and development surveyor
3811,dA4319eD0DEF90a,Samuel,Woods,Female,kristopher12@example.org,(904)820-1533x38261,1/28/1917,Clinical research associate
3812,DD6CDB3Cc1Ea2eF,Belinda,Calhoun,Female,teresamcgee@example.com,+1-359-257-4831x36436,8/1/1990,"Research officer, trade union"
3813,14aE04E5Cf473BC,James,Waller,Male,jasmine19@example.net,001-347-442-1667x9410,3/10/1948,Catering manager
3814,88cc6fedF1C7eDb,Connor,Sparks,Female,leslie66@example.com,001-782-051-4271x43103,7/27/1990,Ambulance person
3815,ebF2f7FfFa853B9,Julie,Farmer,Male,anna54@example.org,239.797.5296,2/15/2007,"Horticulturist, commercial"
3816,45fba510141da7d,Cathy,Sweeney,Female,francisco21@example.com,(653)630-8626,6/7/1963,"Therapist, horticultural"
3817,f3BEB5C5B6342D4,Barbara,Roth,Male,stacycarey@example.net,001-933-451-6999x733,2/10/2015,Brewing technologist
3818,E98ae5EEBe84ff9,Vincent,Ibarra,Male,tonya50@example.com,789-394-3648x34521,10/7/1919,"Scientist, research (maths)"
3819,e04834e351b7920,Martin,Fitzpatrick,Female,kathyerickson@example.org,001-485-592-7756x9410,7/27/1950,Translator
3820,9aCCF14c923a38c,Kent,Lloyd,Male,david84@example.org,+1-143-482-1938x047,12/3/1983,Community education officer
3821,83eE3D11420eAbC,Beverly,Rich,Female,jessegallagher@example.com,(241)479-7306x057,6/9/1944,Art gallery manager
3822,4dCcB3Ddaf9FFc3,Rhonda,Jimenez,Male,kentwilson@example.org,353-169-7625x37472,3/3/1953,Occupational hygienist
3823,Cc10fCBbCeFeD14,Angel,Shea,Male,sdodson@example.net,8482465116,11/2/1986,Financial risk analyst
3824,7f1BBab2ad2B6bB,Belinda,Lamb,Female,mikehebert@example.org,-5473,1/14/1993,Chief Marketing Officer
3825,382e3dbb03d747a,Tamara,Calderon,Male,lisacross@example.org,(656)608-3927,2/25/1955,Science writer
3826,f5a01fbD2597d3C,Gabriel,House,Female,ucole@example.org,+1-909-344-3379x669,8/5/1927,Warden/ranger
3827,05e4B962Af5fa8B,Justin,Russell,Male,bdiaz@example.net,001-092-320-5359x250,6/6/1954,Regulatory affairs officer
3828,f0BFd863Be7Cb59,Riley,Hughes,Female,danny23@example.org,+1-671-915-6091x3852,9/13/2017,Data processing manager
3829,845e3aDff7A88Ba,Karina,Sawyer,Female,claytonbernard@example.org,(319)254-6460x12331,3/7/1966,Colour technologist
3830,761eFE16dB8dB8f,Edward,Butler,Female,bfuentes@example.com,(417)088-2372,4/2/1910,Engineering geologist
3831,Fbf136F36c8bB4F,Ellen,Christian,Male,stanleymathis@example.net,930.195.6903x0353,6/3/2013,"Investment banker, operational"
3832,76B5548D25ab2fa,Sharon,Lowe,Male,eileen35@example.net,224-652-0946x49178,2/11/1969,"Scientist, research (medical)"
3833,b0DfDFC62d13dcb,Jeff,Fernandez,Male,sfuller@example.com,(353)000-4726x5220,1/15/1964,Intelligence analyst
3834,Fed5f3ccAAFcAF8,Alexandra,Gibbs,Male,jenna89@example.net,872.749.1945x3553,5/4/1919,Media buyer
3835,5A8D4DB253bC6aB,Cynthia,Sellers,Female,alvinglass@example.com,(882)847-6471x9580,1/30/1930,Proofreader
3836,1b44eab2e7AbA5d,Dave,Lucas,Female,hamiltonnathan@example.org,001-261-159-2657x08411,4/13/1962,Forest/woodland manager
3837,Eb70E10EBBA3D83,Carlos,Gross,Female,elamb@example.net,775.088.8117,6/30/1973,Medical physicist
3838,a0d50b8b5c1D5D4,Drew,Caldwell,Male,eclements@example.com,907926888,2/24/1988,Geochemist
3839,4E978e64BcDDa1e,Duane,Hood,Female,zhoffman@example.net,001-675-539-6760,5/21/1925,"Buyer, industrial"
3840,9Cced1E979B7a84,Dan,Allen,Male,allisonmedina@example.org,(010)290-5447,4/15/1975,Child psychotherapist
3841,D61212fDC3fa93e,Donald,Blackwell,Female,sosajimmy@example.net,976-826-3651x6669,10/27/1911,Web designer
3842,fEBf8Bc4be716eC,Adriana,Buchanan,Female,kzimmerman@example.org,051-470-0059x11365,9/23/1916,"Social research officer, government"
3843,b897B14fB958324,Ellen,Soto,Male,iquinn@example.com,-6474,4/21/1993,"Teacher, music"
3844,998B7947eCeDF2A,Brandy,Mayo,Female,burnettpamela@example.com,001-471-607-1591x16242,9/2/1941,Adult guidance worker
3845,d8e89A9fE5ebb71,Belinda,Stanton,Female,kristin03@example.org,(339)970-7022x933,11/22/2019,"Engineer, automotive"
3846,C3b7dCF96409864,Olivia,Decker,Female,luis26@example.com,911.877.4822,8/20/1914,Retail buyer
3847,3F9AbE4504ad34B,Ronald,Sampson,Male,oliviarollins@example.org,(197)844-8823x3155,3/21/1948,Environmental manager
3848,543dF15F9EBa05C,Wyatt,Raymond,Female,cpetty@example.com,911.541.1839x54927,10/11/1957,Forensic scientist
3849,4cFfADc1c3Fb2EF,Lauren,Wood,Female,alexisford@example.com,(590)655-3988x9095,7/27/1931,Restaurant manager
3850,9Ffbe08A393Bca5,Nicholas,Suarez,Male,awaters@example.org,001-216-706-2651x30402,9/28/1978,Haematologist
3851,9Aae3fFFA8081AA,Jillian,Santiago,Male,christy74@example.net,3902286958,2/24/2006,Graphic designer
3852,20E23714aaB6F9A,Mallory,Parrish,Male,fsharp@example.org,001-313-839-3880x73806,2/1/1970,Ophthalmologist
3853,FDDbC5FDbfd8f59,Mitchell,Ray,Male,gwalsh@example.org,338.889.0839,4/8/1953,"Production assistant, television"
3854,FcBbEED2Ce5D3de,Julian,Dawson,Male,daytanner@example.net,341.578.0730x30565,8/1/1994,Food technologist
3855,faeBDd5Ac2DEb65,Brandy,Bryan,Female,randallkristen@example.net,203-355-7534x352,9/21/1953,Printmaker
3856,2528bc9Bf6D3D67,Kristen,Hinton,Male,kgrimes@example.com,093-267-3298,3/11/1910,Research scientist (maths)
3857,d9AEf32EFe6c821,Arthur,Schaefer,Male,dfoley@example.org,2427391528,12/30/1932,"Administrator, arts"
3858,A5F6cff051eEFaF,Leslie,Hammond,Female,bradypeter@example.net,030.592.0193,5/22/1955,Banker
3859,4e4d27407dEA9E3,Paige,Harmon,Male,patricklane@example.org,001-689-091-3648x771,8/27/1947,Interpreter
3860,bAa069D3eaD1da9,Kathy,Foley,Male,colefrench@example.org,9208102974,8/30/1923,"Education officer, environmental"
3861,AeF2BAFAb7eA56E,Gabriela,Haynes,Female,brittneywalsh@example.net,+1-939-365-6557x3873,4/25/1959,Professor Emeritus
3862,3E67DC4cFE9Cc42,Jorge,Forbes,Male,kristiecain@example.net,001-732-745-7814,11/2/1910,"Accountant, chartered certified"
3863,2A2deBBb3D9f6EC,Danny,Green,Male,jakeglenn@example.net,001-691-142-4740x4315,11/26/2017,"Librarian, public"
3864,51D0b7A6bBBC83e,John,Mack,Male,marissa75@example.org,+1-406-225-3406x8236,5/28/1952,Dealer
3865,4e7abAe2eEE9710,Edwin,Pearson,Male,shanehansen@example.com,001-229-518-3360x424,1/12/2019,Health and safety inspector
3866,B3cD404c4C58a37,Monique,Phillips,Male,ashleygardner@example.net,(374)626-9128x61618,11/25/1932,Patent examiner
3867,Cf5ea00FC11079E,Krista,Gross,Female,diazjordan@example.net,760.659.0204,7/5/1971,Illustrator
3868,E6cB1DA43Ac983B,Bobby,Maldonado,Male,velasquezjesus@example.com,096.899.6521x0960,8/30/1957,Optometrist
3869,7A4ecc8E6f1A5D1,Peggy,Scott,Female,ybridges@example.org,354-367-1381x1211,3/17/1974,Bonds trader
3870,84d7110ee2B6fE6,Ethan,Rivera,Male,bmclean@example.org,(198)730-3308,8/26/1940,Software engineer
3871,81f59D373c6A272,Michael,Shannon,Female,gloria99@example.com,186.998.6406x8184,10/10/1929,Hospital pharmacist
3872,DfAf2bDcba77D5B,Brendan,Sweeney,Male,claytonsweeney@example.net,(791)475-2440x481,5/20/1933,Marketing executive
3873,800c2d50CDAfD2F,Katelyn,Parker,Female,yvelazquez@example.org,001-770-816-7889x480,4/2/1991,Personal assistant
3874,d583d277Dedebca,Andres,Moon,Female,nolanalejandro@example.net,+1-293-672-8257x01774,2/23/1951,Media buyer
3875,b2d0C1b13abE7a9,Kendra,Santos,Male,pricelindsey@example.net,(797)224-6903,10/22/1980,Manufacturing engineer
3876,692Fba49EF06a33,Dalton,Wall,Male,ryanprince@example.net,558-835-0027,8/18/1937,"Surveyor, insurance"
3877,D8cdcAbCafabBaD,Grace,Gross,Male,villanuevakristine@example.com,394.635.6278x981,2/10/1992,Environmental consultant
3878,cb87Afb6Ee96bc5,Edward,White,Male,hornejane@example.net,061.266.7968x121,1/6/1942,Engineering geologist
3879,aBD51ceFa4F1Ca4,Priscilla,Evans,Female,leon00@example.org,995-333-0988x4563,8/7/1929,Field trials officer
3880,50FdeeddeBE3ECB,Latoya,Blackburn,Female,tonyhuff@example.org,611.775.4613,12/25/1981,Patent attorney
3881,aC688b0f33e0a07,Cristina,Gallagher,Male,phouston@example.org,048.768.3848x766,2/22/1973,Printmaker
3882,8cb756D9FE4B3d5,Cristina,Khan,Male,ocruz@example.net,002.715.7948,6/16/1948,Educational psychologist
3883,bfC4f4f33A0bFEB,Sonia,Li,Male,kenthammond@example.org,(350)883-5003x74265,4/14/1934,"Designer, furniture"
3884,afa4043c7BE7a57,Curtis,Matthews,Male,smercado@example.org,(335)230-3217x043,7/23/1949,Building services engineer
3885,b6Fd8ACCf0502ec,Julian,Parker,Male,schaeferkarina@example.com,5249740162,3/13/1922,"Engineer, broadcasting (operations)"
3886,066c7b1ea1Ab085,Brian,Graham,Female,omar41@example.net,+1-406-207-9523x99332,9/12/1944,Secondary school teacher
3887,a59aDC0ffC8F0bB,Michele,Clements,Female,ivan72@example.com,-7817,7/23/1992,"Lecturer, higher education"
3888,DC01fCc62aCB51E,Brianna,Cameron,Male,greggfleming@example.com,282.814.5804,5/6/1958,"Designer, industrial/product"
3889,D129BC76daCb4ED,Juan,Padilla,Male,trichardson@example.org,001-771-358-7954x0911,1/10/1907,Public relations account executive
3890,D3DBd31c6fc4Cbe,Shawna,Frank,Female,susan86@example.org,879.115.0645,9/4/1936,Editorial assistant
3891,e8d446583068CeF,Savannah,English,Female,josephkaitlyn@example.net,9502400208,2/26/2003,Public librarian
3892,267EAa25dbF2fe2,Steve,Coffey,Male,kcallahan@example.net,834-128-6610x87644,4/20/1930,"Surveyor, insurance"
3893,56Ef21FDf370b69,Rose,Hill,Female,lpetty@example.com,001-769-049-6055x64630,9/1/1917,"Biochemist, clinical"
3894,2e9D0AeE9b6acfD,Laura,Huff,Male,daveproctor@example.net,707.065.8220x8677,1/31/1975,"Programmer, applications"
3895,dDeF90422AcB4DA,Tamara,Maxwell,Female,opittman@example.com,+1-503-798-4488x294,9/27/1970,"Engineer, chemical"
3896,9Cd5EebAabeef7B,Yvonne,Brock,Male,cholder@example.net,932.056.7167,8/6/1952,"Editor, film/video"
3897,a6e5BA94d5ba6A8,Elijah,Fowler,Female,alexanderguerra@example.org,124-957-3044x16568,9/16/1925,Health physicist
3898,0FE7EcD5A48cD3d,Curtis,Scott,Male,knappguy@example.org,(049)921-7914,12/21/1977,"Conservator, museum/gallery"
3899,995Dc8aF5F57EcC,Savannah,Benson,Female,arowe@example.org,001-933-116-3144,2/12/1964,"Designer, industrial/product"
3900,a5d44A1E6Bd9cBB,Cheyenne,Flores,Female,luke97@example.org,966.311.5581x981,11/9/1950,Neurosurgeon
3901,1eab4ECdE97CA40,Troy,Johnson,Female,kristy40@example.net,622.289.7911x6050,2/25/1964,Audiological scientist
3902,B8BaC6ecD6aFbA6,Justin,Caldwell,Female,mmcconnell@example.net,001-075-020-4302x09884,11/10/2019,Commercial/residential surveyor
3903,57b9F53D3940992,Kevin,Gilbert,Female,ian97@example.net,220.835.8988,11/25/2011,Biomedical engineer
3904,6abbf7d825dD222,Sherri,Keith,Female,kerridominguez@example.org,(843)055-3607,2/26/1952,Video editor
3905,cac105Ac7CB0D9F,Jesse,Cherry,Male,marcomontgomery@example.org,-7736,7/23/1938,Furniture conservator/restorer
3906,AB6b7D9d11F2A15,Eugene,Cunningham,Female,hornelindsey@example.net,450.265.6332x4866,8/7/1906,"Nurse, learning disability"
3907,a8Bb7f2D87DD4B0,James,Bryan,Male,chandlerjake@example.com,211.784.4883x871,3/17/2011,Hotel manager
3908,aC91cb7cf5c7cB6,Ricardo,Wheeler,Female,danieloconnell@example.com,001-037-224-9209x684,2/21/1977,Neurosurgeon
3909,792dfE9e071556B,Janice,Taylor,Female,bob47@example.net,823.521.0656,5/2/1954,Paediatric nurse
3910,a43E1eDa30ba75D,Marisa,Bird,Female,zlee@example.net,001-392-069-7246x546,5/18/1973,"Engineer, broadcasting (operations)"
3911,bAec1FDf4eAb4ee,Darin,Moss,Male,maureen11@example.net,-1200,1/31/2011,Prison officer
3912,bA94b77dF1FEcd3,Melvin,Singh,Female,eweeks@example.net,001-203-751-0299x026,11/13/1970,Recycling officer
3913,DeeE3CDdd3EaDAb,Toni,Hickman,Male,faithblackwell@example.com,380-285-0679,6/26/1914,"Engineer, materials"
3914,9dA4a2a2Af4Aa61,Kathryn,Sandoval,Female,allenhaley@example.org,608.578.1703,7/29/2001,Materials engineer
3915,d22B2c5CEdBe176,Marie,Crane,Male,brockdana@example.com,543-948-7922x7513,1/22/2002,Public house manager
3916,3FeD11A8AfcCD02,Jeffrey,Garza,Male,andersensamuel@example.net,+1-853-184-9380x6351,11/21/1993,Insurance account manager
3917,0De8BcfAE2315aa,Jean,Lyons,Male,johnsonevan@example.org,(291)727-5392,10/14/1950,Public relations officer
3918,bDb8b9305B01E5f,Louis,Gibbs,Female,mcantrell@example.net,(191)512-5054,2/16/1955,"Engineer, mining"
3919,CF73b0CaCc7b5EF,Rachel,Bryant,Male,loweryruth@example.org,(034)113-5340x82688,1/29/1954,"Psychotherapist, child"
3920,E20f2177155f166,Stephen,Sexton,Female,bethanynorris@example.org,635.557.8853,3/26/1983,Fish farm manager
3921,8C3e05be0Fc7adD,Gloria,Flores,Male,derekgraham@example.com,6167278205,1/7/2020,Science writer
3922,a46f3C7AeBCf9FD,Corey,Cooper,Male,curtisjoanna@example.com,+1-284-208-0391x38639,2/10/2010,"Runner, broadcasting/film/video"
3923,A5d87edC256544B,Michele,Douglas,Male,gregg02@example.org,597-799-7120,4/19/1912,Public relations officer
3924,83d0c3ca7379e8B,Elaine,Nichols,Male,traciparrish@example.com,061-642-8034x86964,7/6/1918,"Physicist, medical"
3925,c43CE03eca1f897,Darren,Burch,Male,karla73@example.org,(715)870-0981x7763,2/23/2019,"Teacher, English as a foreign language"
3926,01a7aD47801CDD7,Breanna,Morris,Male,ariel54@example.net,702.477.2063x586,5/13/1989,Ophthalmologist
3927,362c50Aa1f6c5e5,Kristen,Ochoa,Male,maureenmorales@example.com,704-349-4501x394,6/30/1991,Operations geologist
3928,eD2C81F9AA60b2A,Brandy,Wilkerson,Female,xflores@example.org,+1-986-248-5188x942,1/5/1945,Radio broadcast assistant
3929,F1BEf4a76b640df,Rickey,Fields,Male,xavierruiz@example.org,001-789-428-4297x217,6/23/2016,Estate manager/land agent
3930,2caa64aEdD1ae7C,Dwayne,Walls,Male,haydenvictoria@example.net,7234383868,8/10/1994,Biomedical engineer
3931,d4f7B3aa30F31df,Bonnie,Mcneil,Male,bjacobson@example.com,001-479-939-3349x66751,4/29/1922,"Engineer, electronics"
3932,a8FEFC678625BE5,Darius,Yang,Female,craighiggins@example.net,858.728.9780,5/16/1997,Archivist
3933,76eF97f6f289dF0,Raymond,Mercer,Female,deanlindsey@example.org,700.588.8070x18295,5/1/1909,Logistics and distribution manager
3934,fA2a0CE92F97F1f,Cole,Hickman,Female,spencernovak@example.com,183.763.5280,4/20/2012,Geochemist
3935,e128Ad40D5d4C1e,Caitlin,Hart,Male,valerie61@example.org,572.560.4759x48480,10/21/1951,"Therapist, sports"
3936,dbbE05A4C2CF88A,Tim,Little,Male,alejandrarogers@example.org,4564506984,12/12/1971,Analytical chemist
3937,856CebA2A994aE2,Erika,Boyd,Female,idowns@example.net,256.948.5059,6/16/1985,"Engineer, structural"
3938,f6DaCACbc5b7daa,Joel,Wyatt,Female,amassey@example.com,(624)813-1093x6701,7/4/1967,Commercial art gallery manager
3939,8B95fA0faCb4ca9,Jeremy,Sandoval,Male,gainesalvin@example.com,600.015.8671x994,8/20/2018,Accommodation manager
3940,6AFAc1c3Df38aA7,Misty,Small,Male,sylvia50@example.com,8391284026,10/6/1928,Amenity horticulturist
3941,c6b706b0682CB62,Shelley,Estes,Male,hintonalvin@example.net,5724890653,9/15/2001,"Nurse, learning disability"
3942,7E59ECA614E3879,Candice,Vasquez,Female,evanhuber@example.net,001-449-399-2178x226,4/12/1926,Chief Executive Officer
3943,C7d0eAD15FFd43F,Maxwell,Espinoza,Male,haleysharon@example.org,564.601.9799,5/4/2014,Community arts worker
3944,AfBb77cb69FfFc0,Lori,Vazquez,Female,reginaldcook@example.com,(596)552-9020x035,3/9/1920,Broadcast presenter
3945,0391f8b5bba33c9,Jenna,Huang,Male,leonard21@example.com,001-114-422-0505x815,8/9/1924,"Teacher, primary school"
3946,bac0dD0373060D7,Glenda,Mcguire,Female,krystal28@example.net,+1-634-942-8083x503,10/18/1922,Garment/textile technologist
3947,0D4074bDd4Fadf3,Terri,Nicholson,Male,krista28@example.com,595-290-8294,4/15/1945,Corporate investment banker
3948,7d8B85b1ad5dA7a,Kelsey,Burgess,Female,leroyescobar@example.com,9969478279,1/1/1914,"Psychotherapist, dance movement"
3949,f3cbc9dEedbf4Bb,Leonard,Ellison,Female,fuentesfernando@example.net,2099309793,9/9/1963,Horticultural therapist
3950,5c8e370f21EE06A,Gwendolyn,Kim,Male,roserosario@example.org,001-319-218-4679x3239,3/25/1918,Database administrator
3951,F72158F0B51BDDc,Isaiah,Morris,Female,ipena@example.org,+1-141-931-4054x92512,8/14/1985,Brewing technologist
3952,6DD741e10B8c29e,Micheal,Hill,Male,jessicavazquez@example.net,(519)105-3013,3/2/1953,Sport and exercise psychologist
3953,Ec725fa9fDdEeC8,Cesar,Sanders,Male,robin96@example.com,194-213-4215x629,1/27/1922,Computer games developer
3954,58c8fD7Dc0cC8EF,Carol,Kirby,Male,sonia17@example.com,(465)827-2051,10/17/1919,Arts administrator
3955,eAe5c4dEe3CBAce,Carolyn,Barton,Male,nancymcmillan@example.org,1215999652,12/19/1930,Warehouse manager
3956,94dB7EA7aB0D9Fa,Mason,Sullivan,Male,acostagregg@example.com,+1-543-288-0084x1133,5/18/1942,Aid worker
3957,aafCfeDafddBFA7,Tony,Roman,Male,wanda02@example.org,288.911.2443,1/7/1915,"Engineer, manufacturing"
3958,D367C5A1FAdB4eE,Marissa,Cantrell,Male,stanleygarrett@example.org,8043060090,5/3/1987,Brewing technologist
3959,7e6C8bBbBF41B9B,Victoria,Benjamin,Female,codyhowe@example.net,953-658-2530,1/1/1985,Horticultural therapist
3960,C7b3E5fe0cC7482,Earl,Dillon,Female,lucasmargaret@example.net,924-665-5196,11/28/1913,"Psychologist, sport and exercise"
3961,fE6FCf0cB79fa70,Madison,Zavala,Female,mmeadows@example.net,001-474-366-8954,6/30/1983,Nutritional therapist
3962,a51cAE313A8bDAc,Bridget,Conway,Female,nbishop@example.net,001-950-561-6823x02606,3/2/1908,"Administrator, charities/voluntary organisations"
3963,cEdf9Bdfe9db55e,Carrie,Pruitt,Female,cnielsen@example.org,4146766404,10/7/1995,Optometrist
3964,39FD9EeC8700c37,Krista,Day,Male,deanna44@example.net,+1-903-900-1514x65266,9/1/1942,"Lecturer, further education"
3965,93EFE83ECc200C8,Cheryl,Bond,Female,qedwards@example.net,-8185,9/26/2010,IT trainer
3966,Bf47F2be0DDfc13,Marisa,Cochran,Male,fowlerkristina@example.com,(775)387-2525x6240,6/14/2010,Chartered management accountant
3967,a7B7Da7fBC8F114,Kendra,Carey,Female,hblake@example.org,001-551-747-3069x2681,10/17/1946,Retail buyer
3968,FC1F5F12fbefe0a,Katrina,Potter,Male,noblestanley@example.com,116.354.5792x3877,8/25/1948,Industrial/product designer
3969,3bf319400d34CDe,Logan,Mosley,Male,duanemarks@example.org,111-462-0008,1/2/1962,"Surveyor, building"
3970,2846575dF36ebf9,Erin,Armstrong,Female,philip65@example.com,357.373.9344x148,8/27/1962,Sub
3971,a6E024c336255c7,Brendan,Moran,Male,cbenjamin@example.net,(795)011-2059,5/1/1931,Financial trader
3972,E7Da0c7AE0c2CAD,Candice,Mcmahon,Male,yolandacoffey@example.org,225.051.2811,8/30/1947,Illustrator
3973,890D67Bcf03F4A3,Tristan,Lin,Male,wdunlap@example.net,(619)667-7237,1/4/1916,Personal assistant
3974,2B47835d2Bfb75e,Gina,Floyd,Female,spencertommy@example.com,052.714.0954x698,6/28/2019,Ergonomist
3975,B5A1baedBB0F563,Cassidy,Kennedy,Male,jerome65@example.net,(752)713-8129x030,10/7/1980,"Engineer, mining"
3976,05b2e3cB2C3aB99,Shelby,Pruitt,Male,michaelaklein@example.net,001-357-955-9379,11/5/1909,Forensic psychologist
3977,aCeB39F3Ad1916c,Stefanie,Rivers,Female,esaunders@example.com,3884102968,2/20/1916,"Engineer, production"
3978,70833CCefb5D76C,Benjamin,Velazquez,Female,clivingston@example.org,001-481-887-5333,1/8/1962,"Psychotherapist, dance movement"
3979,1fAC03deBD2adBE,Molly,Clarke,Male,coryclayton@example.net,(871)151-7215,5/3/1959,Exhibition designer
3980,8d873eE955Cc6E7,Michelle,Poole,Female,deniserandolph@example.net,+1-159-172-6090x1483,1/11/1943,"Designer, textile"
3981,83Ec0E1BFC68E4d,Jerome,Roman,Female,tracyward@example.com,001-005-989-6985x39919,6/20/1946,"Surveyor, rural practice"
3982,e1D57C0Ad1e6c4A,Natasha,Sellers,Female,dking@example.com,+1-495-693-8121x8277,8/30/1995,"Geneticist, molecular"
3983,9DAEf1ecCfB7cEd,Tonya,Poole,Female,cristiansteele@example.com,591.315.7993x39383,10/8/1930,Naval architect
3984,bD13bff9EfC9EeB,Stacey,Martin,Male,olivianelson@example.org,957.199.1042x6361,10/22/1932,Product/process development scientist
3985,Beee78C4a2ac7CB,Marisa,Doyle,Female,wwells@example.net,(132)117-2505,3/24/1942,Logistics and distribution manager
3986,6d2ecBF149b6F8B,Cristian,Gross,Female,vwillis@example.net,514-723-8402x7845,6/12/1909,"Investment banker, operational"
3987,E0B534b5fdb6514,Isabel,Shannon,Male,fuentestony@example.net,424-371-9094x02114,3/26/1911,"Designer, multimedia"
3988,ACE1c38A7ADDDab,Traci,Boyd,Male,laurie50@example.net,001-032-084-3585x2286,7/11/1934,Horticultural therapist
3989,bfeD1Ae1E204cdC,Brian,Palmer,Male,sueshea@example.net,366-831-8727,4/16/1945,Petroleum engineer
3990,598196B2fdd185A,Edgar,Parker,Male,geraldhood@example.net,(864)257-7881,1/21/2020,Applications developer
3991,81EE60FB2C0F541,Troy,Garza,Male,jay99@example.com,+1-103-982-8475x657,9/6/2021,Medical physicist
3992,18D8dF38d8278eb,Ivan,Bird,Male,candace45@example.net,910-162-8317,2/22/1973,Quantity surveyor
3993,2f7CF1D2e668eBb,Yvonne,Zhang,Male,idavies@example.com,948-297-6439,8/4/1976,"Engineer, control and instrumentation"
3994,0D9AceA39ae51Ad,Antonio,Warner,Male,benjamin78@example.net,510.657.6674,8/30/1929,Farm manager
3995,B502f5C44F2AefB,Roberta,Robertson,Male,liaustin@example.net,864.723.6129x669,5/30/1930,Therapeutic radiographer
3996,6a0D3AAFEA0c61e,Paige,Alvarez,Male,ericabooker@example.net,001-099-988-8338,7/3/2013,"Production assistant, television"
3997,CF0ECDFAa7b81c7,Tasha,Shea,Male,hunterlinda@example.com,(385)665-1226x2794,2/29/1948,"Doctor, hospital"
3998,FeADED2c9b0A3ef,Randy,Jefferson,Female,rpage@example.net,102.441.3055,10/28/1984,"Investment banker, corporate"
3999,D9dCBf7E8B7456E,Geoffrey,Peters,Female,nixonhenry@example.net,941-882-6096x889,9/28/1970,Child psychotherapist
4000,9CEA5eB6C5691e8,Ruth,Lucas,Female,buckshirley@example.net,001-440-057-2969x867,1/16/1931,"Therapist, occupational"
4001,A7CCb36dCBeed5f,Clayton,Acevedo,Female,lesterjoe@example.net,(063)327-8014,9/5/1923,"Scientist, research (medical)"
4002,1eDdd4F608701A9,Justin,Buckley,Female,mark74@example.net,(871)983-5432,2/13/1949,Government social research officer
4003,f0765E2dc1F8e12,Amber,Rosario,Female,adrianaortiz@example.net,134-205-5435,3/7/1923,"Teacher, adult education"
4004,C7C8B1CBa8a4f6F,Bryce,Murillo,Female,tasha54@example.com,695-038-2262,2/26/1972,"Engineer, manufacturing systems"
4005,ce7FF4A75F7218A,Gene,Weeks,Male,wgreen@example.com,2538583745,4/27/1949,Health physicist
4006,F4a65B4C1c7Ff15,Melvin,Brady,Male,branchchristopher@example.com,+1-344-908-2981x53853,6/14/1908,Holiday representative
4007,973ADddf47D14E0,Warren,Mooney,Female,christian87@example.com,+1-742-312-9237x249,8/3/1956,Pathologist
4008,29F3bD1AC4adCB7,Shelly,Mejia,Male,randyparrish@example.net,(262)596-4664,3/31/1993,Armed forces training and education officer
4009,5dfE6D3ABA312FE,Jasmine,Wright,Female,becklaura@example.net,(230)289-9918x708,3/17/1956,"Nurse, children's"
4010,FACCa1C0E6C6E43,Kristin,Weber,Male,aowen@example.org,+1-336-789-2957x537,8/12/2013,"Surveyor, hydrographic"
4011,adD40390D1158AE,Jodi,Everett,Female,javier82@example.org,643.839.2402x64941,11/10/1998,Agricultural consultant
4012,f4FA8A4C936f322,Pedro,Ortega,Female,pwoodward@example.com,(933)249-5871x49336,7/19/1950,Metallurgist
4013,0Df7BCDDe398C00,Brett,Savage,Female,mavila@example.com,590.416.4367x91145,5/12/1914,Dentist
4014,430eF2a5B45cD88,Theresa,Thomas,Female,jake89@example.org,3720856757,1/6/1939,Cabin crew
4015,381D3f8f4aF0f86,Ricky,Wiggins,Female,lpotter@example.com,001-574-844-7925x412,10/3/1991,Chief Strategy Officer
4016,aDCEBA5f4c91EEA,Mason,Jensen,Male,hodonnell@example.org,+1-803-216-2938x245,7/23/1970,Futures trader
4017,98cD5b95Bd55cBa,Charlene,Krueger,Female,wileyjoan@example.org,840.624.8492x653,12/8/1921,Software engineer
4018,fdEa2ee420dFf3e,Fred,Riley,Female,ortegacarlos@example.net,420-924-3845x90815,10/28/1996,Economist
4019,ce616bBFA802e26,Martin,Ballard,Female,chelsey63@example.com,896-898-5379x37083,6/23/2008,Product/process development scientist
4020,2c2f69a3Dee7c77,Melissa,Bray,Female,brandiboone@example.net,970-191-0708x9406,1/15/1990,"Administrator, education"
4021,dbEcd6afc2ddA2D,Nancy,Miles,Female,kerrivalencia@example.org,131-793-2159,8/4/2000,Quarry manager
4022,49D38D8a6Ac8308,Timothy,Cabrera,Female,johnnystafford@example.com,5307439146,6/5/2010,"Engineer, civil (consulting)"
4023,adB008dFDEF66F4,Suzanne,Small,Male,zachary81@example.net,+1-430-804-6477x3936,1/10/1981,Naval architect
4024,CC4b3fc842A8414,Tasha,Acosta,Male,pfarley@example.com,132-791-6536x05100,2/17/2007,Armed forces operational officer
4025,5ab4575dE6fDd71,Nina,Kelly,Male,victoria49@example.org,370-036-8093x799,3/24/1919,Aeronautical engineer
4026,99644dBeEE363aD,Beverly,Obrien,Female,mallorybutler@example.com,592-506-5197,9/18/1996,"Engineer, civil (contracting)"
4027,A6920abcF538405,Margaret,Estrada,Female,jhensley@example.org,001-831-277-5009x93393,1/21/2016,Optometrist
4028,A9bCbB97DacAE10,Lydia,Lowery,Male,jasonhorne@example.org,6516690753,3/5/1942,"Scientist, biomedical"
4029,6C3CCC445B6bcD2,Lucas,Hebert,Male,williammatthews@example.net,001-041-442-2798x8366,6/28/1938,Theme park manager
4030,c9F591AD2E29bc4,Courtney,Burton,Male,edwin72@example.com,247-261-6325x29528,6/13/1964,"Doctor, hospital"
4031,1F1b9bdFBF39b8f,Chelsea,Kramer,Male,guy76@example.org,943-444-8472,7/16/1937,Immunologist
4032,c73398Ac3EEc292,Shannon,Watkins,Male,pamelaaguirre@example.org,+1-630-623-1224x449,1/26/1952,Public relations account executive
4033,8FDe5cB6D49DeC7,Darryl,Sanders,Female,opalmer@example.net,621-985-9838,4/18/2013,"Radiographer, therapeutic"
4034,F74DdDD5F7F54fB,Devon,Mahoney,Male,imccullough@example.com,(728)941-0866,7/4/1977,Production engineer
4035,Ad72D5Da8E12cCe,Hayley,Daugherty,Male,carolineferrell@example.org,965.160.5881,11/24/2001,Quarry manager
4036,6D82b422Be1D4c3,Brian,Parsons,Male,norma86@example.org,7580655227,12/29/1910,Tax adviser
4037,7Ba504E895357cc,Adrienne,Sanchez,Female,dominique63@example.com,(245)327-5696,4/3/2007,Marketing executive
4038,ecA4Ef00c19A4bC,Mason,Palmer,Female,chase04@example.com,854-817-4959x785,8/3/2008,Printmaker
4039,99dCb0A9759EF46,Roberto,Brock,Female,castillovincent@example.org,+1-142-455-8475x37710,12/5/1968,Proofreader
4040,9B8e3a2fee3cAa6,Tanner,Zamora,Male,riggsluke@example.com,001-478-374-8733x59641,3/2/1924,Corporate investment banker
4041,fbaa79FA7a650c4,Luis,Ochoa,Female,kramermelvin@example.net,751-083-4072,7/25/1930,Mechanical engineer
4042,d383eb68eCfF8AB,Melinda,Edwards,Male,byrdmorgan@example.net,001-046-455-1753x6374,12/8/1935,Insurance account manager
4043,26c137aa42DBAc6,Todd,Dunlap,Male,frankmedina@example.com,921.718.9949x9393,12/13/1973,Planning and development surveyor
4044,fccF8FE5dCE4D59,Shirley,Bates,Male,pinedajason@example.com,416.090.4369,4/10/1960,Learning disability nurse
4045,48fb1FBfB3dBDEb,Louis,Duarte,Male,dan67@example.org,684.924.4533,5/28/1972,Industrial/product designer
4046,F7B4d9818ac74d7,Catherine,Castaneda,Male,haleyspencer@example.org,5846853136,11/18/1996,Architectural technologist
4047,Ea538afFB2dBc6B,Kaitlyn,Knight,Male,katherineblackwell@example.org,158-484-5016,10/24/2004,Marine scientist
4048,a30bDbC95D0d705,Evelyn,Zavala,Female,charles30@example.org,001-010-658-6305,7/28/1960,Dancer
4049,C50fCDD7Afa9E32,Ryan,Macias,Male,greenmichelle@example.net,(425)689-2061,8/24/1963,"Psychologist, clinical"
4050,C793220Fa1770EC,Blake,Munoz,Female,tli@example.net,(139)364-6834,10/23/1928,Community education officer
4051,eD3dc748191667D,Desiree,Prince,Female,tspears@example.com,(884)189-3724x98133,7/30/1962,Civil Service administrator
4052,4a0631B02AEAF7C,Roy,Franco,Female,velezdalton@example.net,(994)571-1988,6/12/1937,Teaching laboratory technician
4053,95D739e9c8d4aE0,Adrian,Horton,Female,tcarr@example.com,001-174-509-4946x026,11/6/1947,Advertising account executive
4054,6024edb2edeb7c4,Janet,Franco,Female,rickey62@example.org,845483715,3/18/1939,Ambulance person
4055,a7F0cbBfBeFf26f,Caleb,Madden,Male,mcclurerussell@example.org,097-652-3664,10/30/1941,Consulting civil engineer
4056,acDbFD92Ee2FeB8,Karina,Smith,Male,cassandragrant@example.net,923.658.6238x2195,11/16/1940,Adult nurse
4057,dA3ca2BC9A013C4,Sylvia,Gillespie,Female,matthewosborne@example.com,-9940,7/28/1974,Early years teacher
4058,3C2ceB0d1bb0AEf,Ellen,Lindsey,Male,shepherddale@example.com,322.738.9073,7/16/1959,"Administrator, charities/voluntary organisations"
4059,53FBC20712d53ac,Harry,Little,Male,allisonhensley@example.net,147.488.3433x1162,4/4/1954,"Surveyor, land/geomatics"
4060,De1eA6b59ca6C82,Amy,Salas,Female,madeline32@example.net,(253)601-3761x54763,1/30/2005,"Psychologist, counselling"
4061,8Ba6D294fa7bc5d,Rebekah,Vazquez,Male,mli@example.net,5120182384,2/21/2000,Private music teacher
4062,Fee350d28Da6Dc1,Joshua,Henderson,Male,fritzjodi@example.org,(692)388-2335x52424,2/19/1932,Youth worker
4063,2e76eee9EA4b6Db,Lonnie,Floyd,Female,yorkernest@example.net,446.111.6857x357,11/22/1985,"Copywriter, advertising"
4064,acEbcF58ce7aa6b,Martin,Mckinney,Male,friedmantamara@example.net,159-530-1719x95916,7/11/1957,Publishing copy
4065,b7DadcD2F6Be5ff,Anita,Weeks,Female,ashley85@example.net,263.557.1253x9517,8/9/1995,"Engineer, production"
4066,F510cC6fDd44EF0,Cheryl,Bates,Female,nescobar@example.com,(959)360-5521,1/19/1935,Information officer
4067,0CFB73F9080ac5E,Cody,Sharp,Male,ecosta@example.org,736.130.1380x88439,11/28/1955,"Surveyor, building control"
4068,631ED4Fac4DC90a,Brittany,Harrell,Female,warren70@example.net,(217)531-2618x7521,2/15/1947,"Engineer, aeronautical"
4069,68F4DeB57AefAa2,Kristy,Bartlett,Male,kristiecoffey@example.com,(246)043-2178x82440,2/5/1973,"Engineer, electronics"
4070,Cc5e54AbB7b48AB,Harry,Ortiz,Male,danadelacruz@example.net,573-482-1594x5537,6/2/1921,Theme park manager
4071,FaCCc5BDdB6F632,Sheena,Barrera,Female,lmacias@example.net,001-778-600-4748x50677,11/2/1985,Professor Emeritus
4072,4eC09cc8c11104A,Alejandro,Mack,Male,jean81@example.com,966.922.3693,10/5/1906,Sports coach
4073,0FEba438cbEC2AA,Alex,Brandt,Female,dana00@example.com,177.976.0677,6/11/1925,Commercial art gallery manager
4074,cE4464CEA23dcA6,Roberta,Rocha,Female,craigcollier@example.com,689-322-4483x94122,7/16/1985,Cartographer
4075,554e884588F330F,Shelley,Clark,Female,brendanbraun@example.net,130.191.7986,2/19/1946,Naval architect
4076,e2CE016B6d7A277,Ana,Payne,Female,diane52@example.com,(073)081-2890,1/11/2003,"Education officer, museum"
4077,5EA4B3166F4cf23,Candice,Clark,Male,asnyder@example.net,+1-628-771-8485x2992,11/2/1999,"Engineer, site"
4078,92f8b67ff4AAf7d,Grant,Owens,Male,ocastillo@example.org,339-263-9631,1/28/1945,Radiation protection practitioner
4079,3d6fcc6d86ddB5b,Todd,Avery,Female,fbeard@example.com,(183)286-6630x20506,11/24/1987,Private music teacher
4080,2bd75B8C4Ceb4EA,Darin,Dalton,Male,olivia55@example.net,(436)456-8675,8/12/2005,Operations geologist
4081,2Cd03BEcE9b3B93,Tammie,Petersen,Male,watkinsjeanne@example.com,265-554-7253x912,10/26/1948,Animal technologist
4082,7fa3e97AA6FBeF0,Kylie,Park,Male,brooke86@example.com,001-551-464-6637,8/22/1945,Museum/gallery exhibitions officer
4083,D48515F88dfCEfE,Stacie,Stuart,Male,jimmybrandt@example.com,812-660-5213x2145,5/20/1925,Marine scientist
4084,A174615D3B6CEB3,Devon,Carr,Female,swansonguy@example.com,673.078.8968,9/2/1966,"Engineer, manufacturing systems"
4085,24AcadCe2aFA9Ab,Austin,Leonard,Male,xkhan@example.com,280-790-0555,4/10/1931,"Physicist, medical"
4086,AbB566FdD9f2bEd,Tonya,Li,Female,brittney20@example.net,490.992.0060,4/16/1953,Contracting civil engineer
4087,9aAA64EEF8BeC99,Fred,Goodman,Female,hebertmercedes@example.org,013.961.2622,12/1/1937,Lobbyist
4088,1fa5ecF2B956B38,Tanya,Palmer,Female,ebullock@example.net,001-622-749-6305x50995,10/13/1981,"Doctor, general practice"
4089,DD8A1093b4FBF5D,Cassandra,Villanueva,Male,ballardcandice@example.com,+1-954-649-6446x62031,5/9/2018,Podiatrist
4090,cA6c4bABcf1EfFa,Donna,Alexander,Male,dawn63@example.org,4494645712,5/4/2022,Training and development officer
4091,ecBFFFfDe1dCCAA,Yolanda,Mcfarland,Female,wjones@example.org,001-439-152-9020x608,9/12/1955,Soil scientist
4092,8A18c6fe8FA8D33,Zoe,Pratt,Female,ddelgado@example.org,+1-077-295-2478x47841,4/13/1946,"Conservator, furniture"
4093,e25dE50b07fDEB4,Charles,Joseph,Female,sandylucero@example.net,001-897-813-4407x0997,1/8/1972,Graphic designer
4094,cd4Fb82e077Acf3,Timothy,Henry,Male,lcoffey@example.net,(690)819-5170,2/5/2009,"Surveyor, planning and development"
4095,1F27dcCcD8058C9,Paul,Huber,Female,mayodevon@example.com,(413)802-1694x7899,6/11/1940,"Sales professional, IT"
4096,F507D32F7b2D998,Patricia,Schneider,Female,benjamin22@example.com,4951559670,10/28/1910,"Engineer, electrical"
4097,b663aFfec5690Fb,Lindsay,Cole,Male,kleach@example.net,001-993-380-5546x9615,1/16/2006,Data processing manager
4098,1Ccdf299FF3FA0b,Harry,Fletcher,Male,javier12@example.org,001-818-381-6934x638,8/4/2001,"Education officer, environmental"
4099,19BEfD0c72c6Dd8,Leah,Nicholson,Male,ryanhanson@example.org,059.086.7251x28701,10/16/1946,Osteopath
4100,562eDB09Be5B15C,Kelly,Harrison,Male,terrencewise@example.org,(116)499-0439x58565,10/16/1935,Catering manager
4101,Bc08dc09F063710,Gail,Simon,Male,asawyer@example.net,+1-911-750-5925x265,9/15/1912,Sports therapist
4102,41dc2C0fb521bF1,Tamara,Moody,Male,timothy15@example.org,(844)371-1367,7/30/1957,Hospital pharmacist
4103,f98FDDc1Bc7af69,Kurt,Avila,Male,kaitlin20@example.org,+1-993-152-0892x2510,7/7/1934,Secretary/administrator
4104,10dDcBeE0Ea218B,Lacey,Copeland,Male,sweeneyamber@example.org,692.025.1593x312,5/27/1959,Psychiatric nurse
4105,80CeAA1fadf7b15,Catherine,Guerra,Female,colin79@example.org,(031)927-0837,10/16/1996,"Scientist, clinical (histocompatibility and immunogenetics)"
4106,4dc4E5bff234693,Willie,Middleton,Male,diana11@example.com,461-474-9696x10845,4/27/1994,Quality manager
4107,423b8dd6Dd1E1Af,Joy,Burgess,Male,erik66@example.net,339.819.2704x22673,6/29/1961,"Teacher, primary school"
4108,15585B6d9aCEa6B,Mark,Whitney,Female,bestrada@example.com,513-454-5942x34788,10/5/1983,Commercial horticulturist
4109,46FCF0f77d4BbF3,John,Clayton,Female,garysmall@example.com,(729)563-8686x143,7/19/2014,Landscape architect
4110,01e48efEaEdCA4C,Bonnie,Maynard,Female,robinsonruben@example.org,564-697-9660,1/29/2014,Film/video editor
4111,3Fb327041d97AeB,Jane,Wolfe,Female,raymondgould@example.com,001-774-269-8899x1360,8/7/1978,"Designer, multimedia"
4112,3c48Bcc87f73BB5,Malik,Hoover,Male,shepparddave@example.com,001-316-263-8385x4051,5/25/1985,"Engineer, automotive"
4113,E8983d97F96ec08,Adriana,Hull,Female,barrjoe@example.com,946-096-2295x7500,10/24/1942,Structural engineer
4114,E9FFb4C00f36FA6,Vernon,Molina,Male,msexton@example.org,001-776-462-4985x2108,6/17/1946,Probation officer
4115,Cf2D2Bf22AA5a3c,Stacie,Campbell,Female,popekenneth@example.com,868.734.2926,2/26/1933,Architectural technologist
4116,8c3ECF3Ed94C236,Yvonne,Hammond,Male,rose68@example.org,451.319.4784x197,7/23/1960,Clothing/textile technologist
4117,EE4658e2FaDAC46,Matthew,Galvan,Female,bassrobert@example.com,001-575-671-6245,2/21/1965,Energy manager
4118,65BC7Abee41B4f5,Joy,Callahan,Male,annettebrandt@example.com,001-328-887-8875x0715,12/22/1915,Marketing executive
4119,aDac6effE1a0bD5,Gregory,Booker,Male,cassandramiller@example.com,+1-000-680-4982x860,9/9/1995,Geographical information systems officer
4120,06a72cAAdBbe4Ec,Maxwell,Christensen,Female,bmosley@example.org,102.786.6611x63475,2/23/1907,Animator
4121,d7Bc58D630Dadd6,Darin,Lyons,Male,kristy57@example.net,275-930-8384,8/18/1966,Historic buildings inspector/conservation officer
4122,89FD38F4be9ec48,Kaylee,Frey,Male,cynthia16@example.net,751-567-5066,1/1/1911,Exercise physiologist
4123,d7DF78aDA0f681F,Evelyn,Roberts,Female,jody03@example.com,(450)498-2395,3/11/1973,Arts administrator
4124,DB7114DD6d5F5B4,Jody,Herman,Male,wpalmer@example.org,3461874568,12/28/1971,Youth worker
4125,37fF945aEaCe522,Micheal,Wang,Male,lamberteric@example.org,9400648048,3/13/2001,"Conservator, furniture"
4126,dcC5138F1F0c801,Adriana,Huerta,Male,luis69@example.net,061.188.9440,10/11/1970,Estate manager/land agent
4127,4aE7EBB677a2Fb1,Tonya,Ibarra,Female,vaughaneddie@example.com,236-642-7947x220,6/16/1958,Public affairs consultant
4128,7Db428895dB0231,Jasmine,Carson,Female,bryanbuckley@example.org,+1-416-060-0558x69831,3/22/1988,Learning mentor
4129,abB2AE31BCD149A,Wyatt,Blair,Female,clineruth@example.org,9162740872,4/23/1985,Interior and spatial designer
4130,30c6De115eEEa6d,Marcus,Oconnor,Female,douglaspage@example.com,6680392372,6/20/1977,"Scientist, physiological"
4131,A20e4c2De2e0Cd7,Glenn,Carney,Female,sarah99@example.com,134-547-4714x89613,8/27/1944,"Administrator, local government"
4132,6c2a4c783CEFfb6,Perry,Colon,Female,efisher@example.org,3710204329,10/2/1924,Tourism officer
4133,9fbbB2b7D60A57B,Natasha,Garza,Male,carl79@example.org,-6234,11/3/2006,Conference centre manager
4134,24D304eA86c7D37,Stuart,Hutchinson,Female,faithlowe@example.com,+1-903-008-6310x10712,7/15/2020,"Scientist, product/process development"
4135,Ece4f1eBd77ab86,Kristine,Ingram,Female,onealnina@example.com,968-476-3382,5/23/1999,Estate agent
4136,285fCb81688cCBe,Wyatt,Knox,Male,alexfrench@example.net,001-888-831-9172x5629,5/3/1946,Environmental education officer
4137,b4fe3CFBCEc8473,Anita,Hartman,Male,deckermarie@example.net,784.346.9252x176,3/6/1993,"Investment banker, corporate"
4138,2e09D1Aa4b3Edeb,Penny,Olson,Male,kmyers@example.org,+1-798-136-0048x0141,9/28/1990,Pensions consultant
4139,CBCaFb6d1436Ced,Donald,Mckenzie,Female,mikebecker@example.net,753-735-1495x65546,8/9/1916,Financial adviser
4140,89C2AD17e86D386,Erik,Oconnell,Male,patriciawatson@example.com,(222)111-6556,1/24/1925,Colour technologist
4141,b402D33F0cb5D7F,Ray,Webster,Male,teresamcdonald@example.net,305-730-8030x882,5/13/1936,Ecologist
4142,46B3251ae5BfF20,Levi,Santana,Female,carolyn97@example.com,001-544-849-9783x6525,12/9/1993,"Surveyor, minerals"
4143,0CF3ffAB2e7de6d,Rodney,Salas,Female,sherryfranklin@example.net,72001209,5/10/2018,Community arts worker
4144,f8a71E24C98c9d7,Billy,Giles,Female,loretta78@example.com,+1-498-555-0836x91304,12/12/1987,"Conservator, furniture"
4145,45d4B09A6518a0e,Curtis,Mcneil,Male,wlove@example.com,(188)925-4032x29309,4/26/1938,Music tutor
4146,1232D190cEEaefA,Matthew,Wang,Female,larsonrachael@example.com,1324647554,6/20/2007,Counsellor
4147,eCCffEEcC8BECAD,Jacob,Finley,Male,lydia75@example.org,830-851-9452x5842,11/3/1913,Audiological scientist
4148,9c1e78a66E69feD,Sue,Ryan,Male,nichole75@example.com,6496011566,6/1/1952,IT consultant
4149,74CEbbF9baF118c,Darryl,Duke,Male,christian25@example.net,(027)680-8157,5/13/1934,Advice worker
4150,fFb03CC5e368D76,Kevin,David,Female,kristina40@example.org,-11060,9/4/2021,"Lecturer, further education"
4151,aBbB3F47908A030,Parker,Williamson,Female,lmueller@example.com,001-534-134-0081x02936,3/29/1918,Theme park manager
4152,7ff997eF5eEFA78,Alan,Liu,Female,katie59@example.com,(041)047-3879x008,12/23/1985,"Scientist, product/process development"
4153,8AB75d08894e8AB,Manuel,Gates,Female,gallagherronnie@example.com,(291)750-3151x1991,9/8/1984,Health physicist
4154,d76D75E96ceCF24,Donald,Macias,Female,jakelarson@example.com,688-941-2381x338,10/19/1924,"Solicitor, Scotland"
4155,EbAedef2dfEC835,April,Haas,Male,eforbes@example.net,004.147.1775x272,10/25/1906,Biomedical scientist
4156,Cfa394dD93C53c6,Brittney,Herman,Male,zreid@example.org,9773816904,5/28/1962,Theme park manager
4157,CF2DCf5Cbe1Ae0f,Adam,Schmidt,Male,calexander@example.com,846.618.7712x48411,2/8/1923,Leisure centre manager
4158,d1c23af6A2C29e4,Tracie,Roach,Female,kross@example.com,+1-226-941-1047x82584,6/25/2013,"Psychologist, sport and exercise"
4159,51258c72925CCbE,Betty,Robbins,Female,ybell@example.org,840.703.0783x807,4/1/1955,Museum/gallery conservator
4160,a1dB0C316ECe3A5,Glenn,Moran,Female,edwindavid@example.com,001-002-412-7328x7054,6/23/1967,"Development worker, community"
4161,C5c3CCDbbaE0faA,Faith,Mathis,Male,riversalison@example.net,(261)351-0383,11/8/1957,Chief Technology Officer
4162,6d992f5a61C83e6,Bill,Odom,Female,lowegavin@example.com,-4289,8/4/1952,Health and safety adviser
4163,29a6e58cF7abfFa,Taylor,Strong,Male,cristinasolis@example.com,(924)534-3946x125,6/19/1925,Insurance account manager
4164,0e0cdBEe58EBBAd,Jade,Yoder,Male,mccoybrian@example.net,(515)738-7175x547,12/25/1961,Human resources officer
4165,Dd8FF835e67F369,Renee,Myers,Male,geraldpham@example.com,076-182-3968,6/19/1941,Occupational therapist
4166,DCFfBdeB0F1C401,Belinda,Barnett,Female,shawna34@example.com,208-572-0468,6/24/2005,"Research officer, trade union"
4167,4B268A7Dd2deD97,Sandy,Lester,Female,devoncook@example.com,(934)760-0704x0513,12/25/1952,Passenger transport manager
4168,01d82B03305cCfE,Jacqueline,Perkins,Male,sullivancrystal@example.org,744.544.2721x8145,11/29/1949,Medical sales representative
4169,661AEde42E224eA,Rebecca,Ball,Male,brenda59@example.org,9816511060,3/13/2003,Pensions consultant
4170,Ce62d1170e8B12C,Mackenzie,Everett,Male,maysandrea@example.net,417-008-4851x6445,3/8/1910,Tax inspector
4171,773f4a99Fcf8Ef0,Latoya,Edwards,Male,sydney72@example.com,001-539-341-4472,1/19/1941,"Investment banker, operational"
4172,47fA1AB5a7957f4,Margaret,Becker,Male,barnesgloria@example.net,+1-433-717-3426x55160,5/11/1915,Lawyer
4173,FF0fFf115d9aB48,Isaac,Salazar,Female,bowmanshaun@example.net,319-348-3917x2714,12/29/1981,"Runner, broadcasting/film/video"
4174,5ce64C855Fdab8d,Bridget,Compton,Male,darryl69@example.net,173-928-5188x8020,2/2/1923,Microbiologist
4175,DcfdEaBeCFc3B3d,Blake,Williamson,Male,rrichard@example.com,001-194-283-9530x25208,8/3/1998,Production manager
4176,ccAe6E30Eb85d6c,Sonia,Welch,Male,barbara96@example.org,-1014,8/22/2005,Building control surveyor
4177,bAfd5eBAf5bcEF8,Dwayne,Lloyd,Female,pshields@example.org,225-866-2408x942,4/1/2021,Environmental manager
4178,afADEeE473E0BD9,Jill,Mejia,Female,ybrewer@example.com,925.320.5788x06089,6/22/1962,Catering manager
4179,E249C65468DeDDa,Adam,Flynn,Female,mario10@example.com,+1-555-916-9987x348,12/22/1957,Barrister's clerk
4180,cEf318f02A2F785,Clarence,Gamble,Female,cjacobs@example.org,+1-434-867-2680x19454,1/31/1970,Research scientist (life sciences)
4181,ea5d32C433bB5db,Allen,Davidson,Female,dwilcox@example.net,368.973.3719x353,4/6/1966,"Production assistant, radio"
4182,6FEB0EA4EDd5E7E,Heidi,Colon,Male,catherine42@example.net,595-436-5165x3672,3/4/1999,Airline pilot
4183,5a1Cf0bC55d7e18,Natasha,Ortiz,Female,samuelroberson@example.com,+1-484-109-4271x9274,7/5/1935,Rural practice surveyor
4184,4ae3D24BFdBc6ca,Ray,Mcdonald,Male,eddiestanton@example.net,(897)304-3180x0515,5/14/1943,Horticultural therapist
4185,DB5897DC129d71d,Philip,Cantu,Female,yolanda73@example.net,8425246441,2/5/1930,Orthoptist
4186,ee3b820ba4ecFD6,Stacie,Mcclain,Female,yzhang@example.net,304-506-0780,3/1/1946,Textile designer
4187,94e5c239fAa7f3C,Jeremiah,Oconnell,Male,oholder@example.org,+1-343-390-8829x287,4/8/1974,Chief Strategy Officer
4188,1c8BC5CC90E8D59,Edward,Conway,Female,zlyons@example.org,7487867344,6/16/1951,Publishing copy
4189,E2C0fC49D59AFC2,Jesse,Leonard,Female,wreeves@example.com,501228646,5/16/1934,Art therapist
4190,2F7EaA0f4bc1cA0,Darius,Oconnell,Male,lwinters@example.com,3312866409,12/7/1964,Equities trader
4191,7f2201B18bFec57,Karl,Cannon,Female,cole41@example.com,880-346-0365x9879,3/12/1978,Optometrist
4192,4A5Bac7a89df66C,Joan,Reyes,Female,zcaldwell@example.net,494.112.4388x7158,8/23/1951,Plant breeder/geneticist
4193,0464F657cCDa4c7,Henry,Buck,Male,hsparks@example.net,027-319-8815x47912,2/21/1963,"Geologist, wellsite"
4194,CcAe088fCecDDAb,Marco,Gilbert,Male,barrbrandi@example.net,259.226.7708x8091,10/23/1998,Politician's assistant
4195,6ECf8cC6F6A0124,Erika,Everett,Male,briannabrennan@example.com,+1-031-755-3526x716,7/12/2017,Electronics engineer
4196,8BCd2cC4fcEfe1D,Isaac,Hughes,Female,jaimejones@example.com,523280871,12/13/1998,Trade union research officer
4197,B0910E8EB109Bca,Kara,Buchanan,Male,rmoody@example.org,-10499,4/28/1925,Chief Marketing Officer
4198,BacB8Fc3e9e881d,Hailey,James,Male,colincamacho@example.org,(242)564-4246,4/4/1922,Television camera operator
4199,3F2eeBd63De45F6,Helen,Petty,Male,rushcurtis@example.net,(971)638-8374,8/3/1956,Housing manager/officer
4200,8d228cbBA5e9b16,Christopher,Chung,Male,angelica99@example.org,001-026-628-8351x353,3/15/1956,"Surveyor, mining"
4201,26d5Cb0ffe06E3D,Tanya,Lynch,Male,coreypugh@example.net,001-282-950-6641x4837,7/30/1988,Emergency planning/management officer
4202,BDf5EC85Fc6dE0c,David,Blake,Male,quinnrobert@example.org,770-695-7637,3/5/2020,English as a foreign language teacher
4203,63B78d9202C558d,Destiny,Quinn,Male,dcarter@example.org,001-277-001-7191,1/17/1946,Psychiatrist
4204,9cADCCaB6c9ac0d,Jesus,Wilkinson,Female,sierraneal@example.net,8021382280,11/23/1991,"Biochemist, clinical"
4205,Fe3cbF43b8C83B1,Malik,Gilmore,Female,okidd@example.net,176-380-7242x82001,11/25/1977,Advertising account executive
4206,dAE9a010D7E978a,Isaiah,Parrish,Male,jknight@example.com,304-370-6368x6367,7/21/1970,Chief Marketing Officer
4207,73DC01daA13ae3b,Joann,Adkins,Female,beasleywillie@example.org,+1-081-762-9027x39588,10/26/1950,"Chemist, analytical"
4208,2E970EFc4Ee8DF6,Ryan,Andrews,Male,reyeslouis@example.org,180.716.3545x89543,11/30/1933,Counsellor
4209,7EE9bD286Bf0100,Andre,Ochoa,Male,zfinley@example.net,(200)056-1594,7/8/1916,Environmental consultant
4210,cDf0C56bfefaE56,Dan,Shaw,Female,pedrobarajas@example.com,9048907624,11/5/1923,Ranger/warden
4211,6d2edcAe8C3741F,Phyllis,Sampson,Female,petersonnoah@example.org,815.185.6382x829,11/23/2004,Consulting civil engineer
4212,AbC1a840DCB9e57,Alan,Avery,Female,bradytravis@example.net,480-270-2272,3/12/1998,"Production designer, theatre/television/film"
4213,1cDAfB6A0Cf281a,Andres,Hull,Female,shawnablankenship@example.net,001-397-915-8874x02164,5/24/1917,Curator
4214,D57bce2D9daCe69,Cassandra,Sheppard,Female,yeseniarivers@example.org,(963)718-4446x711,9/4/1954,Public librarian
4215,Bd132f9f6d8afb6,Jaime,Krause,Female,mbray@example.net,001-824-783-2734,10/8/1958,Ambulance person
4216,4d4EE6Fd85fcae4,Roberta,Joyce,Male,yguerra@example.net,4158423349,7/30/1944,"Engineer, mining"
4217,e49d8bd5bECdDBD,Leslie,Trevino,Male,henry89@example.org,914-932-7062x66476,7/3/1928,"Designer, graphic"
4218,AE2351535CCc5d2,Gene,Warren,Male,harringtonjaime@example.net,001-696-914-5399x038,10/14/1983,Chief of Staff
4219,f4efF5962629849,Cody,Gardner,Male,baileykrystal@example.net,+1-962-243-1777x989,8/4/1928,Banker
4220,b9cEC9FAaaaEbab,Bailey,Hendrix,Male,monica12@example.org,(905)330-0571,7/5/1927,"Scientist, physiological"
4221,39f7D543fFE1F1C,Mandy,Donaldson,Male,rchurch@example.org,001-589-184-8568,8/18/1972,Publishing copy
4222,BD06137fed6C0c8,Stacy,Mooney,Male,xdennis@example.net,417345897,10/31/1938,Computer games developer
4223,f36C26EB791C83C,Krista,Stein,Female,bonillaantonio@example.com,(819)299-4572x278,10/16/1931,Magazine journalist
4224,43cCDe77C89a38A,Kiara,Gentry,Male,jrandolph@example.net,(715)388-3178x36142,1/21/1975,Actuary
4225,7b3c8dbFe328F93,Brendan,Gamble,Male,kentmelinda@example.org,389946533,8/18/1984,Health service manager
4226,FeF5eE3AdA296BC,Mackenzie,Mullins,Male,cohenrhonda@example.com,578-831-0832,5/5/1999,Medical physicist
4227,D024aaF7D0ffA61,Roger,Johnson,Male,carla89@example.net,(735)869-3885x736,8/15/1954,Amenity horticulturist
4228,BaF1BC1E2e62EBe,Sherri,Blanchard,Male,kariterry@example.com,351.936.9993,2/6/1922,Best boy
4229,A8e0b5Dcc0Cc49c,Sharon,Harrell,Female,imcintosh@example.com,(127)199-4966,12/28/1915,Museum education officer
4230,2d9dAA3ae7cF8B3,Nina,Hess,Female,claudiacummings@example.net,(534)579-7457,7/13/1948,"Scientist, research (medical)"
4231,3eeb8eAD07ae83a,Tonya,Rojas,Male,itaylor@example.org,462.746.9601x6340,1/19/1940,Operations geologist
4232,4c2c7F2FC5F6a8D,Adam,Gamble,Female,lhendrix@example.net,(217)771-3995x75371,3/4/2015,Actuary
4233,5CbEED7C1eFE7C4,Jordan,Nelson,Female,jordan67@example.net,-2974,1/19/1911,"Engineer, aeronautical"
4234,49C2A5A0f35bF5b,Dennis,Bautista,Female,gabriella28@example.com,(014)833-3065x9269,4/5/1935,IT sales professional
4235,bB9F7D16eF522bb,Monica,Alexander,Male,agreer@example.com,721-105-8397x392,1/8/1991,Fisheries officer
4236,9cb54FAbE22B1EB,Latasha,Whitehead,Female,dale99@example.org,(555)154-2980,12/3/1980,Meteorologist
4237,105Ca47D6D9c20b,Eduardo,Cain,Female,rsuarez@example.com,(739)922-0756,1/9/2008,Conference centre manager
4238,47791D91ACeB71c,Taylor,Kent,Female,ruthstrickland@example.com,+1-348-027-9767x0760,10/19/1969,Proofreader
4239,d89c9bED50Ca8E0,Wanda,Carpenter,Female,jeromedorsey@example.net,892.093.5857,11/2/1910,Merchant navy officer
4240,1aB00F35AdFFB23,Ariana,French,Female,claudiamorgan@example.org,1472167618,8/31/1929,Agricultural engineer
4241,cCA89a43698Ffad,Alan,Thompson,Female,henryhuang@example.org,(496)590-5568,7/16/2007,Chartered accountant
4242,3C4b81cDf41a6dA,Sheila,Reyes,Male,jesus83@example.com,001-428-463-8154x9567,12/12/2013,Operational researcher
4243,9cf881a0a51A83d,Cindy,Friedman,Female,theodore04@example.com,874.199.5016x06606,6/12/1939,Information officer
4244,2A4624E6A17B52C,Joan,Gordon,Female,jim74@example.net,001-109-261-4780x05892,10/4/1957,Regulatory affairs officer
4245,939a50bb2e89780,Sheila,Sandoval,Male,garnerangel@example.com,(773)296-8954x6312,7/6/1925,"Engineer, control and instrumentation"
4246,Bc930B6fAfE08b1,Ray,Collier,Female,jerome63@example.net,001-234-768-1566x594,4/11/1920,Chief Strategy Officer
4247,455bd8e83CA3Bc7,Leah,Weiss,Male,judith52@example.org,(825)395-4103x79032,2/26/1946,"Programmer, applications"
4248,ea6cD35Ca1a32aa,Kaitlin,Lynn,Male,rstephenson@example.org,847.596.1936,12/25/1922,Museum/gallery exhibitions officer
4249,FbA20C3b04d7CAd,Monique,Lara,Male,hartstacey@example.net,477.428.4768,12/7/1929,Ranger/warden
4250,3D7b1689EbfA2e5,Toni,Mann,Female,qrojas@example.net,7319072673,10/6/1973,IT trainer
4251,19Fd9D6B50CE8b2,Tanner,Woodward,Male,michaela21@example.org,(921)971-4493x30571,11/22/1994,Commercial horticulturist
4252,FFe72D9092288E6,Tammy,Armstrong,Male,barrettcassidy@example.net,(213)582-6319,8/14/2020,Physiotherapist
4253,58412d1A09E5836,Casey,Mejia,Male,darrellgrimes@example.org,(185)512-2660x24429,4/7/1985,"Journalist, broadcasting"
4254,ABbB000C1F23EaB,Juan,Blackwell,Male,dpowell@example.org,793.407.1669x69556,2/27/1977,Research scientist (medical)
4255,0ECFD2F3FCFb5Bc,Tracy,Gibbs,Female,parker44@example.org,287-302-2570x969,8/21/1936,Analytical chemist
4256,49b6f0D9e66e2cf,Chris,Wallace,Male,brooke19@example.org,(687)533-6408x0167,3/8/1991,"Engineer, control and instrumentation"
4257,BeF5BD4CF19Af4C,Angel,Ware,Male,omar35@example.org,3664663308,12/6/1974,Outdoor activities/education manager
4258,1A8dBfdfe553F2a,Devon,Frye,Female,sonyawatts@example.com,(403)479-9596,1/11/1910,"Development worker, international aid"
4259,59bA8fC0beDa01e,Hector,Hill,Female,gchapman@example.net,105.528.4073x771,5/19/1932,"Librarian, academic"
4260,251e9D4dBfec00C,Reginald,Mccarty,Female,mcfarlandlorraine@example.com,001-629-740-9829x3970,8/22/1973,Emergency planning/management officer
4261,d76CeeA886F9CdC,Diana,Sellers,Female,hobbsamy@example.com,723-242-6376x08068,9/16/2015,"Sales professional, IT"
4262,04b65Fa10D45E22,Tim,Long,Female,hamptonaaron@example.org,975.972.0199x560,3/9/1929,Health physicist
4263,98AEF7aBbac9EAc,Tracie,Booker,Male,jacob66@example.net,906-995-9557x3580,1/17/1962,"Designer, multimedia"
4264,6c0DEE9c5A58Cd6,Diamond,Sanders,Female,welchmackenzie@example.net,(688)983-4068x027,1/15/1964,"Teacher, early years/pre"
4265,9A6dE3ffCF6b03C,Tricia,Holder,Male,barrglen@example.net,(490)630-4341x2743,9/20/2003,Learning mentor
4266,3C10f3999f452DA,Mercedes,Wheeler,Female,kaufmanjane@example.net,446.992.3155x90532,3/27/1967,Solicitor
4267,5c47Afe4CCed6dA,Derek,Rogers,Female,baileyfrancisco@example.net,001-588-214-6135x831,9/5/2005,Health and safety inspector
4268,A4da7a7E6aC5Eda,Michelle,Curry,Female,eileen40@example.net,142.468.1653x860,4/27/1922,"Surveyor, building"
4269,5bBE273AC7B01Aa,Roy,French,Male,griley@example.com,(524)494-3629x12498,8/12/1933,"Engineer, mining"
4270,DaEBFFCc9eBf873,Teresa,Barnett,Female,wilsondylan@example.org,001-095-646-7400x1975,8/13/1938,"Geneticist, molecular"
4271,e32f2ECDBEb91Eb,Caleb,Morales,Male,bob81@example.net,001-777-963-8776x195,1/26/1959,Ceramics designer
4272,d6fF139ECe196A0,Dalton,Graham,Female,ikane@example.com,(781)182-6776x95383,7/21/2017,Clinical cytogeneticist
4273,2ed7C4deBE9fa41,Dakota,Cherry,Male,carly95@example.net,+1-099-332-8367x87993,12/28/1963,Astronomer
4274,CcB617475EFD5e5,Cindy,Jarvis,Male,weaverangela@example.net,524-611-5730x44165,5/31/2020,Web designer
4275,E1c5d2f868ca2b4,Meagan,Adkins,Male,thester@example.net,353.619.4921x566,10/3/1920,Drilling engineer
4276,aF7f1cD68F8eBb9,Tom,Mills,Male,robbinsolivia@example.org,(842)102-8859,12/12/1977,Dealer
4277,969eA13D905107d,Jose,Brewer,Female,shawbriana@example.com,516.601.5132x91374,4/19/2010,"Accountant, chartered public finance"
4278,08e0bcACdFa0583,Miguel,Mcpherson,Male,jmoyer@example.com,(421)043-4419x4793,12/14/1981,Copy
4279,a59A31763ce690b,Daniel,Ward,Female,jeffrey45@example.com,+1-352-133-1070x0077,5/22/2018,Secondary school teacher
4280,9a4a6976dAAd3f8,Sydney,Johnston,Female,abigail99@example.com,156.961.5728x714,11/13/1976,"Administrator, arts"
4281,c76180a7c1e712F,Andre,Myers,Female,blanchardsonia@example.org,(630)341-0142x764,10/3/1933,"Conservation officer, nature"
4282,18eB2573DFCC0DF,Gina,Tyler,Female,copelandjenna@example.com,001-891-7560,10/16/1932,"Sound technician, broadcasting/film/video"
4283,877f7EBBDDEB9b1,Dominique,Wise,Female,qgregory@example.com,001-418-261-6522x295,11/20/1970,Child psychotherapist
4284,347B4BEc96AeB66,Troy,Gallegos,Female,frederick48@example.com,001-969-787-6172x77914,3/12/1915,Customer service manager
4285,CF6C2edA1b1EDDe,Tom,Austin,Male,wcalhoun@example.com,9053980638,7/18/1983,"Engineer, structural"
4286,24Fb5316Ba6c9E0,Alan,Beasley,Female,hortonjudy@example.org,(398)722-1480,1/2/1941,Mechanical engineer
4287,Bdf8B25afe9fd98,Stephen,Singh,Female,damon53@example.org,+1-942-025-5490x9473,5/26/1976,"Surveyor, insurance"
4288,8192cc327Ba4fe6,Carol,Flynn,Female,haneylori@example.org,576-846-7510x819,11/19/1959,Tourism officer
4289,7BeB7F9eB7eb9bF,Louis,Melton,Male,huertaleon@example.net,431-526-3465,10/16/2019,Exhibition designer
4290,d7DDaB1fcEFDAf8,Isabel,Colon,Male,willie66@example.com,614.012.2340x6743,1/1/1949,Environmental education officer
4291,a7FcdeEcAFCdCD7,Nathaniel,Marks,Female,tbird@example.com,743-033-3223x7493,3/2/1987,Quarry manager
4292,4c369FC89A2a1Ea,Margaret,Rodgers,Female,carsonshane@example.com,3560929595,7/1/1911,Geoscientist
4293,1EAA78028b449cC,Jose,Holder,Female,jessica00@example.org,+1-118-540-3738x770,9/8/1962,"Surveyor, building"
4294,a798Cd847Ccd0a1,Alyssa,Schmidt,Male,moranrhonda@example.org,(295)525-3524x6662,12/9/1909,Nutritional therapist
4295,aD524353a1d671b,Wanda,Allison,Male,melody41@example.net,001-209-108-6398x872,4/10/1950,Ecologist
4296,035C9aafDEfcf1D,Jerry,Tate,Female,kathleenskinner@example.org,982.242.6403x92264,8/16/1959,Nature conservation officer
4297,DaaF1F7F81aAacE,Angelica,Woods,Male,jodygregory@example.org,(777)977-7489x785,7/31/1938,Herpetologist
4298,0b5D5BeF9aeAbc9,Carly,Conrad,Male,ycarlson@example.com,687.113.1471x18120,4/8/1918,Jewellery designer
4299,CaEBec3BE30cede,Albert,Green,Female,whahn@example.org,908-726-3457x52765,5/23/1929,Museum/gallery conservator
4300,c5fEcfec66Eceb4,Noah,Kline,Male,deborah16@example.com,005.919.4952,8/19/1991,"Copywriter, advertising"
4301,C1d6943F5EB7397,Evelyn,Combs,Male,lynn52@example.net,001-861-357-1186x2005,10/7/1920,"Surveyor, building"
4302,95Cfdc2d78FEBab,Candace,Baker,Male,ntrevino@example.net,+1-662-260-2819x7654,12/30/1977,Lexicographer
4303,cAdafd36aCeb937,Maurice,Watson,Female,flozano@example.com,601-458-0183,3/8/1992,"Accountant, chartered"
4304,F51f12D5E8a3065,Thomas,Kelley,Male,jwilkerson@example.net,555-861-5662,10/16/1946,Mining engineer
4305,5aad5466F2F8EDB,Eddie,Brennan,Male,nlynch@example.org,446.020.7368x234,3/18/1970,Information systems manager
4306,fc1bdeeE35fF1b2,Tonya,Gay,Female,baldwinroger@example.net,(176)536-3928,7/31/1999,Immunologist
4307,DBe373eE71fBc75,Courtney,Walter,Male,ruben01@example.net,001-478-086-7945x0662,1/12/2015,"Programme researcher, broadcasting/film/video"
4308,5FCD0530DD66d0D,Jaclyn,Dodson,Male,rodneycastro@example.com,+1-220-250-4235x386,1/30/1972,Field seismologist
4309,abbbee144743251,Gregory,West,Female,villanuevacolleen@example.com,391-670-9554,8/11/1926,Garment/textile technologist
4310,eD1E60CBcEcA031,Megan,Osborne,Female,gardnerbill@example.org,390-973-0678x325,1/26/1937,Futures trader
4311,3FA9dDFfdABdD0C,Maxwell,Sims,Female,charlotte06@example.net,037-726-5284x835,9/24/1958,Barrister's clerk
4312,7383C09cF9D8539,Brett,Luna,Male,tfriedman@example.org,(504)252-0335,10/3/2017,Investment analyst
4313,e99449bbF0C1bEf,Grace,Montoya,Male,kylevelasquez@example.net,577-626-2328,3/31/1927,Newspaper journalist
4314,028Bf3Fb1FCBeBA,Crystal,Campos,Male,jonathonpacheco@example.net,974.081.1495,3/5/1978,Mudlogger
4315,737bb0DEB12b1B5,Wyatt,Sandoval,Male,lauriecasey@example.org,858-491-2549x4550,1/6/1968,Psychotherapist
4316,0722AECfD79da56,Candice,Schmidt,Male,prhodes@example.org,3441671985,12/6/2001,Aeronautical engineer
4317,9A6aAbB16C53EfF,Victor,Daniels,Male,pjimenez@example.net,001-653-669-1675,12/25/1921,Public affairs consultant
4318,3C6187dea7afcD5,Ryan,Chen,Male,zsantiago@example.com,523.212.9319,1/17/1965,Catering manager
4319,dB658d9d838d0Bd,Jeremiah,Calderon,Male,lorraineobrien@example.org,755-216-8322x539,5/2/1911,"Scientist, clinical (histocompatibility and immunogenetics)"
4320,9f5DD273CF27D9e,Tracie,Cobb,Male,yboyer@example.net,(215)190-2136x79559,12/8/1922,International aid/development worker
4321,5a2DE69c3cF108c,William,Wang,Male,lauragarcia@example.net,096-178-5494x812,11/1/1980,"Development worker, community"
4322,ddeb9b6f1FC5AdA,Danielle,Saunders,Female,aimee28@example.net,(319)419-0282x71092,3/16/1946,Public house manager
4323,F9F4cf42BbEfEa1,Crystal,Gillespie,Female,pamelastokes@example.net,+1-317-870-2277x25002,8/13/1944,Horticultural consultant
4324,EC72AC92FD1ef3B,Ruth,Ochoa,Female,huntjermaine@example.com,863.131.8732x9714,10/28/1971,Accommodation manager
4325,e069DDc4F4FBC1F,Kiara,Atkins,Female,huberwayne@example.net,886.824.8835x3399,9/28/1952,Consulting civil engineer
4326,d454eF5EF763cE4,Jade,Santiago,Male,wmccormick@example.org,(433)920-7734,6/25/1909,Product designer
4327,83089eb008FB659,Bryan,Baker,Male,ricesusan@example.net,(441)814-5792x4036,12/27/1984,Insurance account manager
4328,B2E2b08d6F2bfBf,Melanie,Mccarthy,Male,geraldcasey@example.net,785.672.2671x36684,10/7/1916,Visual merchandiser
4329,bbdAC53eCbb0C8C,Samantha,Salinas,Female,elove@example.com,+1-702-757-8673x030,7/4/1988,Analytical chemist
4330,7CAe74C7464EF7a,Raymond,Rich,Female,frederickbelinda@example.com,318-754-3392x3771,3/27/1989,Neurosurgeon
4331,c1DA65ddE06dB3f,Melissa,Howell,Female,connor67@example.org,2545253456,3/29/1973,Armed forces logistics/support/administrative officer
4332,dB41D51cf429515,Tyrone,Manning,Male,zwhitney@example.net,375-281-8487x4479,7/19/2017,Visual merchandiser
4333,FDDC17451DC10BA,Edwin,Sandoval,Female,michaelmccullough@example.net,001-463-923-5292,8/20/2011,Advertising copywriter
4334,F8a7a95DD0c6aFB,Brandi,Wilkinson,Female,jamie87@example.com,(365)638-7391x605,7/13/1924,"Engineer, manufacturing"
4335,bad2eC1c5F36BC0,Norma,Ortega,Female,don18@example.org,733-125-8433x019,3/27/1942,"Engineer, structural"
4336,4Bbb8DC7EAB6B99,Marisa,Floyd,Male,beltrandiamond@example.net,(679)176-8244x45751,1/13/1976,Translator
4337,91Fdf54F64FAee1,Alex,Luna,Female,ashleevillarreal@example.com,+1-551-734-0416x1409,11/22/1957,Forest/woodland manager
4338,0EF4CAA2aaE05C7,Tracy,Mueller,Female,efitzpatrick@example.net,(418)978-3971x444,9/3/1997,"Programme researcher, broadcasting/film/video"
4339,6fCb93525A4FF8d,Ronald,Hughes,Male,sandy83@example.org,9562732941,8/2/2008,Estate manager/land agent
4340,F0AbADC0e6DEAe0,Tanya,Gaines,Male,shawnwarren@example.org,754.697.1997x7539,1/4/1922,Artist
4341,a0ce3BacE8C4AF1,Mandy,Chang,Female,raven88@example.org,+1-145-756-1674x8646,7/8/1908,"Runner, broadcasting/film/video"
4342,72fcE71c14A3D7A,Lindsay,Strickland,Female,moraomar@example.org,001-278-215-6342,8/26/1961,Human resources officer
4343,f46aE3Aa6DB0dC1,Raven,Berry,Male,harryhansen@example.org,432.279.6127x52034,3/18/1933,Landscape architect
4344,699A64F4fA97283,Sharon,Higgins,Female,drakejean@example.org,739.121.0867,5/16/2009,"Administrator, charities/voluntary organisations"
4345,F09E39cc9CB6396,Alex,Cooper,Male,mathisjudy@example.org,300-071-5511,12/29/1906,Risk analyst
4346,8b13a6A32A57FB4,Brenda,Compton,Female,ytorres@example.com,4775356928,5/4/2017,Orthoptist
4347,322C7FbBeC324DB,Vincent,Herman,Female,olsonedgar@example.org,(749)514-4245x93138,2/28/1959,"Engineer, aeronautical"
4348,3b508ec661941A5,Nicolas,Garcia,Male,jordanrusso@example.net,001-478-533-1561x1988,10/9/2005,Actuary
4349,Bef934250Ec1Cfb,Valerie,Simpson,Female,salazargabriella@example.org,+1-240-281-4648x459,3/12/1954,Social worker
4350,e8CE344FB12d6Cb,Ross,Zuniga,Female,zachary01@example.org,001-221-182-0025,6/18/1946,Local government officer
4351,aFBc820C98Eb024,Tammie,Fuller,Male,joel55@example.com,(111)172-2096x9367,5/6/1964,"Engineer, biomedical"
4352,aD34d2b1Aa15655,Walter,Padilla,Male,joannavelez@example.net,+1-944-380-0684x0048,12/12/2001,Chartered certified accountant
4353,AA180d21d30cebe,Chase,Randolph,Female,tgreene@example.net,829-673-1411,1/6/1921,Tax adviser
4354,AC57A54FEd13D2C,Leonard,Wu,Female,rebecca44@example.com,249-419-8227x73575,6/1/2002,Heritage manager
4355,EdFeA21baFE543e,Alexandra,Moran,Female,orrelijah@example.net,7778540219,1/19/1936,IT consultant
4356,eE29Eb91079dc3F,Mario,Choi,Female,whiteheadjeanne@example.com,850.052.8022,12/26/1994,"Clinical scientist, histocompatibility and immunogenetics"
4357,d597ca4B5166ec2,Alex,Huber,Male,briannabrennan@example.org,702.849.6354,9/25/1986,Wellsite geologist
4358,EdBC7371c4D1b83,Kelli,Johns,Female,gschultz@example.com,001-202-985-4912x3093,12/16/2009,"Social research officer, government"
4359,B1B3A56C7a71aE2,Kent,Li,Male,kristigould@example.com,(650)422-1275x256,3/17/1935,Dentist
4360,5b27fF8fa1ecBF0,Patricia,Owens,Female,roger45@example.org,418-556-4803,7/13/1982,Podiatrist
4361,a026b5aD3CCAae3,Howard,Mcmahon,Female,grantballard@example.com,001-196-399-0220x4392,8/19/2006,Computer games developer
4362,a7ffADbDE2DB0EE,Chase,Small,Female,lisawalls@example.org,564-001-0795x864,8/29/1927,Midwife
4363,59ece20F7Bc8dfd,Loretta,Wells,Female,yolandaboyer@example.org,688-471-1435x6114,6/24/1906,"Accountant, chartered certified"
4364,878e9a2EC50C0f2,Tiffany,Armstrong,Female,marc71@example.com,001-473-997-2225x692,4/10/1990,"Merchandiser, retail"
4365,B1Be975E9f82f4d,Garrett,Haas,Male,fhays@example.org,034.025.7990,12/13/1953,"Psychologist, sport and exercise"
4366,F6f078B523DDA6C,Gregg,Frank,Male,gerald96@example.org,-7028,5/21/2013,Community development worker
4367,Ed0CB0838a24563,Julia,Rodgers,Female,omoran@example.com,+1-219-425-4844x89481,10/15/1971,Information systems manager
4368,C3eAAfBFD9C2d4a,Darlene,Bryant,Female,priscilla00@example.com,4659215606,10/12/1975,Naval architect
4369,cCB9d2Ae44371dc,Carl,Lang,Male,brandongriffith@example.com,001-950-794-2349x201,11/29/1961,Senior tax professional/tax inspector
4370,7CBbc09aF68E58C,Anita,Contreras,Female,stewarttrevor@example.org,906.975.1430,10/7/2014,Heritage manager
4371,9e7c5b4295ce7ca,Keith,Ayers,Female,nnavarro@example.net,158-016-6565x409,10/8/1981,Passenger transport manager
4372,4653D5700E9Fb78,Linda,Price,Female,ybooker@example.net,001-840-038-5681x3704,4/14/1977,Audiological scientist
4373,26134788ad7BE98,Jeremiah,Edwards,Female,tracie26@example.net,001-007-805-9814,6/2/2021,Risk manager
4374,Dcd3783ebeB827C,Priscilla,Santana,Female,joannlynch@example.com,004.797.0315,11/28/2019,"Engineer, building services"
4375,bDbff83Cd5140Ac,Rose,French,Male,fvillegas@example.com,(770)742-1737,8/1/1969,"Therapist, music"
4376,37BDDD9083a1cA1,Toni,Watson,Male,wmorris@example.com,-9125,10/28/1920,Sub
4377,28fcF3bC7561b03,Anita,Espinoza,Female,marcia09@example.net,632-722-5028x881,10/28/1930,Architect
4378,Be1BeA3bec5c0d4,Chloe,Murphy,Male,lori11@example.org,+1-516-512-0683x151,6/23/1964,Sales promotion account executive
4379,FCc5faEe167c10a,Yvonne,Morrison,Male,zdougherty@example.org,-9430,5/15/2009,"Scientist, biomedical"
4380,AC136B8535c2a5f,Chad,Cunningham,Female,georgemarisa@example.com,589.842.1914,11/7/1996,Banker
4381,0a28CEDCC1C973C,Tim,Solis,Male,ferrelljavier@example.org,(974)594-9866,11/23/1914,Midwife
4382,83CC74E4cBb1298,Kurt,Burke,Male,alexanderclarke@example.org,9071817310,5/11/1944,Sports development officer
4383,cA58bf24bB05AA5,Nicholas,Ellis,Female,brenda49@example.com,001-802-725-4661x730,3/6/2018,Marine scientist
4384,aCa6A7E2aA56ddD,Jake,Burgess,Female,paynenicole@example.net,001-384-376-8689x0952,10/5/2013,Chief Technology Officer
4385,c9B860FbCEf8A98,Shane,Banks,Female,obraun@example.com,557.124.1497x615,11/15/1912,Environmental health practitioner
4386,b6Ae005BCBd8f07,Marc,Duran,Female,vincentellison@example.com,(922)377-7651x88861,5/18/2016,Curator
4387,eAcb25b8e80fcE5,Tracey,Murray,Female,robertaramirez@example.com,(911)966-4536,7/22/1959,Nature conservation officer
4388,0aa18ca6D87Ba73,Kerry,Garza,Male,jermaine29@example.com,286-546-3932,12/3/1959,"Designer, blown glass/stained glass"
4389,Cb7e08613E84A0B,Alex,Wilkerson,Female,charles76@example.com,762.457.2423x724,8/19/2000,"Social research officer, government"
4390,9Ab3bbFa5fa83dd,Charlotte,Bonilla,Female,beverly50@example.net,-10713,8/3/1988,Barrister
4391,DCbe4e68B383aD5,Stephen,Mcdonald,Male,gchristian@example.net,(939)269-3521x609,11/27/2019,Computer games developer
4392,CadF81dD7e6Bb5C,Casey,Yang,Female,jordanwhitehead@example.org,045.570.5953,1/9/1969,Accounting technician
4393,Da226bCf6F0FAae,Whitney,Edwards,Male,hayleytyler@example.net,370-983-7858,8/9/1953,Armed forces training and education officer
4394,FdaFb2A2D1F1Ce9,Brett,Davies,Female,zmartinez@example.org,083.149.8393x21381,6/26/2020,Tourist information centre manager
4395,7F27127D0C77CB1,Antonio,Lowery,Male,melinda50@example.org,755-823-4874x9581,6/3/2004,Newspaper journalist
4396,DA8c8Cda72E5C7E,Christie,Pollard,Female,karenwiggins@example.com,001-916-906-5403,6/28/1971,Legal executive
4397,f7b0e89cB6bF56a,Bryan,Webb,Female,rowlanddalton@example.net,(612)680-4013x48957,4/8/1908,Audiological scientist
4398,A04AB7bdEF2Ed89,Alejandro,Cortez,Female,bill94@example.com,134.104.2869,3/7/1990,Research scientist (medical)
4399,c4267CE6B4001Be,Lacey,Nixon,Female,rlam@example.com,001-252-086-5519x07549,12/7/1967,Proofreader
4400,2AFEECb35F6EB88,Jeanette,Mooney,Male,vernon29@example.net,188.124.5653,3/19/1945,"Engineer, communications"
4401,fb38A06db0Be5fc,Peggy,Gould,Male,austin26@example.com,738-866-7713,7/26/1965,Clinical cytogeneticist
4402,d6763d5B86abc36,Marc,Greer,Male,rhondafloyd@example.org,690-364-2999,3/16/1926,Health and safety inspector
4403,9E0Df4f3FfFf7ae,Briana,Mcmillan,Female,april07@example.com,001-903-864-7090x381,12/14/1955,Broadcast engineer
4404,D4f74273acEAEBF,Judith,Miller,Female,monicashepard@example.org,001-470-411-7624,4/24/1934,Maintenance engineer
4405,B17A791d9427ca6,Robyn,Drake,Female,jocelyn59@example.com,675.796.2888x64633,3/20/1938,Systems analyst
4406,4EFaACd560caCaC,Tiffany,Ochoa,Male,andres64@example.net,(083)712-1425,5/23/2003,Technical brewer
4407,7Cb6cd17cd6a68A,Sandy,Acosta,Male,allisonbryant@example.org,829-005-9819x890,9/18/1944,Ship broker
4408,6BBDbDCFCCCF3Ec,Sydney,Patterson,Male,hurstcarl@example.com,932.668.9252x872,2/29/2000,Personal assistant
4409,1f4b2B52B91FaB4,Kara,Chan,Male,louis44@example.com,+1-201-556-0412x288,11/6/2021,Gaffer
4410,f183DEAbdcB3e84,Kayla,Blackwell,Male,christiemckee@example.org,4660953585,2/7/1913,Manufacturing systems engineer
4411,33b11caA03B29b1,Sue,Fisher,Male,anthonyeverett@example.com,+1-358-331-2844x8486,5/30/1917,Chemical engineer
4412,6cA45B1705D5Df7,Alyssa,Becker,Male,sharpernest@example.org,664.593.1746x35041,12/24/1961,Legal executive
4413,af956611a8Bfd99,Wyatt,Kent,Male,raywalsh@example.net,137-096-8475x2503,10/2/1995,"Therapist, horticultural"
4414,ffb1C4652B21AEE,Brandy,Rios,Male,sextonkristie@example.net,2417627297,6/10/1977,Field trials officer
4415,aaBFf3311855940,Shari,Whitney,Male,tommy11@example.com,001-836-399-6702x9078,12/10/1941,"Nurse, children's"
4416,052F00c9ACABF40,Nicholas,Potter,Female,joan57@example.org,8991285736,1/16/1979,Information officer
4417,d7dc53cfE5da075,Lindsay,Bridges,Male,garrisonsylvia@example.net,179.983.7744,2/27/1957,"Surveyor, land/geomatics"
4418,bcDcdd50f97DeDe,Victor,Andrews,Female,meganpowell@example.net,+1-765-160-0547x932,2/3/1968,Environmental manager
4419,b5B827af5bb690d,Drew,Bishop,Female,omendoza@example.org,3528032015,3/12/1929,Magazine journalist
4420,22c36fEa468eEF2,John,Huff,Female,nbruce@example.net,(296)214-2504,3/1/1990,Water engineer
4421,A4Ce0eBB07E528c,Devon,Padilla,Male,wisehunter@example.org,5497186717,11/4/1973,Pensions consultant
4422,A8168Eefd0aCAd5,Bonnie,Huber,Female,okramer@example.net,001-605-279-2576x78789,7/23/2005,Licensed conveyancer
4423,2fd402c3B023d51,Kristopher,Chung,Male,devonboyle@example.org,855.079.1443x179,2/25/1920,Hospital pharmacist
4424,C60C6fC6ac3c7A1,Eugene,Green,Female,alec23@example.com,875-140-2894,7/24/1947,Marine scientist
4425,a95bEF2B10Dc1Bb,Debbie,Villanueva,Female,howard62@example.org,372578644,10/6/1908,"Accountant, chartered public finance"
4426,Dd2DaDAf61A09B6,Jonathan,Ho,Male,mikayla31@example.net,727.693.6335x789,7/18/1995,"Editor, commissioning"
4427,ECdbC4684c33C0f,Gene,Williamson,Female,jimmy85@example.org,436-030-0833,7/13/2017,Printmaker
4428,EF2Eb298ab24bDC,Lee,Willis,Female,zfields@example.org,+1-085-537-1603x5688,11/12/1984,Warden/ranger
4429,55DBDbd2DaDCE20,Jerry,Krueger,Male,nicoleblackwell@example.net,214.075.7713x7063,8/6/1982,Banker
4430,DEddddF4DDaa21F,Chris,Doyle,Female,angelagill@example.com,001-385-073-5481x0313,10/14/1996,"Engineer, electronics"
4431,f771B89c7648A8B,Traci,Mcneil,Male,ayersjenny@example.com,084.370.4998x90329,2/12/1966,Insurance broker
4432,FcaE101A7FCFE5C,Taylor,Shields,Male,stephanieriddle@example.com,437-573-1401,7/14/1998,Medical physicist
4433,b8eAeda1bB7E1bd,Francis,Blackwell,Male,wlin@example.org,(935)412-4705x6801,2/5/1987,Outdoor activities/education manager
4434,5E1c6fb4d3fF119,Mike,Andrews,Female,barbaravalenzuela@example.net,(746)107-5784x68953,6/18/1992,Occupational hygienist
4435,39AE0cB1EAF58ea,Linda,Kennedy,Male,gfischer@example.com,262.262.2860x697,7/22/1959,"Engineer, manufacturing systems"
4436,C8Fde58EE815D80,Marilyn,Jordan,Female,berryjody@example.com,(035)352-5450x16580,3/17/1946,Product manager
4437,8AFC7E4DD8eccDa,Jenna,Brennan,Female,llynch@example.net,001-775-619-9206x052,8/4/1931,Consulting civil engineer
4438,ab3EA94fcE016d7,Steve,Castaneda,Female,tristan70@example.com,189-604-0042,12/17/1921,Sports development officer
4439,1Bfd18bC7d3cA51,Lawrence,Daniels,Female,donhuff@example.net,+1-272-670-7528x37450,7/10/1999,Call centre manager
4440,58CCb8AC7019e12,Angela,Mcknight,Female,kara46@example.net,384.054.0235x52216,8/17/1971,Advertising account planner
4441,49D892Eef67DaeE,Sara,Lee,Male,omayo@example.net,055.108.6946x36565,1/9/1912,Building control surveyor
4442,cd4AD80B3580081,Joy,Franco,Male,frymorgan@example.com,(243)122-4377,3/11/1957,Counselling psychologist
4443,53edbA46D04a35c,Cynthia,Richards,Male,frobbins@example.net,-10061,4/20/1945,Early years teacher
4444,ca9b504EAEaF0b7,Margaret,Blackburn,Male,qcunningham@example.net,628.814.1758,12/7/1914,Building services engineer
4445,c83fDC3Ef777da2,Anita,Gaines,Male,benglish@example.com,3126873184,3/4/2018,"Therapist, nutritional"
4446,1Caf6CD2E3B57d9,Bianca,Gonzalez,Male,vtorres@example.org,(063)439-3261x068,11/2/1973,Television camera operator
4447,FD7866fE9DaBaDE,Shelley,Romero,Female,autumn32@example.net,001-690-058-3950x4753,4/10/1992,Civil Service fast streamer
4448,bEBeAe6d5cF14cD,Paige,Mcintosh,Female,wandarosales@example.org,4270212894,3/23/1974,Music tutor
4449,3ebeA5CaEeFDAdB,Darren,Boone,Male,kirsten35@example.net,(248)412-1199,10/6/1986,Technical sales engineer
4450,fDFa8F7CF97Fd32,Levi,Hampton,Female,jeffhale@example.net,(078)804-2804,12/9/1929,Financial controller
4451,6B95f0B3ac9Cbff,Donald,Grimes,Female,anaweaver@example.org,001-733-490-0829,12/22/1945,Sports coach
4452,2390d297Db70CEc,Taylor,Carney,Female,arielolson@example.net,001-762-549-1164x8780,5/19/1956,Commissioning editor
4453,7AC87491f7F77aa,Juan,Bautista,Female,becky28@example.com,(303)593-0779x4644,10/2/1934,Amenity horticulturist
4454,e69de2f6C0fb0Af,Belinda,Cooke,Male,kim79@example.net,(289)558-3898x0758,7/20/1916,Medical illustrator
4455,9F551C1fB4d0301,Xavier,Faulkner,Female,rcastillo@example.com,(963)682-7160x1260,11/1/1937,"Engineer, maintenance"
4456,F0ffDaDeBBD6CE8,Isaac,Solis,Male,mike36@example.org,321.595.3132x3015,10/10/1909,Museum/gallery conservator
4457,57a2565D665b3B3,Madeline,Castaneda,Female,warrenbernard@example.com,418.192.5660,1/12/1985,Agricultural consultant
4458,461Ce62ad1c2A52,Kellie,Garrett,Male,brooksellen@example.net,946.794.0409x6900,7/18/1967,Product manager
4459,1E4Ade376b733B3,Justin,Pace,Male,ellen69@example.net,287-508-5259x0409,4/9/1991,Herbalist
4460,2499a777CF4294B,Darius,Torres,Male,chasenavarro@example.org,(772)226-2516x76410,6/23/1936,Pathologist
4461,344b7307e6E27BD,Amanda,Woodward,Female,nsanders@example.net,492.811.3635,11/16/2002,"Geneticist, molecular"
4462,ea2b93BfB540D70,Robert,Bailey,Male,shelleyfrancis@example.org,624750099,4/29/1936,"Surveyor, building control"
4463,52203cCd5aaBc27,Leon,Porter,Male,bvillegas@example.org,001-903-330-7431x22896,6/8/1958,Retail manager
4464,Fc1ce366CCAfc07,Danny,Lester,Male,msimon@example.org,-4951,1/11/1949,Broadcast presenter
4465,Fb2703fCDD2575E,William,Pruitt,Male,jake22@example.net,9291874989,1/4/1968,"Psychologist, occupational"
4466,4742cdFac8d8200,Angelica,Marks,Female,nguyenkayla@example.com,+1-085-780-7333x7908,7/17/2021,Furniture conservator/restorer
4467,b9ea0A212f166fe,Kristi,Moon,Male,mullendanny@example.org,589.754.6657,11/16/1989,Video editor
4468,cbF22A32Efa7cef,Darrell,Lawrence,Male,ana01@example.net,452-808-1161x92091,11/12/1985,Control and instrumentation engineer
4469,9Fef6bD8a061C7d,Timothy,Estrada,Female,mhale@example.net,947-624-3639x2550,1/2/1909,Animator
4470,dA54eD4fcaFbBC5,Meredith,Gallegos,Male,nlandry@example.com,516-121-1376x1958,7/6/1979,Advertising art director
4471,31BEA2DBaa442FB,Ellen,Barr,Male,jnorman@example.org,795-473-4920x344,9/1/2017,Museum/gallery exhibitions officer
4472,be5Fd1366b22AcC,Samantha,Key,Female,justin18@example.com,-9889,12/16/1945,Air cabin crew
4473,D468DFF848221Ec,Katelyn,Lane,Female,middletonfrank@example.org,(226)046-8089x584,1/3/1996,Soil scientist
4474,B4F0E2adD2DaF2F,Andres,Pope,Female,donovantamara@example.com,443-995-6137,7/12/1950,Technical author
4475,ac1FcC3Dc5177Dd,Zoe,Landry,Male,summeraustin@example.net,001-226-718-4696x98567,5/17/1908,"Designer, furniture"
4476,F40ee44d0b8ebec,Melvin,Benson,Male,craigatkinson@example.org,+1-907-324-3549x465,7/3/1979,Television production assistant
4477,2842ad90Bb0F78C,Nina,Gates,Male,wsimon@example.org,001-777-730-8481x075,8/5/2005,Textile designer
4478,BEB2D5eE7eDB8b7,James,Barr,Female,traci64@example.com,836.044.6599,2/4/2009,Civil Service fast streamer
4479,EDe73ec87D6E29D,Jonathan,Diaz,Male,stacie61@example.org,001-686-650-0697,8/15/2019,Sports therapist
4480,a7bc3e9aAB7e560,Tammie,Huffman,Female,jeff65@example.com,001-512-046-0156x450,8/5/1964,Research scientist (physical sciences)
4481,e40bf52A2c2CDCF,Monica,Barton,Male,sandrabautista@example.org,(223)472-4183,2/27/2007,Hospital doctor
4482,bb1b7c7CF2Ee118,Shirley,Tanner,Female,zdyer@example.org,-7709,4/15/1959,Associate Professor
4483,aece257EBD8eC9A,Luis,Ramos,Male,jwatkins@example.org,001-468-641-2317,8/13/1953,"Education officer, environmental"
4484,93aD9bb2BbF25fB,Alvin,Acosta,Male,debbiesparks@example.org,5854553639,12/21/2005,Automotive engineer
4485,5D9Ba7cb85EE0e1,Charlene,Franklin,Female,morganchambers@example.com,001-060-926-7959x264,6/2/1943,Broadcast journalist
4486,A5Ae090e68Eb2EA,Sergio,Price,Female,uflynn@example.com,039-485-0309x12548,10/22/1912,Media planner
4487,240cA061252A9AF,Cesar,Nolan,Male,rpatton@example.org,291-052-5089x962,11/20/2010,"Scientist, product/process development"
4488,c83bC49c6B513d9,Blake,Olson,Male,dmalone@example.org,948.609.6243,2/20/1951,Landscape architect
4489,c96471cfEf3ff5d,Johnathan,Mckay,Male,dhurley@example.net,9669517268,5/25/1951,"Teacher, secondary school"
4490,4D1B70c0F8B90fB,Christie,Ryan,Female,sierra89@example.org,968-179-8831x93620,11/8/1945,Operational investment banker
4491,Cab0CAc9674BFAD,Felicia,Nolan,Female,christie59@example.org,+1-643-383-9230x74536,9/27/1907,Chief of Staff
4492,DBdc4f7fCB9dd22,Beth,Esparza,Female,sara87@example.org,2744411859,7/6/1992,Travel agency manager
4493,2342D9FE989416a,Katrina,Reyes,Male,uflowers@example.net,001-475-084-3380x5738,4/2/1952,Armed forces training and education officer
4494,22EF63bd2cad9f5,Sergio,Lutz,Female,martharogers@example.com,9692773576,2/7/1962,"Education officer, museum"
4495,eC5dE56b73C8BcF,Claire,Gay,Female,john81@example.net,292.275.7168,4/2/1912,Materials engineer
4496,Fcc8CE91E3FAD88,Heather,Schneider,Male,marcusyoder@example.com,5087249260,1/20/2015,Financial manager
4497,1ae6dff23579fB6,Marvin,Tanner,Female,dianalambert@example.com,+1-277-859-6663x4491,5/13/1968,Sub
4498,eb7fa548a5BEcD2,Hector,Gilbert,Female,perkinsfrancis@example.org,001-005-416-7652x8723,3/11/2000,Field trials officer
4499,E131dAE30bE01BE,Ashlee,Gallagher,Male,gordon52@example.net,635-029-2141x795,2/7/1923,Sports coach
4500,08404e3BA784e2D,Alvin,Robbins,Male,nicholsonleslie@example.org,-2291,4/10/1921,"Doctor, hospital"
4501,fEdeA1D1DbDdD3c,Kimberly,Cannon,Female,coffeysuzanne@example.com,744-821-0869x3549,1/28/1961,Higher education careers adviser
4502,7daF83d23C3acdE,Marcia,Solis,Female,rcharles@example.org,(239)593-5070,2/16/2011,English as a second language teacher
4503,D7adFbbCE6Caedb,Wanda,Mccullough,Male,wallskirsten@example.net,777.503.3024x0038,5/2/2001,Broadcast engineer
4504,Cc78Fa4B78Bad90,Teresa,Kim,Male,kellie83@example.org,001-742-618-6166x87334,11/2/2009,"Psychologist, clinical"
4505,e1bEFDb6F4884E9,Mariah,Patton,Male,tiffany73@example.org,9560522297,7/2/1982,"Administrator, local government"
4506,d9F06941a17c360,Evelyn,Harvey,Male,tphelps@example.com,+1-914-974-1244x45880,6/16/1979,Community pharmacist
4507,1C16C7eAFdFB5df,Bianca,Acosta,Female,paigeshaffer@example.net,001-882-584-8470x66184,2/16/1929,Actor
4508,005EfB423F8B024,Brianna,Matthews,Female,hesterpeggy@example.net,(101)605-7309,7/16/1995,Barista
4509,217B01AeaB4a9e6,Pamela,Velazquez,Male,frankmakayla@example.net,(556)466-4217x997,7/20/1912,Trading standards officer
4510,Fc452ac26BAdDB7,Kristen,Mooney,Female,shari47@example.com,971.076.8769,3/28/1970,"Therapist, horticultural"
4511,CD23fE9d1e1f1Fb,Mark,Kline,Female,tmurphy@example.org,478-782-6768,6/24/1997,Multimedia programmer
4512,57c8B3eD4C09DE5,Jillian,Newton,Female,jackdonovan@example.com,+1-708-797-3417x148,1/25/1953,Chartered public finance accountant
4513,D2F08eFF51DAa50,Joe,Taylor,Female,gabrielpadilla@example.net,3428839268,3/23/1908,Health visitor
4514,64Fb8baEc958bDe,Cole,Kline,Male,bensoncraig@example.net,-6371,2/27/1969,"Administrator, charities/voluntary organisations"
4515,fFD223Edb5BEeed,Noah,Mccarthy,Female,kaitlynwoodward@example.org,+1-023-664-0549x18054,7/21/1943,Facilities manager
4516,bf9d05081bb3b51,Helen,Key,Male,sbraun@example.org,001-126-778-7454x3055,8/5/2005,Broadcast engineer
4517,c5aE959bC7783f2,Judith,Hicks,Male,chelsea61@example.net,001-524-293-7244,6/16/2011,Science writer
4518,a7B7ADed8EBFF6E,Evelyn,Jordan,Male,nixonnicholas@example.com,888.110.6126x061,10/25/1973,Contractor
4519,01e173f1733f93b,Vernon,Marquez,Female,glendashelton@example.net,001-536-549-3542x3739,9/14/2008,"Engineer, drilling"
4520,1a1CaDe6E74D4c5,Edgar,Shannon,Female,kylewarner@example.net,001-243-982-4345x455,5/27/1984,Legal executive
4521,eeFD912b1e92AE5,Gregory,York,Female,nicholemccullough@example.org,375-195-9737x1682,12/2/1997,Pensions consultant
4522,68a93bFfaaDa72D,Betty,Ochoa,Female,robinstephens@example.net,134-565-4588x256,5/12/1973,"Administrator, Civil Service"
4523,cFB3e2846a8Cb01,Drew,Mccormick,Female,holmesterri@example.net,001-026-972-6209,10/18/1997,"Therapist, nutritional"
4524,47E690D357BDA4B,Ricardo,Phelps,Female,spencerrojas@example.com,001-021-605-6783x9777,10/21/1913,Holiday representative
4525,F4d9fC12Ef51AC1,Xavier,Cameron,Female,timothyrios@example.net,976-986-3169x71002,5/31/1906,"Programmer, applications"
4526,d1052AB6a2ecFa7,Carolyn,Baird,Male,chaneyian@example.net,123-379-6611x079,9/16/1991,"Administrator, charities/voluntary organisations"
4527,Dcd04fA0E5d4BE4,Lindsey,Hart,Female,jeremiah76@example.com,(267)751-0054x03451,6/3/1941,Software engineer
4528,84Be03Fa4549dFa,Victoria,Anderson,Female,lance54@example.com,+1-838-830-6602x760,11/14/1989,International aid/development worker
4529,AF6bEe8bAEFdE17,Jeffrey,Day,Male,jeremy47@example.org,008.584.1087,3/2/2005,Technical brewer
4530,f1dE08bD5baC4bD,Yvette,Carney,Female,kanegilbert@example.net,954-292-7029x343,9/22/1949,Copy
4531,DdE9CE1f18c6c76,Cheryl,Jennings,Male,earl20@example.com,(764)241-2317x9268,11/26/1959,Sport and exercise psychologist
4532,D77BFa7c7400D30,Sophia,Wiggins,Male,hlevy@example.com,834.680.3154,3/29/2018,Trade mark attorney
4533,2A9F92cbD51d9a2,Sonya,Christensen,Female,tyoung@example.com,(680)649-1895,8/20/1906,Archivist
4534,E9bb4092b224548,Ernest,Spence,Female,michaelatran@example.net,+1-455-472-6285x7967,11/6/1937,"Scientist, research (maths)"
4535,1CCb2E7BCA6FDcf,Matthew,Cameron,Male,wmoses@example.net,325-839-4545x15018,2/5/1925,"Sales professional, IT"
4536,810d0Db8eA601CA,Kiara,Cruz,Male,lmullen@example.net,+1-763-960-1704x45736,2/9/1968,Tourism officer
4537,a329bAbc2E43630,Loretta,Bowen,Female,bradyaguirre@example.net,+1-089-396-2316x789,11/18/1929,Records manager
4538,C63Db54fa4EADA9,Shane,Sexton,Male,sue57@example.com,9033961930,3/16/1964,"Surveyor, insurance"
4539,688e6Bb8CB59Fa3,Toni,Welch,Male,vboyer@example.net,213-210-9679,10/25/1977,Exercise physiologist
4540,b7F3A7fC0E55b02,Kristi,Hudson,Female,ann57@example.com,8046320853,10/4/1987,Historic buildings inspector/conservation officer
4541,eBc7AEa4C52Ad38,Becky,Compton,Female,pamcowan@example.org,2482250614,9/7/1946,"Scientist, research (medical)"
4542,ECf03EdB44Ae0Aa,Hayley,Patel,Male,sabrinaberry@example.com,+1-934-165-2942x45218,8/17/1954,Diplomatic Services operational officer
4543,EEAb1ECa48a390A,Priscilla,Yoder,Female,cheyennecrosby@example.org,271.663.9037x29045,3/6/2008,"Doctor, general practice"
4544,D0e30BF91d3Cd4c,Brandon,Wall,Male,lblake@example.com,494.311.1510,8/4/1979,Public librarian
4545,D14CBAadFD3fFAc,Renee,Simpson,Female,michaelameadows@example.com,(712)606-5863x1053,12/23/1972,Tree surgeon
4546,c13a2F4fb8f4c0d,Pedro,Merritt,Female,gabrielaweeks@example.com,(746)035-4408x554,6/26/1971,"Doctor, general practice"
4547,DbD9D1d6Fdd1E82,Garrett,Andrade,Male,xmadden@example.org,2588460237,4/2/1993,"Producer, radio"
4548,Dbd580bba10Bd80,Kristi,Ponce,Male,heidi29@example.net,574.503.7216x98850,12/4/1963,Public relations account executive
4549,3ceBCFc124a0C58,Amanda,Wilcox,Male,wallpaul@example.com,+1-720-884-5601x291,9/22/1909,Theatre manager
4550,aFC054c155cA01c,Ronnie,Munoz,Male,connercassie@example.org,+1-944-052-0537x412,1/2/1968,"Production designer, theatre/television/film"
4551,699a3D9Cbb92a7B,Monica,Bird,Male,cunninghamandrea@example.org,001-119-739-2493x0528,10/24/1986,"Programme researcher, broadcasting/film/video"
4552,21ff61C41Ad1f7d,Ronnie,Greer,Male,bethbryan@example.org,001-236-499-8738x889,4/8/1911,Energy engineer
4553,9f2ABb7552e47b7,Collin,Mccormick,Male,logandaugherty@example.com,474.883.4153x338,9/10/1944,"Therapist, drama"
4554,6ea2Ab2EB674AAa,Hannah,Huerta,Female,clayton45@example.net,(111)659-4487,10/6/2017,Occupational therapist
4555,AE210BDAaFCDA17,Dwayne,Murphy,Female,veronica31@example.net,001-290-671-8862x6269,12/4/1943,"Accountant, chartered public finance"
4556,Db8DA80319020Df,Megan,Carlson,Male,cmason@example.org,-1527,4/7/1928,Fast food restaurant manager
4557,f3acCa75eCAaD6C,Jaclyn,Silva,Female,caseysingleton@example.org,(604)483-8680,12/12/1953,Politician's assistant
4558,f6dD7B1bE6B4a54,Benjamin,Madden,Female,vazquezvictoria@example.org,+1-370-258-4971x3309,3/5/1930,Exhibition designer
4559,fAB13ea33aFA62A,Susan,Farmer,Female,xgarcia@example.org,230-884-1423x5383,2/19/1940,Copy
4560,AE0BE8ff8f7933B,Jeanne,Joseph,Female,pamcolon@example.org,001-652-894-4196,6/13/1926,"Engineer, building services"
4561,3Fbdf478dCc9a7b,Ebony,Weber,Female,makaylabarajas@example.net,(487)053-9629,2/25/1920,"Production assistant, radio"
4562,C4C2Fa4Cf80F44e,Selena,Mills,Male,deanna33@example.org,5074754630,5/1/1967,Dietitian
4563,EDecC3eF23484dc,Dean,Moreno,Female,oleon@example.com,(892)009-7895,5/5/2022,Planning and development surveyor
4564,A3cD2De4ab690A2,Kari,Cole,Male,cordovajason@example.com,+1-540-980-6966x564,7/1/1917,Television floor manager
4565,F3cc8D91a5aAd85,Eddie,Friedman,Male,homaureen@example.com,849-289-2777x42016,10/3/1923,"Therapist, horticultural"
4566,a89F728FaFaacc3,Bailey,Ochoa,Male,monica83@example.org,830.317.7497x0006,3/18/2019,Race relations officer
4567,4815221D8E33806,Carly,Carney,Male,kunderwood@example.com,541.211.6755x47577,3/28/1966,Chief Executive Officer
4568,0Cf9ceEACbb02d2,Hayley,Mejia,Male,garzaaustin@example.net,531-103-6400x4873,9/18/1996,Structural engineer
4569,5e40531C9d91DC7,Bridget,Irwin,Male,kfrank@example.com,(923)878-1041,5/2/2006,"Therapist, occupational"
4570,92d564E1B2E1B8E,Alejandra,Petersen,Male,yuandrea@example.net,(355)957-9967x22623,9/30/1973,Financial risk analyst
4571,6Af8ab48d24EC60,Geoffrey,Faulkner,Female,katherinecoleman@example.com,+1-237-137-7637x114,1/18/2016,Mental health nurse
4572,E2C114AAE35fBdd,Peggy,Morales,Male,ncombs@example.org,197.663.4750,2/4/2004,Location manager
4573,F8Bf7FFfC4B6Bb9,Haley,Reynolds,Male,charlottezuniga@example.net,490-076-6735x01465,7/1/1984,"Engineer, civil (contracting)"
4574,Df630DeBFFCeD4E,Lee,Farley,Male,laurenallen@example.com,(255)390-0883x42208,10/24/1973,Clinical cytogeneticist
4575,6BD5c846a08A9F9,Johnathan,Davies,Male,genebenson@example.com,+1-973-757-8265x06894,3/10/2012,Advice worker
4576,fe3DBba03A8aeE4,Alexandria,Schroeder,Male,ariasharold@example.net,933.887.3349,8/28/2009,"Production assistant, television"
4577,f04C63b45aEa94B,Rick,Osborn,Female,rosechristina@example.com,(204)344-9002x3502,12/9/2006,"Horticulturist, commercial"
4578,0d7F90f2c2DB06e,Terrence,Oliver,Female,opowell@example.org,(999)719-4093,3/13/1968,"Engineer, communications"
4579,9ca1B13172Fe55E,Joyce,Morales,Male,jaimecross@example.org,577.308.5079,11/4/2005,Minerals surveyor
4580,ab4472416BF37da,Renee,Craig,Male,preilly@example.net,001-283-606-3053x253,5/18/2008,"Exhibitions officer, museum/gallery"
4581,5b08AAD0Be3f03a,Patrick,Hopkins,Male,hzimmerman@example.net,791-713-5735x221,3/8/2018,Diagnostic radiographer
4582,cfb02Df8f0d9fDf,Christie,Yu,Male,meredithkey@example.org,001-873-877-3096,1/13/1909,"Secretary, company"
4583,675c8D9dCBB7aFB,Savannah,Frazier,Female,caitlin15@example.com,586-711-8838,4/28/1965,Optometrist
4584,Cdc633BeC8ab45f,Gabrielle,Reese,Female,fjoseph@example.org,-7335,12/1/2014,"Surveyor, hydrographic"
4585,abedeaFDcDbd85B,Jill,Johnson,Male,norman23@example.com,+1-449-413-4440x5244,12/10/1946,English as a second language teacher
4586,9bA17bB645075bC,Elaine,Riddle,Female,mcase@example.org,629.343.4676,5/23/1997,Clinical molecular geneticist
4587,DA7Bc9ABfFFab0A,Marcus,Villarreal,Female,bwolf@example.com,(833)058-1485x24844,3/8/1958,"Civil engineer, consulting"
4588,FFBBdcE31fbaBe1,Tina,Goodwin,Female,bpotter@example.net,880-659-2584x19332,6/14/1960,Television/film/video producer
4589,2480e89c97c3cFD,Beth,Logan,Male,manuelkennedy@example.com,(931)315-0624x565,8/22/1912,Audiological scientist
4590,Ca80DcCEAa79dfF,Nichole,Barajas,Male,floydlinda@example.net,892-183-0528x97407,10/14/2010,Advertising copywriter
4591,DCDCa1d78905E29,Kelsey,Galvan,Male,paula19@example.org,9726827560,2/7/1935,Copy
4592,3fabA8AE2bbDCAb,Russell,Bautista,Female,danagarcia@example.net,+1-844-485-1917x043,4/22/1950,Dance movement psychotherapist
4593,59F8Aa7d5a8F52f,Michelle,Wu,Female,mooneychristy@example.org,337-253-3371,8/25/1962,Hydrogeologist
4594,4f4Bd6e69Dfe42B,Nicholas,Villanueva,Female,stefaniesnyder@example.com,+1-427-745-8841x88189,3/21/1980,Hydrographic surveyor
4595,4B2fC04f85dba8a,Victoria,Zuniga,Male,mcdanieljo@example.com,918.610.5012x8973,5/15/1907,Hydrologist
4596,89EBdc0b2ef5C7E,Connie,Patrick,Male,jli@example.net,001-096-032-1326x21561,9/15/2009,Petroleum engineer
4597,ebbDB36E9DB66A2,Tracey,Solis,Male,kari02@example.net,(659)962-0907,12/5/1982,Clinical biochemist
4598,Ab53c7FAf05d0BD,Wayne,Hendricks,Female,caleb57@example.org,-8258,10/7/1993,Materials engineer
4599,2324fAF5a2FA7d8,Cindy,Mckay,Female,wkaufman@example.org,-1516,10/29/1961,Interior and spatial designer
4600,E1AaF7EC7Ea169D,Ebony,Friedman,Male,ztravis@example.com,753-151-6716x064,10/20/1916,Claims inspector/assessor
4601,2fdcfbC1AC00C4D,Lydia,Rios,Female,lmontes@example.net,-1529,7/14/1961,Radio producer
4602,BBcFBA6Ac43DDB6,Phyllis,Dominguez,Male,figueroabobby@example.net,+1-311-029-5731x8209,4/7/1939,"Research officer, trade union"
4603,eA9CEb17A12dccc,Jerry,Jordan,Female,shall@example.net,+1-472-606-4588x611,7/11/1919,"Engineer, structural"
4604,C6aFAd4fDCa6aF7,Mandy,Keith,Male,khamilton@example.com,(549)879-0448x486,12/7/1959,Occupational hygienist
4605,27f1C90B477f5c3,Cynthia,Hawkins,Male,caseykendra@example.org,773-544-5031x480,6/15/1966,Haematologist
4606,d2F4E22bfd2cdC4,Don,Nixon,Female,savagemorgan@example.com,001-974-960-0358x7914,7/4/1916,Arts development officer
4607,1bbA3356aC15cCb,Gina,Velazquez,Female,fordkevin@example.org,(898)690-0208,10/17/1954,"Designer, industrial/product"
4608,e10062cD93Dfdd3,Yolanda,Salinas,Female,whitakershannon@example.com,(812)643-9247x632,5/22/1924,"Engineer, energy"
4609,fafb19a4C55dBF2,Colleen,Tapia,Female,warren34@example.org,492.849.0488,1/6/1918,Veterinary surgeon
4610,4fF711c2Fc25306,Theresa,Nelson,Female,vshah@example.com,(038)864-4011,10/16/1992,"Administrator, arts"
4611,8761bDDdBD4AfDE,Shane,Perry,Female,paulasharp@example.net,+1-162-129-4974x3515,3/12/1976,"Buyer, industrial"
4612,6B2fd092bd59eF3,Andres,Palmer,Male,fostershari@example.org,862.335.1600,5/3/1992,Ecologist
4613,082CcEc2B37D1F5,Jocelyn,Campbell,Female,mcguirestacey@example.com,(333)408-8004x5772,5/15/2016,"Buyer, retail"
4614,86Aa7af58309a6B,Kimberly,Hendricks,Female,bankskathy@example.org,2909364539,5/10/2020,General practice doctor
4615,A66e9Ed9bEeCca6,Richard,Mccormick,Female,robertomora@example.com,501.628.2739,6/9/1957,Systems analyst
4616,9De83f83764Ec56,Blake,Duran,Female,cmassey@example.org,327.905.0182x200,9/10/1958,"Programmer, applications"
4617,4d224a34FbC4946,Jenna,Nunez,Male,parker51@example.org,080.821.3748,7/20/2002,"Scientist, biomedical"
4618,1B21E30BBdB1756,Desiree,Parsons,Male,gina45@example.org,(887)269-6143,10/13/1958,Information systems manager
4619,ef8d1E0119FEAf1,Gilbert,Brewer,Female,lancehuffman@example.org,001-884-594-5677,2/3/1917,Garment/textile technologist
4620,1caeb29eA80c5D4,Norma,Galloway,Male,dunlapleah@example.com,(403)897-5367x3563,7/24/1950,Event organiser
4621,2a1cA89eAb893B8,Cassandra,Ashley,Male,lancenelson@example.org,032-070-2212x859,11/10/1960,Geophysicist/field seismologist
4622,C039ccf54a0Ccbd,Hannah,Haley,Female,bford@example.com,+1-242-667-1066x85352,5/27/2014,"Surveyor, minerals"
4623,eBCc7a35Ca78b2d,Kayla,Terry,Male,edwardssara@example.org,+1-770-575-3103x74676,1/27/1935,"Engineer, maintenance (IT)"
4624,d5f2E5495E6bF87,Ray,Oneal,Male,hunterolsen@example.org,+1-041-576-6560x594,9/11/2014,Corporate treasurer
4625,Afed34BBce4c2cF,Jon,Montgomery,Female,livingstonsheryl@example.org,001-309-133-4569,10/13/1965,Microbiologist
4626,900071DB0f9f6cE,Kyle,Colon,Female,uchase@example.net,001-550-002-1943,10/24/1977,"Administrator, Civil Service"
4627,cD7af7eBe32d05F,Tanya,Love,Female,rhuff@example.com,698.012.2315,2/10/2013,"Social research officer, government"
4628,3c46167b5312f47,Sergio,Osborne,Male,beckernina@example.net,9177881136,6/3/1987,Photographer
4629,27CF63aD73a5c9E,Duane,Dunn,Male,pittmanjustin@example.com,887-124-3503x2071,8/28/2002,"Conservation officer, historic buildings"
4630,001F60b8dbFC4bc,Collin,Jefferson,Female,ahooper@example.org,7674630927,8/31/1943,"Conservation officer, historic buildings"
4631,b8Ddd80Cb25dcB7,Jaclyn,Gardner,Male,barbara20@example.net,(298)167-8706x42034,9/20/2000,"Engineer, drilling"
4632,DDa033a2EBD7cEf,Megan,Carrillo,Male,vboyer@example.org,535.987.8818x1158,6/25/1984,"Doctor, hospital"
4633,8E61Cc6afc6dbeF,Eileen,Fry,Female,alexandria52@example.com,595-830-5926,11/19/1965,"Engineer, electrical"
4634,39F4bAd2a0F61BF,Geoffrey,Marquez,Male,lfoley@example.org,724.672.2566x1767,6/8/1907,Geoscientist
4635,6292bE36d5f7ECA,Shawna,Hopkins,Male,riverapatricia@example.net,410-070-2627,1/24/1969,Energy engineer
4636,D9Bfe274f85cA52,Isaac,Larsen,Female,vincentelaine@example.net,001-050-784-4050x672,12/28/1951,"Development worker, community"
4637,eF444884DEEC3Fe,Willie,Austin,Female,torresgordon@example.net,001-695-340-0382x73868,12/3/1977,Accounting technician
4638,F60a12C323e6c6F,Kristine,Carter,Male,gloria26@example.org,3329007685,11/27/2016,Health physicist
4639,cd55d59EaE6Ce0a,Stacy,Cross,Male,greggvillanueva@example.net,823-130-5287x6008,8/2/2004,Retail merchandiser
4640,Be9Aa22be1E7F29,Glenda,Donaldson,Female,gbenjamin@example.com,(664)482-9462,8/6/2018,Pension scheme manager
4641,d52e30dB2d1d5D9,Jerry,Cisneros,Male,adkinsjean@example.com,9729472382,6/30/1906,Electronics engineer
4642,69B3f75DEaDd7b3,Claudia,Myers,Female,brendan13@example.net,223-977-0298x7228,6/27/1973,"Geologist, wellsite"
4643,40aB48291f59b44,Andres,Butler,Female,virginia65@example.org,808.013.4859,6/16/1976,Psychiatrist
4644,B1bAe4BC8C5ef68,Bonnie,Guerra,Female,dylanmendoza@example.org,001-421-220-7178x3054,6/11/1951,Writer
4645,73a4eFf5DcacB62,Andrea,Ewing,Male,josephkatherine@example.net,(888)736-8572x64023,3/4/1988,"Engineer, manufacturing"
4646,beBc077c2126DFB,Lauren,Cooke,Male,lindsey42@example.com,827-332-5176,4/5/1990,"Social research officer, government"
4647,ce82637Ff58ce8b,Angelica,Ortega,Female,deansheppard@example.com,070-130-9768,10/7/1981,Retail manager
4648,A11738F0e90D71E,Gregory,Key,Female,dorothymendez@example.org,+1-489-506-3020x6009,4/3/1908,"Designer, interior/spatial"
4649,a4e5ce5ec29CEf4,Fred,Gaines,Male,deborah55@example.org,+1-233-489-5346x19959,1/10/2000,Chemical engineer
4650,824D6Dc3ABabDf6,Marvin,Leonard,Male,greereric@example.com,324-970-2273,5/12/1951,Communications engineer
4651,bca1D15D47Edb55,Drew,Perry,Female,lkemp@example.com,5504220442,11/28/1959,"Engineer, control and instrumentation"
4652,2C1D9daFEab6AD3,Leon,Schaefer,Female,dominic92@example.com,(211)958-8886x8497,9/26/2020,"Clinical scientist, histocompatibility and immunogenetics"
4653,3ed852650Db4FeA,Tanya,Vincent,Female,holdenkathryn@example.com,2658527422,4/20/1983,Product manager
4654,a52Cbdb2F3c3B3f,Kayla,Calderon,Male,gmills@example.org,759.090.3074x2165,6/11/1926,"Administrator, arts"
4655,D7767Edc82Bb3B3,Edward,Phelps,Female,paigerobinson@example.net,(334)833-7899x66581,7/9/1954,Glass blower/designer
4656,1eA439FdF3E1B22,Darryl,Benton,Male,robynrich@example.com,166-054-1455x29700,3/22/1948,"Psychologist, prison and probation services"
4657,51cF9BD0C3a61fb,Tim,Kennedy,Male,omargarza@example.com,122.174.8997,6/22/1985,Maintenance engineer
4658,91Aa5B3A58dD960,Maureen,Perez,Male,asullivan@example.org,3886801216,4/5/1995,Actuary
4659,7c15f72d5dBcDb7,Colin,Bonilla,Female,derrickmorrow@example.net,563-858-2108x4618,11/16/2004,Aeronautical engineer
4660,9adcACFa3d8EC7b,Theresa,Pugh,Male,annettesavage@example.com,001-962-569-9403x66405,1/29/1934,Paediatric nurse
4661,1708d8fC4e33EC1,Eileen,Brewer,Male,bergerbob@example.com,1966305113,6/1/1975,Clinical embryologist
4662,810Ee4e065EBEb8,Rebecca,Cunningham,Female,francis83@example.org,+1-744-527-8175x979,9/1/1911,"Engineer, technical sales"
4663,dEA13db977981Ac,Megan,Buchanan,Female,miguel00@example.net,001-966-126-1056x900,9/21/1961,Advice worker
4664,2406f460b0D6F1A,Lance,Dean,Male,dave48@example.net,3217716480,11/6/2007,"Geologist, wellsite"
4665,dcC5B9373dA06Ee,Jonathan,Bolton,Female,juliedean@example.net,+1-796-917-5081x433,6/17/1970,Television production assistant
4666,a9C7AEdDE8Bee42,Vernon,Swanson,Male,riggsdylan@example.org,(538)511-9485x56215,5/18/1992,Tourism officer
4667,d01bBAFe026E086,Tina,Durham,Male,bobby14@example.org,001-574-653-8617x661,11/23/1964,"Accountant, chartered public finance"
4668,AffD36cFED3DBb6,Bruce,Bush,Female,kaufmanhaley@example.org,(242)679-9982,3/13/1934,Field trials officer
4669,FC7Fe9f1DACAeD8,Mariah,Hayes,Female,kristinwells@example.net,(517)574-0956,4/7/1935,Best boy
4670,c66bBa70fE8A2bF,Elijah,Conrad,Female,doughertykayla@example.net,892.640.6517,3/28/1925,Musician
4671,D32DFa4E0ee6CEe,Timothy,Green,Female,charlene81@example.org,859-220-9748,2/26/2001,Warehouse manager
4672,27a670bCDab092c,Jackie,Hopkins,Male,csantiago@example.net,(857)689-2047,10/25/1907,Television camera operator
4673,C1B9BDae3C7EFbE,Bobby,Oliver,Female,laurenbarajas@example.com,-10387,1/5/1925,"Therapist, music"
4674,D7FEc1ea43cC36D,Nathan,Shaw,Female,shelleygates@example.org,001-882-284-0614x2653,11/10/2013,Facilities manager
4675,7DcEf2ddbfAe943,Becky,Andrews,Male,pconley@example.net,+1-944-505-2449x88579,11/11/2009,Proofreader
4676,bfcACDb7e8aF2e9,Stanley,Zavala,Female,waltonroy@example.org,245-712-4401x96431,2/25/1955,Operational investment banker
4677,C5f813B28Ba221e,Garrett,Cummings,Female,travis43@example.org,(462)034-7726x7080,5/3/2008,"Therapist, music"
4678,dF0C56fc1C6737c,Debbie,Sampson,Male,alvaradonatasha@example.net,107-133-4932,9/16/1991,Fisheries officer
4679,8E0ab82BAFAfDFA,Carol,Yang,Male,jeremiah51@example.org,(313)706-3718,10/7/1939,Data processing manager
4680,86155804462AD29,Melody,Freeman,Male,brendan43@example.com,161.726.8044x96561,6/14/1909,IT sales professional
4681,608DFAdEdEbF6Fa,Mary,Andrews,Male,william68@example.com,+1-502-163-7277x3913,6/22/1954,Rural practice surveyor
4682,deA1eF2a9FAfB7A,Jeremiah,Torres,Male,wallaudrey@example.org,-4573,7/1/1932,Health and safety inspector
4683,aEc023f6d2a1DE5,Mathew,Cuevas,Male,guy25@example.org,+1-705-912-8138x4132,3/19/1940,"Programmer, multimedia"
4684,4EAffac38cd4e94,Logan,Chambers,Male,akim@example.org,(572)159-9025,8/24/2007,Hotel manager
4685,ad7fdea2CFfdeB2,Brian,Blackwell,Male,nicoleblackburn@example.org,(193)169-4806,11/28/1978,Manufacturing systems engineer
4686,aa299b189ceFe76,Greg,Carpenter,Female,joycejensen@example.org,001-667-905-9658x8205,4/16/1981,"Engineer, materials"
4687,2c8a4f8FF4dFB20,Kaitlin,Gamble,Male,spencer91@example.net,171-918-0320x4547,3/16/2007,Training and development officer
4688,AA0fbE431E7dBC5,Katrina,Burke,Female,loweryisaiah@example.net,001-812-642-9130x17454,5/20/1976,"Scientist, forensic"
4689,8bf7b4e54eFca1a,Gene,Byrd,Male,richardcabrera@example.com,2417392330,7/21/2020,Tax inspector
4690,Db41cBed9DBe2A0,Bryan,Martinez,Male,nunezdiamond@example.com,(956)477-0651,11/23/1951,Chartered public finance accountant
4691,0ecbfe290Ee7cb8,Alex,Rivas,Female,miguelvalencia@example.com,981.215.3365x5027,1/26/1997,"Scientist, water quality"
4692,4c2Db7a0A7af8a6,Morgan,Ortiz,Female,tduran@example.org,025-145-0931,7/2/1999,"Engineer, mining"
4693,4cBCAb8d783f96f,Christopher,Shaffer,Female,zunigasherri@example.com,(924)505-5411x567,7/5/2001,Control and instrumentation engineer
4694,588DDb00203782A,Alexandra,Blackwell,Female,diamond27@example.org,108-779-5519,5/20/2008,Network engineer
4695,Ef8446Abb6E63EB,Sherry,Castro,Female,rmercado@example.net,001-428-704-7015x26204,7/3/1946,Naval architect
4696,7baEA280f1Ab3cd,Karina,Moreno,Male,vaughanmeredith@example.net,538.908.3755,10/18/2004,Trading standards officer
4697,Cccc0330Ede1d80,Stuart,Hutchinson,Male,jonathanwade@example.com,609.659.6729,8/25/1998,Public affairs consultant
4698,DC6F46eeB9f9693,Katie,Wong,Male,sergiohardy@example.org,690-169-6192x111,6/6/1999,Tree surgeon
4699,Abc646ccE90E6AF,Marissa,Holt,Male,pgaines@example.org,934-438-1261x922,11/15/1945,"Investment banker, operational"
4700,aFc2dc8D6DbfE82,Leslie,Chandler,Male,wigginstanner@example.com,389-894-7717,11/18/1914,Engineering geologist
4701,De4261Ec8da3D5D,Leroy,Montes,Male,debbie27@example.com,(880)793-8156,4/20/2008,Chief Financial Officer
4702,7BF65Ab5DaDcf85,Jeff,Clarke,Female,nina46@example.org,818.308.9466x2499,5/14/1979,Art gallery manager
4703,DAbA3E5a6e272A4,Eddie,Newman,Female,faithshea@example.com,504.328.4476x32479,12/13/1942,Chief Marketing Officer
4704,ec317Ebfce6bCdc,Rose,Roth,Male,jbarrett@example.net,+1-621-921-9614x4985,3/3/1996,Financial controller
4705,a24063E4dA8Eb97,Annette,Burns,Male,hbryan@example.org,908.311.3124,10/4/1935,Computer games developer
4706,DEf92d04fCFDCBb,Theresa,Rose,Female,hardygerald@example.org,001-408-380-6818x0905,3/19/1992,"Accountant, chartered"
4707,e395347dA6FAb30,Tracey,Wright,Male,wilsonroy@example.org,805.373.1501,2/27/1956,Public affairs consultant
4708,3d9Fb2B3ECf4dd6,Alec,Serrano,Female,kristylittle@example.com,133.781.0915x8413,11/23/1967,Operations geologist
4709,faaFCdf81daaA7B,Grace,Hodge,Male,hensleydarlene@example.com,202.302.1666x65030,4/27/2020,Learning mentor
4710,2BB2D0a8a8d626d,Micheal,Campbell,Male,nchoi@example.net,(927)867-3232,8/26/1983,"Investment banker, corporate"
4711,B28Ca356eCA05a1,Austin,Cabrera,Male,sydney75@example.org,001-578-322-0733,7/6/1915,Research scientist (maths)
4712,ffAAF0Ab653d436,Audrey,Pennington,Female,edwin82@example.com,001-047-479-7408x361,2/21/1934,Radio broadcast assistant
4713,17BCfBCFACfbE22,Annette,Daniel,Female,lauren33@example.net,001-240-361-7007x983,3/26/1938,Chief Technology Officer
4714,a2B1F529F8dcd7e,Allison,Christensen,Male,terrence35@example.com,-1967,4/3/1976,"Therapist, music"
4715,C0f55A3f9a19b54,Mackenzie,Ochoa,Male,javier50@example.org,+1-929-013-6231x393,5/25/1968,"Producer, radio"
4716,0649Ee8A0d13d5d,Andres,Jackson,Female,bryan44@example.net,542-593-3894x051,5/5/1988,Agricultural consultant
4717,3dd2ADbaB7DEB07,Kara,Hutchinson,Male,qblankenship@example.net,317-914-5308,11/3/1937,"Physicist, medical"
4718,fb26140C47B647b,Alexandra,Tucker,Female,cassie27@example.org,(219)141-2426x3978,4/14/1920,Licensed conveyancer
4719,1daCFcB0DB7eb4e,Mckenzie,Knight,Female,zsuarez@example.org,850-333-6360x318,4/15/1946,"Designer, fashion/clothing"
4720,4BA7959dAF36E01,Jimmy,Khan,Male,andres16@example.com,9629710443,11/1/1994,Probation officer
4721,A5e95177AD3dBEa,Glenn,Joseph,Male,kristydavies@example.net,(253)565-0368,5/28/1994,"Engineer, civil (contracting)"
4722,de2ec735A3cb77a,Cristina,Villegas,Male,eholder@example.com,+1-660-286-3701x075,8/9/1957,"Engineer, petroleum"
4723,AC628D0194bCea6,Gregory,Snyder,Female,connie11@example.net,001-554-418-9095x25834,11/11/2015,Automotive engineer
4724,eeB3Dd08F92dd4f,Brittany,Lopez,Male,neilcooley@example.com,138-419-2448x2003,3/29/2003,Museum/gallery conservator
4725,2576D8B4dCd19bF,Devin,Bright,Male,bonillacynthia@example.net,+1-487-681-5736x97801,4/23/1967,Physiological scientist
4726,AEfc9FbAc740547,Jillian,Wall,Male,josephyoder@example.net,782.880.6656x5346,12/9/1972,Sports therapist
4727,b0FB6cA6ECea26E,Adriana,Mosley,Male,pedromejia@example.org,(605)318-3198x6918,5/14/1914,Homeopath
4728,DE5A89415dD89BA,Austin,Larsen,Female,sfriedman@example.net,+1-005-835-1209x39830,10/22/1935,Minerals surveyor
4729,58CbEc26a053fE1,Mary,Ewing,Male,dannymontgomery@example.net,351-222-0392x070,11/19/1935,Training and development officer
4730,f9a65Ea9c267780,Roy,Valencia,Female,cookealexa@example.com,957-216-2976,10/29/1916,Mental health nurse
4731,cc7018cec4f9587,Gabriella,Pittman,Male,dominiquewhitaker@example.com,(024)204-8776,6/24/1953,Equities trader
4732,15a25487fb63eC5,April,Vincent,Male,shannoncharlotte@example.com,1047832191,2/23/1986,Event organiser
4733,bC8Dd23ffF87BE4,Kristin,Ross,Male,millerkari@example.org,(950)788-1013x87123,11/27/1927,"Engineer, technical sales"
4734,ccBbCEC4D84829d,Christopher,Conley,Female,sue78@example.com,794-786-3524,4/8/1917,"Engineer, biomedical"
4735,AC9cB169Db1E8A1,Cassidy,Gates,Female,dicksonmadison@example.com,(114)732-0984,6/13/1987,Intelligence analyst
4736,D943195E0ea672c,Alice,Zamora,Female,hurleysandy@example.org,188.637.9559,3/15/1952,Manufacturing systems engineer
4737,9422495B560AE78,Garrett,Rosario,Female,jeffwillis@example.com,001-306-493-4107,11/9/2017,Theme park manager
4738,80b8BdaA5b5fF61,Deanna,Tucker,Female,bartlettchad@example.org,(330)269-6899x998,9/15/1950,"Engineer, biomedical"
4739,bDa8E5b74364ea5,Eugene,Melendez,Male,valenzuelakristina@example.net,939.562.5589,11/21/1928,Air traffic controller
4740,abca1BAdE2A1bA6,Bill,Estes,Female,palmerclinton@example.com,001-701-279-1969x260,11/25/2021,"Scientist, audiological"
4741,ba4cDcD8bAEEDbe,Michael,Lam,Female,stanley65@example.net,001-992-404-5645,12/19/1922,"Merchandiser, retail"
4742,23Fa41cE6C7CBBD,Kerry,Valenzuela,Female,cardenasadrienne@example.org,(801)020-7816,11/17/1914,Pathologist
4743,9a234F94edB3a48,Mckenzie,Neal,Female,ywiggins@example.net,-2498,6/16/1963,Passenger transport manager
4744,fC48bebefFf6574,Phillip,Franco,Male,roberta79@example.org,316-439-9126,5/28/1980,Health and safety inspector
4745,ADD4f9e57DCa0fE,Ann,Prince,Male,lance10@example.net,+1-305-915-8890x124,5/23/1935,Patent attorney
4746,BbD4A4568AA7a66,Rebekah,Fitzgerald,Male,shepherdnathaniel@example.net,001-734-4673x2761,6/28/1947,Retail buyer
4747,8f3a708FE0fA0cE,Jasmine,Davenport,Male,taylordecker@example.org,941.939.9073x695,3/20/2003,Toxicologist
4748,f0bDEb3BB9FC63D,Molly,Rocha,Male,conleybriana@example.net,159.159.6063x4365,10/24/1995,"Librarian, public"
4749,f5f9A2Acf576447,Betty,Jimenez,Female,leonescobar@example.net,+1-240-319-0442x10596,2/26/1984,"Teacher, special educational needs"
4750,2538E0Eabd7daac,Sonya,Santos,Female,sara12@example.com,+1-844-931-1927x9713,2/6/1952,Film/video editor
4751,BBF0Cf20dAe40C4,Gregg,Boone,Female,kaitlynpeterson@example.net,(219)071-3618x21785,6/26/1941,Television production assistant
4752,B582eBa27A98745,Stephanie,Richards,Male,buckleyguy@example.org,164.104.1756x211,12/5/1953,Health service manager
4753,eDdBb4efcb49EDD,Manuel,Guerrero,Male,rowederek@example.org,455.734.8297x9757,6/15/1925,"Engineer, maintenance"
4754,DA8BfD3C0D030A0,Anthony,Myers,Female,alexis52@example.org,485-171-1730,1/31/1989,Higher education lecturer
4755,5adF5D1b5E01bDb,Jermaine,Nielsen,Male,yolandabishop@example.com,863.372.7928x42705,10/1/1997,Office manager
4756,D360B1D7C71C5Da,Julian,Bridges,Female,madison42@example.org,133.933.3592x61811,6/19/1942,Physiological scientist
4757,0601C641e1B16A8,Jenny,Petty,Female,howardalexandria@example.net,001-734-374-5526x6895,5/12/1967,"Loss adjuster, chartered"
4758,2E16AcEe3F38bFB,Cody,Huang,Female,ireynolds@example.net,773-806-8347,9/11/1909,"Engineer, civil (consulting)"
4759,1CDbbEdCC852654,Sarah,Nixon,Male,candice04@example.net,+1-364-324-2704x270,4/2/1996,Tax inspector
4760,Dd9493eF2174990,Michaela,Horton,Female,prestonjim@example.com,128.997.5047,10/4/2008,Geophysicist/field seismologist
4761,05C8f0bc6EF2fEe,Devin,Mercer,Female,kristiegreer@example.com,9819919401,3/8/1988,Comptroller
4762,B4FA17Ac1f786E0,Chase,Howell,Female,ambermercado@example.org,+1-587-917-8495x277,3/22/1967,Science writer
4763,f2C598a2f52Cd3e,Priscilla,Trevino,Female,reginadickson@example.net,001-892-462-0971,11/6/1953,Intelligence analyst
4764,BC73A5FCb7cca4F,Jesse,Vang,Female,ryang@example.com,1490523868,9/20/2007,Marketing executive
4765,813F12E8eAe20c6,Lindsey,Gaines,Female,sophiahoover@example.org,(847)915-5520,3/19/1995,Press photographer
4766,AF4AbBe7f7df41a,Allen,Matthews,Female,wendycowan@example.com,957-354-7879x8980,5/9/1992,"Engineer, petroleum"
4767,dcfeeDE9bEc4615,Larry,Flynn,Female,savannahvaughan@example.com,(262)161-2810,6/10/1953,Sales executive
4768,1B1BFEA6E84D2ee,Judy,Miles,Male,isabelpeck@example.net,615-995-6283x24455,3/28/1984,Patent examiner
4769,2e9FFD86ABcB987,Daisy,King,Male,zhodge@example.com,358-612-6962,5/14/1907,Special educational needs teacher
4770,211e8E34ec63c24,Vicki,Miranda,Male,fuentesjeremy@example.net,726-231-7178x9108,1/21/2018,"Scientist, biomedical"
4771,9efe2c70ad24631,Latasha,Hammond,Female,atkinsonrachel@example.org,503.552.5947x60501,1/13/1986,"Engineer, manufacturing"
4772,7283B9c3cbdF5f9,Jake,Davila,Male,bcarr@example.org,(970)421-3694x06166,10/22/1944,Neurosurgeon
4773,2e61afb80A6AB7a,Heather,Logan,Female,chelseythornton@example.net,151-600-7664x0955,3/7/2018,Local government officer
4774,Acf2EF7dBfD190F,Diane,Kirk,Female,ruben31@example.net,(392)507-5650,4/2/2021,Wellsite geologist
4775,ADaDcc5afFD20Cd,Kimberly,Oconnor,Female,marie96@example.com,+1-319-746-0265x92802,2/20/1973,Magazine journalist
4776,f60b8E70DB3dd0D,Alejandra,Meza,Female,apatel@example.com,001-470-382-1061x047,7/16/1968,Visual merchandiser
4777,a8Cce136AbB4Eed,Audrey,Richardson,Female,zmiddleton@example.org,(412)344-8986x0027,2/2/2000,"Conservator, museum/gallery"
4778,02bEB8E3c6a0AfD,Heather,Wilcox,Female,yesenia09@example.org,333.215.4341x7304,12/11/1979,Magazine features editor
4779,B33D00fD5EBC8de,Billy,Crosby,Male,ndouglas@example.net,904-927-6686,8/26/1947,Copy
4780,2de136bE75E78f2,Elijah,Greene,Male,hruiz@example.net,4897550056,6/5/1985,Plant breeder/geneticist
4781,36ebFd289EEDb7B,Christopher,Allen,Male,meadowskristine@example.net,001-878-463-9968,1/6/1966,Public affairs consultant
4782,8ed13a7D6A3A9cd,Kari,Summers,Female,frasmussen@example.com,427.327.2904,3/12/1924,"Designer, textile"
4783,bAF618aC7f42ee3,Tommy,Parks,Male,smallmarc@example.com,574.991.9677,3/18/2021,Radio broadcast assistant
4784,43DFe4F13aFf2DE,Tara,Hansen,Male,klinewillie@example.net,9763100806,8/13/1915,Operational investment banker
4785,E88F16eE7823fAd,Marie,Solis,Female,gcisneros@example.com,597-767-6597,9/2/1944,"Buyer, retail"
4786,DebEa81aDeEa37a,Shaun,Foley,Male,kmoore@example.net,(998)969-6055,1/6/1938,Advertising account planner
4787,2F64CFAAeEA5306,Madison,Cline,Female,zachary49@example.net,726-400-4603x2966,1/2/1930,"Administrator, local government"
4788,00a1d7e0bA3766e,Devon,Hanson,Male,colton82@example.com,374-925-2186,12/13/1993,"Programmer, applications"
4789,C6999FDdDAd04a4,Chase,Jordan,Male,emccormick@example.net,001-608-464-1112x94444,5/11/1995,Patent examiner
4790,d253ADa0824E4bC,Pedro,Rangel,Female,lorraine37@example.org,(240)887-0164x23233,10/22/1978,"Optician, dispensing"
4791,6BFceaFaBaBB32C,Emma,Clay,Male,wadeneil@example.net,008-401-8409x06159,10/2/1994,Furniture conservator/restorer
4792,9e0Fa5fcFdb5F54,Kerri,Tran,Female,andrearoth@example.net,660.333.2358x2864,12/14/1963,Automotive engineer
4793,96DB9fA273AC937,Bryce,Patel,Male,joanne04@example.org,413-561-0284x897,7/6/1907,Solicitor
4794,ddfEaacC7209ed3,Joseph,Williamson,Female,markmayer@example.net,670.460.2368x37569,10/11/1952,Ranger/warden
4795,cB8cF5cC8C5bDBa,Marie,Mathis,Male,bushgabrielle@example.org,141-423-1977x99716,5/24/2000,Electrical engineer
4796,3acB8DaBeBDBF7b,Destiny,Nash,Female,rogersbailey@example.net,567.010.0657x56381,10/19/1981,"Surveyor, commercial/residential"
4797,1E4858A9ECDEF9D,Marie,Davidson,Male,esparzaseth@example.com,001-546-928-5733,6/8/1933,Hydrogeologist
4798,Da7B1AD0fb387a1,Marc,Gardner,Male,daughertybobby@example.com,428-281-0062x2379,4/22/1971,"Copywriter, advertising"
4799,b4aaaae7F4FcaE9,Kiara,Moon,Female,stacie16@example.org,453.470.9208x35811,10/1/1924,Industrial buyer
4800,a33FBAc5774BD3c,Duane,Lester,Male,jaydominguez@example.net,552.500.7430x5274,4/1/1939,Pharmacologist
4801,d1BAfF3D2fB70Ca,Courtney,Bonilla,Male,hneal@example.net,527.036.9716x6473,3/6/1927,"Embryologist, clinical"
4802,Acdf47eCb8C49BC,Virginia,Irwin,Female,yatescody@example.net,020-461-9848x56421,11/19/1929,Exhibition designer
4803,DdFFE7aCD14BDAE,Tracy,Rose,Male,moyerlindsey@example.com,775-747-6291x9339,7/26/1987,Homeopath
4804,83af18ff4ecDf9D,Christina,Carey,Male,qpreston@example.org,659.587.8117x7117,5/26/1907,Advertising account planner
4805,acCCAdfabDac6eE,Don,Allen,Female,tracyburton@example.com,+1-486-807-7491x68135,1/21/1934,Water engineer
4806,8D247FdCCABCcBf,Rose,Frey,Female,leonkevin@example.net,(938)245-9187x8019,6/16/2018,Pathologist
4807,0bAf9f4Cd1e4B9f,Becky,Estes,Female,catherinehodges@example.com,2926072677,10/3/1976,Advice worker
4808,760ddbc82ce29AA,Roy,Davis,Female,erica96@example.com,001-959-436-9055x5183,10/19/1957,Local government officer
4809,F701B427d42aa71,Beth,Moore,Male,jgolden@example.org,(153)119-7620x32760,11/5/1954,Chartered certified accountant
4810,03aE7247ddeb165,Debra,Browning,Male,christielewis@example.net,495-250-5023x553,11/26/2012,Artist
4811,fc18ae2fBbB2cd9,Gavin,Fernandez,Female,obooker@example.com,214-923-6759,5/25/1974,Medical secretary
4812,A954b80aCc70018,Martin,Burgess,Male,alejandralynn@example.net,811.903.5441x2108,6/1/1997,Meteorologist
4813,3f3ACBC16F1F9C8,Vicki,Forbes,Male,cynthia06@example.com,203-593-3933,1/2/1932,"Engineer, materials"
4814,B1515AdBAB5bfc8,Sheila,Frazier,Female,miguel58@example.org,213-872-5066x31762,9/18/1979,Waste management officer
4815,fE4132ca8C2E2a6,Darius,Calhoun,Female,vnelson@example.com,436-469-8463x69882,8/4/1995,"Therapist, speech and language"
4816,99d80FF1d9143bF,Janice,Vasquez,Female,fritzlisa@example.net,758.291.0695x4869,1/9/1980,"Merchandiser, retail"
4817,e76c8Fa534fA1E1,Jonathan,Harper,Male,francessnow@example.net,633.565.1106x653,8/19/1988,"Journalist, newspaper"
4818,Ab0F0bbcc11aD06,Alexandria,Chang,Female,ygiles@example.net,838.660.4485x3059,10/16/2001,Brewing technologist
4819,f886D7CAfdc74Df,Alex,Houston,Female,erinbowman@example.com,+1-169-545-7511x698,9/19/1907,Warehouse manager
4820,59382dD2Ba8914C,Darius,Harvey,Female,sheri89@example.net,+1-054-114-3903x2404,11/8/1983,Information officer
4821,0fCCf7DfDCb9617,Bob,Henderson,Male,groth@example.com,829.849.4718x9295,9/29/1930,Systems developer
4822,872896A2C0C48a6,Theresa,Luna,Male,corypeters@example.org,126.513.8488x651,4/23/2003,"Engineer, energy"
4823,6Fa4CdC9fB0604B,Martin,Romero,Female,xbeasley@example.net,648.278.5342x49352,9/10/1951,Paramedic
4824,Bf9aFAfb9a0EbD4,Diana,Rodriguez,Female,vday@example.net,6782660994,10/4/1994,Health and safety inspector
4825,b6133E99e8F3Bef,Jessica,Stevens,Female,tkirk@example.org,454-579-7806x5739,8/7/1909,International aid/development worker
4826,7c35cdc0bdcF1AF,Damon,Shepard,Female,johnny27@example.org,506.819.7830x31418,8/8/1950,Brewing technologist
4827,4BCD2E6caC22DCc,Brent,Ford,Male,nmcknight@example.org,(049)344-7224x0090,6/1/1963,"Exhibitions officer, museum/gallery"
4828,2Ba50De08F6CFda,Kurt,Garrett,Female,cathyferrell@example.org,001-198-752-9478,7/21/1951,Dance movement psychotherapist
4829,F23eA0f58ea0BdA,Joyce,Mullen,Male,xadams@example.net,-4940,1/3/2010,Early years teacher
4830,8e334C484a87C53,Kenneth,Booker,Male,nicholas59@example.org,6757252688,11/22/2010,Drilling engineer
4831,DBb9a5f0e6AEd8e,Calvin,Shepherd,Female,claykevin@example.com,(069)054-4373x738,11/8/1979,Contractor
4832,fb0Adc202aBdcC1,Brent,Keith,Female,rebeccasutton@example.com,(493)264-3834,4/26/1973,"Therapist, drama"
4833,FBE5b817FFe42fB,April,Whitehead,Male,alexandrafriedman@example.org,835-069-0512,7/19/2017,Museum/gallery exhibitions officer
4834,BFF918ec37ECbec,Mandy,Holt,Female,qsalazar@example.net,(166)895-7551,2/20/1971,IT consultant
4835,ece86804cD123f4,Sherri,Phillips,Female,alyssaleach@example.com,(430)874-3757x217,8/26/2019,Chartered loss adjuster
4836,32bBdEeb9AFB7Cd,Mike,Esparza,Female,onovak@example.com,(752)257-1305x7329,7/17/1944,"Engineer, biomedical"
4837,2a765f57edd405A,Wayne,Sexton,Female,hstevens@example.net,037.062.3992x7689,8/16/1933,"Engineer, production"
4838,7255a7Dcd65f8dc,Sara,Fritz,Female,bartonroberto@example.net,994.961.7312x67481,5/9/2013,Geophysicist/field seismologist
4839,b34aF268aefDa57,Zachary,Kelly,Female,lambjermaine@example.org,8278661428,6/11/1920,"Production designer, theatre/television/film"
4840,a14cC34Ba233C59,Glen,Hale,Female,fred08@example.com,(918)680-0576x3083,8/2/1909,"Editor, film/video"
4841,d2601c6a9c0Dd1E,Sierra,Adams,Female,roylindsey@example.com,+1-001-572-6220x5512,12/13/1936,Chartered legal executive (England and Wales)
4842,3eDA7D4CDb8805d,Gregg,Orozco,Male,xduarte@example.org,220.017.6478x51366,6/4/1940,Commissioning editor
4843,A2FA9fC3d82cfC8,Karl,Shea,Male,bishopgrace@example.com,033-120-4222x81956,8/16/1916,"Librarian, academic"
4844,e4374df808ea4Db,Brooke,Frey,Female,eugene09@example.net,001-213-830-5146x9072,9/4/1976,"Conservator, furniture"
4845,cC4C358ab001707,Nathaniel,Klein,Female,jorgehahn@example.net,599.731.3696x1866,4/16/1937,Copy
4846,eeF196DE87fFbBB,Lacey,Norton,Female,chadtorres@example.com,+1-620-876-7188x61257,6/29/1996,"Engineer, electrical"
4847,5E752ADdAaDA2Bd,Riley,Cross,Male,friedmanjose@example.net,+1-540-252-6458x86740,2/14/1907,Medical sales representative
4848,CFdFED04Ba051dc,Vickie,Lopez,Female,riddleray@example.org,(214)917-8310x2242,1/11/1977,"Research officer, political party"
4849,483E2C0cdbdBd69,Dwayne,Hinton,Male,jillbooker@example.org,001-225-220-3495x1636,9/14/2002,Management consultant
4850,174bC01eC4Eef04,Howard,Brady,Female,jane12@example.net,001-602-678-4939,7/31/1967,Leisure centre manager
4851,40ABa38D13bf670,Franklin,Montoya,Female,hduran@example.com,(284)867-2918x70781,10/10/1921,Careers adviser
4852,760DbA13Ea7044D,Felicia,Schultz,Male,lauren68@example.net,809-181-9375x644,3/15/1993,Retail manager
4853,d7f03701F35afc9,Miguel,Bradley,Female,gordon26@example.com,400.445.9739x243,4/27/2012,Paediatric nurse
4854,74b0B00F5eA0c36,Summer,Monroe,Male,candicestrickland@example.net,(422)152-8497x029,1/2/1971,Graphic designer
4855,BfdC6Af429A9A7E,Joy,Hubbard,Male,victoriacarroll@example.org,001-093-342-4218x17521,2/21/1984,"Administrator, local government"
4856,fAC43AE966AFB67,Susan,Copeland,Male,savannahcolon@example.org,937-256-6594x5908,3/15/1965,Control and instrumentation engineer
4857,B5aF5ecA8f1Ea52,Toni,Roberson,Female,yvonnegarrett@example.org,270.462.6753x83075,2/8/1944,Housing manager/officer
4858,DeCF140Ed9686A1,Robyn,Cooke,Female,daisynewman@example.org,433-149-9882,6/5/1924,Financial trader
4859,bc6d76AA41deb11,Christian,Whitaker,Female,riggsbruce@example.net,644.020.3410x3851,4/1/1978,"Loss adjuster, chartered"
4860,911E5cDAC2f19a4,Eduardo,Morales,Female,dustinsolomon@example.org,+1-377-378-0856x98532,5/6/1927,Copy
4861,2Ed23Fb4d2BA0eC,Kurt,Jennings,Female,ldaugherty@example.com,001-461-173-8911x9107,8/19/1935,Merchant navy officer
4862,A915B4FE91E9E80,Albert,Mccarty,Male,andrea81@example.net,001-616-540-3115,5/11/1998,"Sales professional, IT"
4863,0e0F9cDDDc04e44,Kirk,Travis,Female,lutzbryce@example.org,599-135-0814,5/19/1989,Television camera operator
4864,b404Ac2Dc5C68a4,Jordan,Colon,Female,xortega@example.com,549.186.9725x869,2/17/1974,Transport planner
4865,2183F8e212bCcdf,Matthew,Pruitt,Male,gilbert47@example.com,+1-303-002-4523x388,1/27/1992,Banker
4866,6C64fF4cDF74e2e,Natasha,Dominguez,Female,alicegordon@example.net,076.776.0124x6375,10/27/2008,"Nurse, adult"
4867,8b2E61eEDCFC0fe,Chad,Knox,Female,julianowens@example.com,(946)481-7372x6769,10/3/1946,Contractor
4868,5eF2FD770DaB8b9,Reginald,Sanders,Female,omcdowell@example.org,388.813.4734x5125,7/27/1946,Operational investment banker
4869,b7BCf4f8dd4df4C,Earl,Arellano,Female,joshuasanders@example.com,582-831-4348x24858,8/10/1967,Financial trader
4870,5fFFDEE2bF2B31a,Brian,Brady,Female,cwise@example.com,979472640,6/27/2002,Sales promotion account executive
4871,85Bfa295055e3a0,Alisha,Wise,Female,fbernard@example.org,001-529-985-6738,1/30/2014,Medical laboratory scientific officer
4872,6bDccA154ea8a49,Blake,Olsen,Female,suttonariana@example.org,001-550-353-1810x91589,3/14/1946,"Pilot, airline"
4873,FcC8F6Cd4dfc73A,Miranda,Burns,Male,rachel21@example.net,364-213-3951x368,11/3/1941,Neurosurgeon
4874,E14BfBBe9f6fABE,Glenn,Bonilla,Male,ujohns@example.org,(397)911-0126x527,6/2/1924,Private music teacher
4875,bfDCda7D8050957,Cassandra,Ali,Female,wsanders@example.com,001-668-443-5485x2877,3/25/2020,Podiatrist
4876,EE79A37dd8B53e4,Natasha,Merritt,Female,bkemp@example.com,800-993-8093,1/6/1979,Product manager
4877,be3dAf532638B9c,Bob,Garrison,Male,brady43@example.com,+1-302-117-3197x969,3/8/1987,"Designer, ceramics/pottery"
4878,658bFbF0C9e18a7,Brittney,Hale,Female,nyates@example.net,001-297-365-6445,6/18/1945,Accounting technician
4879,50E6B834e4A7453,Adrian,Case,Male,austin03@example.com,501.585.0292,7/27/2003,Glass blower/designer
4880,e4ad5e2b376D8E5,Destiny,Wallace,Male,tylerkatherine@example.org,(522)234-1189x026,7/18/1915,"Surveyor, insurance"
4881,F0bc4B42914Fe70,Brittney,Burch,Male,pattonfrank@example.net,001-961-407-2610x1065,2/2/2020,Artist
4882,0aE7545F6C81E5d,Ivan,Roberts,Male,pcruz@example.org,7076176846,12/30/2013,Corporate treasurer
4883,6D67C9D48d8DfEe,Whitney,Daugherty,Female,andrea04@example.com,+1-719-562-3075x36559,9/27/1962,Field trials officer
4884,d2ec8e69b6a8Cba,Carmen,Pearson,Male,bautistaalisha@example.com,-2163,11/4/2011,Race relations officer
4885,ec13356bbBDb95F,Barry,Koch,Male,mccarthytyrone@example.net,286.150.2550x055,4/3/1966,Futures trader
4886,Fe13Dee1FF5CFFb,Penny,Fleming,Female,denisefritz@example.org,038.858.3788x633,10/20/2009,Transport planner
4887,DA8Af3E5d5C46fd,Marvin,Briggs,Female,skinnersheila@example.net,675.643.6305x8283,5/6/1932,"Surveyor, building"
4888,3bffc12ad116DfE,Grant,Wilkinson,Male,sharphenry@example.net,+1-917-630-3933x4842,12/12/1992,Diagnostic radiographer
4889,7E2A5AA3EeECc8f,Xavier,Reynolds,Male,reginachandler@example.org,(081)198-6711,3/14/1948,Film/video editor
4890,abb5fEEBE7A85b9,Kendra,Morrow,Female,woodardmallory@example.net,034-272-3902x61513,3/21/2014,Aid worker
4891,fEA25fC5b7Fb2BE,Felicia,Nash,Male,odonnellleah@example.org,001-344-832-8125,10/19/1999,Video editor
4892,4118FA823BEd3Ea,Philip,Figueroa,Female,lynn89@example.net,668-938-6954x9571,4/2/2008,Corporate investment banker
4893,993e93dFd1e022f,Lance,Kirby,Female,maxwell90@example.com,(023)761-3735x84740,3/28/1957,Airline pilot
4894,184FBafCf30538B,Candice,Andrews,Female,melinda37@example.net,+1-901-560-9190x4930,9/8/2016,"Optician, dispensing"
4895,D4389DC3aA5DFcb,Isaiah,Vincent,Female,finleydennis@example.com,297.408.4756x83111,1/9/2003,Software engineer
4896,74BFe7620CB28f0,Aaron,Bird,Female,isaac55@example.net,001-666-103-8736x40669,2/3/1967,Television camera operator
4897,53bDf282E6eCFEe,Amy,Cox,Female,mcintyrepam@example.org,+1-073-427-9469x6676,7/20/1998,International aid/development worker
4898,8253ad8dA0a3A5C,Brad,Dickerson,Male,don37@example.com,(783)125-3997,2/27/1995,Emergency planning/management officer
4899,cA393e19BFCB4d3,Candice,Lindsey,Female,arthuraguirre@example.net,(944)298-4456x47993,11/27/2010,Estate agent
4900,7e65aEF4Cc015d2,Sue,Doyle,Female,lfigueroa@example.net,(096)035-3228,12/2/1982,Fitness centre manager
4901,7F7dfD8B3ab8db9,Toni,Durham,Female,qruiz@example.org,+1-170-477-6638x04262,3/20/1997,Human resources officer
4902,CFcacFa14d8fBE6,Deanna,Moyer,Male,morgancompton@example.org,+1-019-581-8766x93716,6/11/2002,Location manager
4903,2caEa2e8DcCaA2a,Susan,Benjamin,Male,beckerjesus@example.com,228-589-2729,10/8/1999,Retail banker
4904,2F6c49AF6a0FAfe,Wyatt,Thornton,Male,connor71@example.com,937-229-9840x999,6/13/2019,Community pharmacist
4905,2D27bc2Eee38FAd,Erika,Carey,Female,owenssherri@example.net,120.027.9398,2/23/2002,Materials engineer
4906,3BfcD81fc040723,Caitlyn,Hooper,Male,eduardobaxter@example.com,001-163-818-5233,11/2/1943,Child psychotherapist
4907,Fb92f757b528FDE,Zachary,Hart,Male,nkelly@example.net,064.495.6502x2528,10/16/1946,Clinical cytogeneticist
4908,a44caFa9C31Ce3B,Andrew,Lambert,Female,brendakim@example.com,6884113291,3/21/1929,Research scientist (maths)
4909,85aAe656cc66456,Jacqueline,Fuentes,Male,hartemily@example.org,(524)937-6925,5/18/1990,Newspaper journalist
4910,c13B1da18Abc222,Caroline,Cross,Female,wvance@example.com,787.502.3965,10/24/1926,Naval architect
4911,C317cb07ae2Fc2c,Jill,Sherman,Female,ewingfrancis@example.org,001-726-018-9243,4/23/1955,"Programmer, applications"
4912,71eA34348C341Fe,Dwayne,Wiggins,Female,qmurphy@example.com,(093)342-2910,8/13/1964,Insurance risk surveyor
4913,eAecCB7C573d1FD,Allison,Harding,Male,vicki83@example.org,+1-691-671-9444x00950,12/4/1995,Chartered loss adjuster
4914,DC2Dbd0E9f6776a,Alicia,Adams,Female,veronicaewing@example.org,755-222-6830x981,3/27/1921,Clinical biochemist
4915,19DF6Ac9E1CcFb1,Angie,Walter,Female,shouse@example.com,094-296-9600x6237,10/12/1908,Communications engineer
4916,Ef5B26B0ac68BEf,Stanley,Anderson,Female,stephen81@example.com,3501972174,4/20/2006,Physiological scientist
4917,fDaFAcbd2dAd34a,Virginia,Callahan,Male,zimmermanregina@example.org,(722)545-5835,10/14/1958,Public relations account executive
4918,A5FdeaFe6BDEaaE,Hayden,Jensen,Male,tswanson@example.net,337.948.4996,11/20/1913,Quantity surveyor
4919,d1CAaDeEe7fcce0,Audrey,Cabrera,Male,elliottallison@example.net,081-937-7248x1543,11/10/1977,Ranger/warden
4920,bf4fcCA66bd6fE7,Lorraine,Mays,Male,browningmax@example.net,025-335-4262,12/9/2007,Art gallery manager
4921,21efbeB3dfB3D6f,Tara,Brooks,Female,matatyrone@example.net,957.410.6250x96228,1/25/1952,Furniture conservator/restorer
4922,0E1aEC21Fb7B4C1,Brett,Gonzalez,Male,ggrant@example.com,450-566-9808,3/17/1985,Naval architect
4923,a3008d4AbF2FD6f,Meredith,Stewart,Male,jeremiah01@example.net,001-349-188-0270x539,7/22/1929,"Surveyor, land/geomatics"
4924,AA34D97eED84e11,Bruce,Small,Male,tburke@example.net,913.579.8716x79624,5/20/1907,"Engineer, electronics"
4925,5F73Ac62604AE3e,Helen,Cortez,Male,laura04@example.net,5249003384,8/3/2003,"Surveyor, building control"
4926,bF36385859DffCd,Hector,Bean,Female,kimsingh@example.net,928.659.5067x5575,8/5/1999,"Biochemist, clinical"
4927,14eE81A32FeDda6,Abigail,May,Male,leonardebony@example.org,707-957-2360x245,3/11/1920,Transport planner
4928,FCA3Ca226cd7f8f,Samantha,Hayes,Male,jeffersonomar@example.net,5648658503,9/1/1930,Games developer
4929,3bf8E7668ca7dA0,Megan,Brewer,Female,suzanne45@example.org,314.219.5198x380,9/21/1998,"Designer, textile"
4930,0CB5Faa5c62c0eF,Jonathan,Potts,Male,ckaiser@example.net,939-869-6061,2/2/1983,"Civil engineer, contracting"
4931,F7D4D532dcC433d,Heather,Barnes,Male,jmay@example.com,489.452.2684x6346,12/19/1984,Meteorologist
4932,9C7dd4CdCAf49Da,Meagan,Ali,Female,jzhang@example.net,595.492.6919x6448,5/19/1986,Emergency planning/management officer
4933,bFFEf96B2bD6CC3,Tricia,Rivers,Male,huffmanjocelyn@example.com,(243)836-6062x30522,6/5/1991,Lexicographer
4934,cDFa65a82AE0E2C,Norma,Wiggins,Male,soniafrederick@example.org,+1-717-257-9399x05509,9/19/1978,"Sales professional, IT"
4935,Dbe8da7b44e3d81,Alfred,Howard,Female,nicole54@example.com,245-704-1229x1626,11/30/2003,Furniture conservator/restorer
4936,fAdFd7Ef43FaE31,Carla,Beasley,Male,hkrueger@example.org,960-393-1787,12/1/2009,Broadcast presenter
4937,22fE78697fDA1fc,Miguel,Pennington,Male,miguel10@example.com,001-125-852-4817x03789,3/15/1977,Planning and development surveyor
4938,EA9bCf7F5fB6CeE,Jason,Spence,Female,anthonymann@example.com,1459096170,3/16/1989,Fashion designer
4939,6E4fecC59a6ce7C,Jason,Joseph,Male,atkinsonaustin@example.org,(641)050-6842,6/4/2006,Textile designer
4940,7379fF3337840b0,Leon,Estrada,Male,nelsonvictoria@example.com,001-985-977-7865x4658,5/16/1950,Astronomer
4941,62f1D2AcD0d4800,Clayton,Hudson,Female,chloehale@example.org,115.491.8059x51952,11/29/1948,Orthoptist
4942,cD3ddfd0b5DAf00,Caroline,Kline,Male,griffinstephanie@example.org,786.392.5688,1/23/1968,Industrial buyer
4943,E3f5495Bf0006ca,Lacey,Yates,Female,christina30@example.org,(221)961-2329x959,3/20/1944,Training and development officer
4944,cEeEb86a9BBA875,Kurt,Eaton,Male,damon19@example.org,(387)923-1980x4341,4/11/1910,Sub
4945,B5f8fC31cBccFad,Tracie,Hall,Male,zhenderson@example.org,086.006.0182,3/20/1965,Audiological scientist
4946,8A48BCd88ce93bB,Sally,Dalton,Male,candicedunlap@example.org,+1-719-379-2483x3721,9/30/1981,Estate agent
4947,7a6CF2723E2eaEe,Bridget,Hester,Female,sylvia56@example.org,371-741-3701,12/14/1956,Financial risk analyst
4948,95E1C52b444dbd8,Valerie,Maldonado,Male,rbush@example.net,001-069-057-7565x2858,2/7/1923,Printmaker
4949,07a17351Fc54Cad,Jaime,Castro,Female,santanavicki@example.com,(230)536-2332,9/15/1936,Outdoor activities/education manager
4950,ae67Bbc39C91eD3,Amber,Crosby,Female,mckenzieisaiah@example.org,509-845-4492x8299,12/19/1942,"Research officer, trade union"
4951,46F30cbacB4BeB9,Monica,Mclean,Female,brandonproctor@example.net,+1-850-313-9245x418,8/6/2007,Sports therapist
4952,d8C980551b83AF2,Miranda,Savage,Female,kpennington@example.com,001-485-254-0068x7400,4/13/1960,"Psychotherapist, dance movement"
4953,EDc26f4F6dCBAAf,Kurt,Gardner,Female,mia65@example.org,380.112.9953,5/13/1989,Cartographer
4954,4E6dF6E1f57cEc2,Beth,Davis,Male,martinerica@example.net,852-433-8710,1/13/1978,Interior and spatial designer
4955,5b571A44B7DF704,Margaret,Preston,Female,rosalesgabrielle@example.org,6910608851,6/17/1911,Recycling officer
4956,b3c1AD4ec5c5Ed2,Carol,Pittman,Male,winterstommy@example.com,857.263.6758x6747,1/11/1997,Press photographer
4957,35f5116DFDf03Bc,Ricardo,Booker,Female,granthurley@example.org,216.597.2334x4741,3/12/1978,Advertising account planner
4958,7DCAF7B55ec7D92,Brandi,Hensley,Female,millsjermaine@example.org,974.505.9581x8279,4/19/1969,Ergonomist
4959,A52Fe7723DddbFc,James,Zavala,Female,cantukeith@example.com,001-854-527-6085x241,12/5/1907,Leisure centre manager
4960,DCfFc9b4c4A0c1B,Kristi,Archer,Female,michaelcastillo@example.com,(921)858-6474x84114,12/31/1962,Media buyer
4961,Cc538D4cbf2E13e,Janice,Meyer,Male,rbird@example.com,(460)580-9217,11/19/2007,Dance movement psychotherapist
4962,241cc1DF57dDCCF,Kerry,Alvarado,Female,nathaniellivingston@example.org,433-615-4147x5298,6/6/2000,Field seismologist
4963,aa4BED4fcBE9b99,Joann,Ray,Male,alexandra77@example.org,685-180-0505,9/25/1968,Tourism officer
4964,45B0Cd0c1DcB6B8,Kristi,Booth,Male,jeannemeadows@example.org,001-824-316-7515,8/12/1951,"Engineer, petroleum"
4965,dD8526ffFfc6c7f,Perry,Orozco,Female,tiffanymaynard@example.net,+1-464-387-4913x75134,2/10/1998,Illustrator
4966,AD35ed5C568bc06,Angela,Huff,Female,lori77@example.com,(792)593-5987x2908,7/19/1943,Medical illustrator
4967,e263Dd9AfBbbc9D,Holly,Robertson,Male,perrylove@example.org,+1-869-350-9635x64345,6/3/1934,Health service manager
4968,Fb6Ab179BCCCDc5,Harold,Ellison,Female,moodynatalie@example.com,+1-995-056-5795x26528,2/10/1910,Sales executive
4969,7aF29c3BF004bbf,Ross,Mcdonald,Male,mcneiljeanne@example.net,702.257.3206,5/23/1929,Glass blower/designer
4970,0B3d09cBB6d1AD7,Joan,Hubbard,Female,anna66@example.org,976-852-3907,10/29/1928,"Therapist, nutritional"
4971,Ba50df51Fb4b65d,Deanna,Grimes,Female,bernard99@example.com,946-268-2081x6466,8/1/1945,Bookseller
4972,D14B8c7Fd2cEf7a,Seth,Mccann,Female,mahoneyanna@example.net,246.805.0740,9/1/2007,Audiological scientist
4973,3610Fd09772Bc52,Logan,Lucero,Female,eddie15@example.org,876.120.4910,10/8/1931,"Runner, broadcasting/film/video"
4974,ff3F38eabdd1199,Jasmin,Herman,Male,molinakendra@example.com,268-211-3218x706,6/18/1958,Armed forces operational officer
4975,40D4BBC77A623fa,Kimberly,Whitehead,Male,mayozoe@example.net,184-781-8886x61102,9/20/1945,"Physicist, medical"
4976,e1B7420BDeeEE1E,Makayla,Holmes,Female,larsenalisha@example.com,(158)334-9052,9/21/1989,Research scientist (life sciences)
4977,C5bDAf0aDe0eF12,Tony,Fry,Male,parker40@example.net,+1-841-365-5900x7945,10/20/1975,Medical physicist
4978,dBbf64aa4025CEa,Thomas,Cobb,Male,mcdonaldearl@example.org,2794313513,3/22/2020,Field seismologist
4979,a6fFeD3F8B8bee4,Lawrence,Sparks,Male,zhangjane@example.com,001-394-389-4865,4/14/1953,Financial trader
4980,3f5EA48D4Fcfe9C,Joann,Casey,Female,sandy36@example.org,84720213,3/6/1938,"Production assistant, television"
4981,4b4D0Febaeb2EAc,Anna,Carey,Female,fulleramanda@example.com,805.533.4795,8/22/1990,Warden/ranger
4982,065Bb3cBDA9521C,Brett,Huber,Male,connor40@example.net,683-718-2716x267,12/1/2021,Health and safety inspector
4983,Fde5fef426bFd0b,Margaret,Howell,Female,terrichaney@example.com,+1-184-034-2435x47646,9/27/2003,"Engineer, biomedical"
4984,F6bFdEB1a5e0DAa,Kirsten,Krueger,Female,bradvaughn@example.net,525.891.1486x37978,3/8/1952,Field trials officer
4985,E2FbD21A0F3eeDe,Tom,Wolfe,Male,burtonstacy@example.com,+1-475-564-9226x01955,11/9/2011,Estate manager/land agent
4986,8A635bCA4C2f775,Sophia,David,Male,gilbertjody@example.com,4229005741,7/24/1991,Clinical embryologist
4987,9EC7AB7AAC4Fdec,Alison,Durham,Female,wayne79@example.com,805-452-5275x533,2/11/1924,"Horticulturist, commercial"
4988,31BEdEFA9bCFA6f,Beverly,Wall,Male,mistyhardy@example.com,491-324-7460x6404,11/29/1944,Town planner
4989,CfBaaa7aBA9f962,Cristina,Francis,Male,sherrystuart@example.net,397497530,7/24/2010,Research scientist (life sciences)
4990,aFAd0e1aef7cAFb,Arthur,Pena,Male,gallegosbridget@example.com,001-017-059-6608x606,3/29/1966,"Surveyor, quantity"
4991,D72711e5f455a0D,James,Weaver,Male,jade46@example.org,001-068-924-9339x352,7/25/1963,"Engineer, maintenance (IT)"
4992,91e5aE337BBd28f,Cristian,Church,Male,claire79@example.org,929-850-5260x579,9/4/1987,Data scientist
4993,262Fdcf1bd2A10b,Christian,Armstrong,Female,alevy@example.org,180-799-3170,2/1/1948,"Embryologist, clinical"
4994,8A7F1BcD06e837A,Valerie,Le,Male,jeremiah68@example.net,794.277.3648,6/18/2011,Industrial buyer
4995,8aD5aeacF84D416,Mario,Jarvis,Male,cole92@example.org,001-037-982-5722x385,5/19/1911,Customer service manager
4996,BDEB2EFD1f8F06f,Micheal,Hunter,Female,sydney23@example.net,587-808-4252x392,12/4/2004,Dispensing optician
4997,B5BADC66693FF4D,Danielle,Thomas,Female,bsalas@example.com,(749)067-6046x137,6/1/1930,"Engineer, drilling"
4998,b18fCC3fdf426f7,Robyn,Hinton,Male,billy34@example.com,790.938.1855x9577,4/12/1951,Rural practice surveyor
4999,9E7C1a11DC0D018,Michelle,Owen,Male,goodwinmarie@example.net,001-814-478-6823x2956,8/13/1907,Administrator
5000,1E7987bD59a12F7,Alexander,Maddox,Female,ppowell@example.net,597.006.9794,3/30/1948,Production manager
5001,C8da4F2D0A42dab,Kendra,Guerra,Female,lynnhayes@example.org,890-054-7902x70196,4/6/1972,"Therapist, occupational"
5002,29FAe1aE3F8E63e,Laurie,Travis,Male,samuel86@example.com,(771)568-6513,12/6/1997,"Designer, blown glass/stained glass"
5003,7b50b7336476389,Angela,Gentry,Female,uellis@example.com,+1-148-550-4251x133,9/6/1988,Dance movement psychotherapist
5004,EbE96c71A7daB6c,Kerry,Ayala,Female,larrycrosby@example.org,6663403867,10/27/1959,Bookseller
5005,Dbb69fbDffFcFc2,Rita,Arnold,Female,jberry@example.org,001-648-777-4116x42255,11/2/1940,Water engineer
5006,DCCE1351fB86D7B,David,Fuller,Female,lowerywanda@example.com,001-691-276-0538x12534,1/26/1963,Medical laboratory scientific officer
5007,cE8643005Cf4e52,Mason,Dougherty,Male,rbarajas@example.org,(252)032-5093,2/1/2002,"Administrator, sports"
5008,0122B38d96d5804,Ross,Henry,Female,clayton01@example.org,001-245-221-2555,12/27/1960,Commercial/residential surveyor
5009,BF6a913B38c07ff,Drew,Pugh,Female,glennmurray@example.com,4279493865,3/18/1995,Multimedia programmer
5010,2D7464bBDCB62Cd,Nathan,Melendez,Female,pedro40@example.net,558-662-5728x23480,1/15/1919,Planning and development surveyor
5011,4FeE7c9c4A4aA3F,Tina,Huynh,Male,johnstonfrank@example.com,+1-948-746-4476x79236,10/8/1908,Arts administrator
5012,cF4fe5243a82b9e,Latasha,Banks,Female,omueller@example.net,728-509-1212x5415,11/18/1993,Probation officer
5013,23829BAbFfF82b8,Darlene,Leonard,Female,aaustin@example.org,(227)093-1099x4794,10/30/1942,Maintenance engineer
5014,CADB8BdfeDe7DCf,Savannah,Allison,Male,frederickgoodman@example.org,001-249-450-1387,3/22/1955,Dietitian
5015,B1FADE2Fdc81CBB,Doris,Rivera,Male,lucasmcneil@example.com,288.102.0433,6/23/1934,Agricultural consultant
5016,1919C0De4ABA3B8,Walter,Jacobson,Male,audreyho@example.org,325.772.9623x12278,11/1/1973,"Scientist, forensic"
5017,Eddd5Beb0e315fD,Jonathan,Hansen,Female,mistyfleming@example.org,-1538,3/14/1955,"Doctor, hospital"
5018,4E6f095f7C720D4,Adrian,Gregory,Female,dominguezallen@example.com,441-611-6210x527,12/29/1919,Landscape architect
5019,6FBCe9C3164511d,Louis,Middleton,Female,salazardamon@example.org,065-978-8684x346,10/11/1996,Early years teacher
5020,F4Bfe0dbb37Eade,Jaime,Banks,Female,xwarren@example.net,955-046-4155x574,1/24/1919,Arts administrator
5021,0fbC20F12DcadE5,Chloe,Barrera,Female,maynardrick@example.org,(770)757-9086x09190,12/3/1951,Computer games developer
5022,b2ddA3C8A6F8D21,Glenda,Pierce,Female,xroth@example.org,603-337-2741x836,9/23/1946,"Nurse, children's"
5023,E9b65DD84DF0FF8,Helen,Mccarty,Male,wjenkins@example.com,(231)363-1264x378,3/24/1939,Veterinary surgeon
5024,2cbF7A8bA3e5D7f,Mariah,Holland,Female,nlee@example.org,001-054-308-8588x9071,7/12/1942,Paramedic
5025,aFEcFb974De76C0,Fred,Murray,Male,curtis03@example.net,+1-238-061-8662x489,3/8/1937,Theatre stage manager
5026,1DD5e41b01FB6c8,Candice,Lutz,Female,charlesodonnell@example.org,+1-952-711-6943x4337,11/11/2018,Dealer
5027,12de7cf1a6FaA8E,Shane,Pratt,Male,shaneaguirre@example.org,038-164-0476x16290,11/21/1995,"Geologist, wellsite"
5028,7B9cDe2e97F12cf,Colin,Bowman,Female,morgan42@example.net,001-036-641-1349,1/16/2017,"Scientist, audiological"
5029,c56BcE0faE5AcfD,Monique,Montoya,Female,yesenia92@example.com,(243)079-2648x2106,10/8/2012,Curator
5030,B1098Fb8B01Fa2d,Traci,Ochoa,Female,debbieellis@example.org,547.974.2573,11/30/1986,Housing manager/officer
5031,cAbF6D60b16c02C,Sara,Briggs,Male,cristina74@example.org,001-250-544-2794x9249,1/24/1957,Advertising art director
5032,bDB3a64B48f0f81,Shelia,Strong,Female,daymichael@example.com,9137903347,10/20/1998,Town planner
5033,dDBDF6F9e58Dc98,Jay,Burgess,Female,christy90@example.org,795-226-7685,5/2/1949,Soil scientist
5034,aaee01CA8Fbdb63,Grant,Bridges,Female,piercerobin@example.org,(211)505-5807x047,3/25/1935,English as a second language teacher
5035,B7Af2Bd5A49324c,Corey,Franklin,Female,conwaycaroline@example.net,698-124-5258x64666,3/28/1963,"Surveyor, commercial/residential"
5036,E1Ac17DDdbDB4F4,Margaret,Mccormick,Female,desireemeadows@example.com,(300)331-1484x8418,9/24/1957,"Engineer, petroleum"
5037,816Aff3efb3A838,Patrick,Weiss,Female,louispetersen@example.net,001-356-744-4865x46103,5/6/1969,Trade union research officer
5038,Ce5aFbcDBCEaF6c,Pam,Weeks,Male,judy98@example.net,+1-590-338-9954x8763,3/4/1922,Corporate investment banker
5039,F58Cf9FDF5F159c,Ivan,Greer,Female,garrisongilbert@example.org,554.219.8269,7/22/1986,"Scientist, clinical (histocompatibility and immunogenetics)"
5040,D9dc9E61AaD551B,Frederick,Harris,Male,fieldsmorgan@example.com,001-470-706-3220x50709,2/14/1991,"Engineer, land"
5041,6740a6aC7149027,Don,Merritt,Male,adrianbean@example.net,985-875-7761,11/2/2017,Dispensing optician
5042,e49F37D0cFcaEbc,Lacey,Barron,Female,tara79@example.net,353-127-2229,5/3/1985,Personnel officer
5043,ed05Af6F4f46A2F,Rick,Boyle,Female,hriddle@example.org,001-150-190-8628x478,11/8/1986,Publishing rights manager
5044,c64CeeAfEBF8FD3,Cody,Gonzales,Female,tmacias@example.org,810-820-3983x675,3/14/1922,Petroleum engineer
5045,77ea89A0120DD12,Molly,Beltran,Female,damoncooke@example.net,(028)838-1639x6576,5/11/1937,Prison officer
5046,9070FbD3E08B02C,Meagan,Mccullough,Male,harold03@example.com,587-362-8492x883,7/14/1925,"Therapist, art"
5047,f8A9c8bFF5a4EEA,Vicki,Watts,Female,thomas87@example.org,(775)523-8729,2/3/2011,Ophthalmologist
5048,eFd6dAebC26F7C4,Kaitlyn,Roman,Male,chandlertabitha@example.net,(789)849-2856x0323,12/23/1973,Office manager
5049,aFAbA21dd2F4DC3,Bryan,Glover,Male,latoya06@example.com,1373831824,11/7/1928,"Production designer, theatre/television/film"
5050,aDCFae928cEf34f,Nicole,Carrillo,Female,garrettschmitt@example.org,(653)197-3242x1656,2/24/1959,Actuary
5051,86aA585fB56C6e8,Lindsay,Oneal,Male,vkelly@example.net,113.735.8977x7022,6/15/2007,Technical sales engineer
5052,Fd27d4eFbe4ac27,Laura,Shelton,Female,wclay@example.org,+1-343-072-6153x5047,4/16/1924,Learning disability nurse
5053,e5C12BEACac2C22,Rose,Cole,Female,gmaxwell@example.org,770.450.8801x495,11/24/1957,Diagnostic radiographer
5054,AA3BBaAD4E0Df82,Mandy,Singleton,Male,wrightkimberly@example.com,(347)632-7036,4/24/2005,"Designer, ceramics/pottery"
5055,f76B1CAe1e5b5eB,Robin,Hatfield,Male,yvette27@example.net,+1-602-468-8567x464,3/10/1990,Sports therapist
5056,970fa3DeED42f00,Amber,Watson,Male,ruizbrian@example.net,162.526.3197x6359,10/4/2012,Health visitor
5057,BdC5c55612eE0cE,Angie,Higgins,Male,townsendroberto@example.com,141-291-2323x139,5/16/1917,Electrical engineer
5058,7AcDc5E2bA2F51e,Gene,Leach,Female,kellie38@example.org,001-919-474-8752x6018,1/8/1940,Insurance risk surveyor
5059,8B251D4BF0Ba475,Doris,Thornton,Female,sparksblake@example.com,-3272,12/18/1967,"Psychotherapist, child"
5060,bEdeab2E1f5f8Cf,Kristi,French,Female,vincentorr@example.com,6065803894,9/8/1988,"Research officer, government"
5061,A044cAbCB19b1CF,Jake,Bartlett,Male,kstevenson@example.net,591.059.7629x8346,6/22/1942,Professor Emeritus
5062,4EbD4c80E1DCcfb,Toni,Shannon,Female,jackjenkins@example.org,763-124-9081,12/1/1994,"Investment banker, corporate"
5063,bFbFDb40cFa4eb1,Jeremy,Pitts,Female,dustinbryan@example.org,(243)737-4692x06862,6/20/2003,Associate Professor
5064,E6FF7dF14dE60CC,Kerri,Hart,Male,adriana41@example.net,+1-375-948-2832x943,1/6/1977,"Chemist, analytical"
5065,D5EAea7f1F6d9F7,Edgar,Fletcher,Male,gmeza@example.org,(227)343-9810,1/4/1922,"Therapist, art"
5066,bbEF1EBCBA51aA1,Debbie,Villegas,Male,burchmichael@example.org,005.490.1698,3/17/1997,Advertising copywriter
5067,dafDccEf8aDfeEc,Cassie,Jacobs,Female,latasha30@example.net,796.618.9291,12/26/1951,Neurosurgeon
5068,2E173f9e67DC89B,Miranda,Roman,Female,rick85@example.net,742.250.4087x2366,3/19/1937,Heritage manager
5069,47E4A82DCCC0054,Maureen,Ingram,Female,jacksonwarner@example.org,001-018-291-2966x0268,5/11/1921,Water quality scientist
5070,f0DcE255f0EB2F2,Nina,Allison,Male,butleryolanda@example.com,(380)517-1880x655,7/29/1910,"Administrator, charities/voluntary organisations"
5071,b31a382da0EB7Ac,Vernon,Espinoza,Female,darincalderon@example.com,882.894.8169x10730,10/25/1948,Clinical molecular geneticist
5072,31Fd0d8E2BA65aB,Abigail,Erickson,Male,cynthiaellison@example.net,612.035.2548,2/29/1976,"Engineer, petroleum"
5073,8fdFc26Bf9D6C2c,Sarah,Chambers,Female,yhines@example.org,377-829-0002,5/17/1931,Information officer
5074,D6bAE47D25FE674,Kiara,Wagner,Female,gatesclaudia@example.com,(235)412-0006x22621,9/6/1978,Outdoor activities/education manager
5075,c79BAcEd3ee54AE,Gregg,Booker,Male,rogerkerr@example.net,001-233-391-4526x5314,10/4/1976,"Engineer, electrical"
5076,D0e5CED921d1C07,Mackenzie,Dudley,Male,gomezamanda@example.com,(619)558-5147x463,9/5/2007,"Radiographer, therapeutic"
5077,f81CD4ae1148Dfd,Tara,Compton,Male,phelpsjoseph@example.org,985-097-1422x03555,3/9/1994,Armed forces technical officer
5078,acdca8872adFBd2,Jermaine,Haynes,Male,brittney33@example.org,359.794.5807,5/3/1964,Public librarian
5079,2aaF813f9f0C5A2,Carolyn,Hawkins,Male,rebecca72@example.net,+1-134-442-5057x311,1/24/1995,Horticultural therapist
5080,F2CAc9337AE01cd,Louis,Glass,Male,eric45@example.net,771-304-6889x791,6/30/1951,Academic librarian
5081,AdEE9Cac4BcefBc,Christian,Melton,Male,martinpowers@example.net,422.069.8712x0756,1/28/1924,Secondary school teacher
5082,6344AEcE5fddcF5,Alan,Novak,Female,susan08@example.net,001-882-078-8749,9/12/1960,Charity officer
5083,d26A978D3AFbc95,Brian,Fitzpatrick,Female,williamsfrancis@example.net,(568)473-3118x74869,7/12/1950,Armed forces training and education officer
5084,72C39F4FfBb3C9C,Manuel,Finley,Male,kempmichaela@example.org,035.548.1286x44203,4/10/1996,"Psychologist, prison and probation services"
5085,50DeEb34BEeFEE0,Jesus,Madden,Male,courtneymccarty@example.org,001-787-070-9795,1/11/1916,"Solicitor, Scotland"
5086,bc7Fc1b9BFE4da7,Ronald,Hudson,Female,henry42@example.org,+1-281-522-3747x64924,5/13/1947,"Journalist, magazine"
5087,E8eEA6Efe2adB7F,Adam,George,Female,likatelyn@example.org,260-108-1804,4/1/1993,"Psychotherapist, dance movement"
5088,9c406FFCEafE223,Dave,Lloyd,Male,cochrancarol@example.com,095-486-9128,9/6/2017,Research scientist (physical sciences)
5089,4aF99aBcFe78D9A,Priscilla,Moran,Female,yuyolanda@example.org,115-011-5178x7520,8/17/1938,Tourist information centre manager
5090,aEda2adc14CFbFD,Randy,Morse,Male,hoffmaneugene@example.org,-4927,10/4/1952,"Editor, magazine features"
5091,9DdcFdDB0B860D6,Amy,Boone,Male,perezalejandro@example.com,001-645-540-1274x62898,3/6/2016,Textile designer
5092,4eCAa19E5fEf0bE,Christopher,Gardner,Female,whunt@example.org,1744411971,11/4/1957,IT consultant
5093,C28DaBF00EcCD95,Hayden,Burgess,Female,wcarrillo@example.com,(094)501-8291x656,10/20/1956,Aeronautical engineer
5094,55d9AB542d95bAF,Tracey,Spencer,Female,christy64@example.com,(250)273-8163x6819,3/19/1984,Intelligence analyst
5095,F24D4D6adA8cBA0,Jo,Sandoval,Female,ikennedy@example.org,001-171-843-7594x90976,5/19/1975,Social researcher
5096,Fc4dBdbdD82ac29,Amber,Hardy,Female,mathisdarlene@example.net,001-832-235-0473x388,10/3/1930,"Engineer, petroleum"
5097,87232f9Fbb862dc,Francis,Caldwell,Male,nicolesloan@example.org,001-422-079-1109x39490,11/15/1993,Research scientist (maths)
5098,DA42d53f9811Db2,Timothy,Brandt,Female,geraldrose@example.net,+1-982-992-9208x33733,12/3/1933,"Editor, film/video"
5099,AD1F3D1fc8d7358,Mathew,Li,Male,ruben51@example.org,637-109-0203x79326,11/23/1966,Information officer
5100,b3dbcac4EC703D6,Kristopher,Ballard,Female,tomharper@example.net,240-404-2633x883,1/23/1950,"Buyer, retail"
5101,aAbfb027De9aFeF,Breanna,Mcguire,Female,daviskristopher@example.net,(050)926-0828x171,4/2/1920,Heritage manager
5102,a8A6d4D254921B4,Christie,Molina,Female,david61@example.org,001-434-638-6069x4573,5/29/1968,"Psychotherapist, dance movement"
5103,3d7aeAFE8bc9CfF,Jorge,Roman,Male,tammie22@example.net,(220)319-7845x9142,9/19/2000,Musician
5104,DbD3a9f432d3a34,Katelyn,Chen,Female,clinekarl@example.com,(068)543-9272x383,7/12/1995,"Journalist, magazine"
5105,11CeB05E384a6dD,Yvonne,Durham,Female,bowersbrent@example.com,(415)976-2691x7795,9/1/1993,Dance movement psychotherapist
5106,4bbdc3Fc4F0dB3b,Stacie,Byrd,Female,kathleenphillips@example.net,675-529-7816x5882,8/9/1950,Risk manager
5107,2803Fca8dA4F7c0,Carla,Fernandez,Male,heidi36@example.com,058.170.0878x748,9/18/1944,"Therapist, nutritional"
5108,E48D7065bbd9eeA,April,Harrell,Female,tommyblair@example.org,001-963-333-8535,2/20/1980,Computer games developer
5109,EDfC92cE4D19c72,Jake,Hurst,Male,kendra77@example.net,+1-926-693-8222x05237,11/28/1948,"Research officer, political party"
5110,dFDD9EC77BEC941,Casey,Torres,Female,emcfarland@example.com,297-853-6691,8/28/1931,"Engineer, petroleum"
5111,A7b3afC7Dd1e47f,Mark,Estrada,Female,bradley89@example.com,538.739.6561,5/3/1976,Broadcast engineer
5112,1Ac983A643DCFab,Jamie,Gomez,Female,natalie52@example.com,+1-419-922-6391x559,11/29/1911,"Scientist, audiological"
5113,c7A95CB9c9AcdbE,Desiree,Best,Male,ortegastacey@example.net,1212182804,8/25/1927,"Psychotherapist, child"
5114,1012efE41BBDbAB,Gloria,Clark,Male,mike70@example.com,+1-128-385-6531x73560,6/8/1928,"Designer, blown glass/stained glass"
5115,Ceb6fccFEA4550E,Kylie,Petersen,Female,ofitzgerald@example.org,241.522.1344x260,8/4/1962,Soil scientist
5116,f703EE4855f2514,Charlene,Young,Female,ross77@example.com,+1-382-588-5456x843,6/17/1940,"Producer, radio"
5117,c0c92623F094AAb,Traci,Farley,Female,lozanofernando@example.net,502-949-0065,8/12/1978,Biomedical engineer
5118,AdF2fabFEE44bc1,Alexis,Craig,Female,dalton50@example.net,784.484.2220x08513,12/19/1914,Immigration officer
5119,76ad5E05a05a6eA,Brendan,Owens,Female,anthonymeyer@example.org,5724987980,6/20/1947,Insurance account manager
5120,48A1aA7FbdaD46C,Paula,Buchanan,Female,growland@example.org,158.313.6162x46219,11/11/1963,Location manager
5121,8B5E8B600FA6059,Clifford,Mitchell,Male,hduran@example.net,-4219,8/20/2009,"Administrator, charities/voluntary organisations"
5122,c81d605905fe8D7,Don,Rich,Female,christie64@example.org,+1-648-594-6835x88030,8/11/1943,Actor
5123,23eFBF4Eaeafbae,Alec,Malone,Male,hubbardebony@example.com,354-035-7385x3720,4/20/1924,General practice doctor
5124,B4Eb3FCF6F508Db,Rachel,Obrien,Male,lucerotracy@example.com,001-987-072-9366x535,9/30/2006,Computer games developer
5125,bdDbBb414ea58CD,Caleb,Thomas,Female,joann80@example.com,4589848516,5/11/1983,"Doctor, hospital"
5126,73f8f9498544BA7,Makayla,Cruz,Male,lydia12@example.com,+1-919-946-3569x926,11/19/1935,Medical illustrator
5127,335A3D41cD7B0E0,Jo,Hartman,Female,destinyfreeman@example.org,791.726.5826,8/8/1954,Local government officer
5128,c07bBb5ceC6d9Da,Diana,Carter,Female,bernardbush@example.net,001-086-474-8678x209,10/7/2020,Insurance claims handler
5129,7ed28F7faaCF6A4,Morgan,Bailey,Male,blevinstoni@example.net,+1-600-037-9570x018,3/20/2019,Associate Professor
5130,1D9CB6C88e686D2,Paige,Hughes,Female,wyatt71@example.com,+1-825-678-5096x011,2/6/1971,"Programmer, applications"
5131,c3bF5DA28BaB352,Amanda,Ho,Female,omarmoore@example.com,001-553-104-6760x5278,4/22/1978,Community development worker
5132,24aaeEe9EECDCAa,Albert,Meyer,Female,brockgrant@example.net,001-531-347-6769x6064,8/11/2013,"Engineer, production"
5133,c9fC70Cc8fac1f8,Jenny,Aguilar,Male,rmoreno@example.org,+1-880-354-0622x19299,3/22/1968,Clothing/textile technologist
5134,bDeD16db4aAcac4,Mitchell,Ward,Female,twoodard@example.net,622.485.4236x492,8/19/1958,"Scientist, research (maths)"
5135,d857bbeaeA4CbD8,Misty,Farrell,Female,melindasalinas@example.org,+1-640-574-3705x269,12/6/1919,Commercial/residential surveyor
5136,FAeaA1CbaF0D27f,Tasha,Morrow,Male,gene52@example.org,938.987.8453x835,9/13/1910,Editorial assistant
5137,3457CC5BBc4cFB3,Kristine,Juarez,Female,rangeltroy@example.com,+1-267-739-3841x33624,8/8/1967,Proofreader
5138,cDEc7B19c90681f,Guy,Steele,Male,crodgers@example.com,(734)001-8713x8392,12/13/1999,Industrial buyer
5139,44f52bE6acBa2bf,Shari,Richmond,Female,mariolutz@example.com,9815089922,5/17/1973,Museum/gallery curator
5140,BDeeDc50f89DCaA,Jacob,Charles,Male,hansonjoel@example.com,551.960.8929x87659,2/8/1909,Civil Service fast streamer
5141,3A7AfdfeA7FE2b8,Walter,Odonnell,Male,arnoldsarah@example.org,(550)033-3080,6/22/1990,Tourism officer
5142,B6f9a38b4dab9e4,Stefanie,Francis,Male,twilcox@example.org,767-726-2846x16701,10/21/2020,Health and safety inspector
5143,D4eEDf3bcDeBE4b,Garrett,Lyons,Male,andresstark@example.org,489.582.5380x214,8/16/1966,Warehouse manager
5144,7D0EBac38E1accb,Donna,Alexander,Male,sosarobin@example.net,+1-306-985-8982x3530,2/4/1983,"Scientist, research (maths)"
5145,2dCfFbc0a95fEBb,Terri,Grant,Male,kaitlinalvarado@example.com,001-632-600-8447,8/1/1945,"Engineer, manufacturing"
5146,8A305b7A58dDC3c,Dana,Mosley,Male,mendezsheri@example.com,596.932.8683x86832,3/23/1949,Textile designer
5147,4fC110bdbBae7d4,Randy,Blake,Female,wilsonlucas@example.net,584-990-6773,4/25/2008,Advice worker
5148,FC8c15dbC8cbfAB,Janice,Spears,Male,derrickbuck@example.org,652.685.5779x79206,11/22/1922,Curator
5149,De42115208e1e08,Lucas,Bautista,Female,gardnerisabella@example.org,001-893-278-1592x589,2/14/1909,Herbalist
5150,4B5a02A3ddbD699,Ariel,Dickson,Female,omar26@example.com,-11401,8/10/2021,"Therapist, drama"
5151,3DEBAb3DBfE0bc5,Claire,Mccall,Female,rachelruiz@example.org,-3080,3/11/1911,Medical illustrator
5152,8c17b6Cbff783dA,Loretta,Mcconnell,Female,todd39@example.net,9014891383,7/28/1952,Communications engineer
5153,4f18fa54B0Fd2eB,Diamond,Howe,Female,youngbetty@example.net,(658)881-3679x5182,6/27/1911,Comptroller
5154,6252cceFcF748a2,Riley,Oconnor,Male,jay89@example.net,001-141-241-1020x4216,2/10/1933,Contracting civil engineer
5155,3AfC03dbEef3D48,Carly,Schmitt,Male,gsampson@example.net,001-521-071-4120x81680,6/20/1980,"Programmer, systems"
5156,fc5F4020449B72B,Theodore,Fernandez,Female,juanfranklin@example.net,001-514-457-2733x84740,5/24/1921,"Nurse, mental health"
5157,F1eF8dA03bFc1fd,Hayden,Garrett,Male,yvette06@example.org,001-115-498-2001x60507,5/22/2018,Quality manager
5158,550978033aB9204,Austin,Oconnell,Male,carla63@example.net,445.270.5339,9/15/2010,Psychotherapist
5159,e70aAa12FDcfa79,Marcus,Fisher,Male,tgallagher@example.com,145.382.4708,11/30/2020,Agricultural consultant
5160,8ad5aA6B5ECFf3d,Danielle,Mack,Male,sierra43@example.net,+1-758-608-5302x60413,9/3/2008,Computer games developer
5161,4a5F4FA7103E25c,Colton,Boone,Female,laurenali@example.net,+1-443-988-6890x07232,12/7/1992,Water engineer
5162,BAa880D6AcFea71,Bob,Ruiz,Female,dicksonmisty@example.net,001-245-101-1645x1134,10/21/1927,"Investment banker, corporate"
5163,03Bb9b6dDCc1D53,Willie,Lara,Female,beckcristina@example.net,(568)949-6481x74786,4/19/1948,"Education officer, community"
5164,aa2Cb54c796ea6f,Barbara,Shepard,Male,davidnicholson@example.org,642-145-9655x827,12/1/1958,"Nurse, mental health"
5165,e08274ce6D2065E,Becky,Brandt,Male,brucewong@example.net,798.931.5711,11/11/1980,Freight forwarder
5166,0Affd99B99aAA0d,Joe,Jackson,Male,fordloretta@example.org,(581)301-1824x163,6/24/1914,Translator
5167,4AD1be0E7EbBFaF,Sheri,Browning,Male,landrymax@example.org,+1-123-662-0155x4549,8/17/1921,"Research officer, political party"
5168,8f0AcFDCB7c3cfd,Kristopher,Mayer,Female,upotter@example.com,414-626-7095x879,4/5/1958,Field trials officer
5169,1fe9E4A9B3dedd0,Audrey,Murphy,Male,annecarpenter@example.org,(327)058-9715x75779,11/14/1942,Occupational therapist
5170,a2B43154B1DFFC2,Chad,Walton,Male,sonyarowe@example.net,+1-536-190-9079x836,10/31/1962,"Psychotherapist, dance movement"
5171,3c5de8e7024dC7e,Kimberly,Salas,Male,bmueller@example.net,572-910-0764,12/1/1927,Geochemist
5172,864eAA1B9380bEE,Isaiah,Davila,Female,cvaldez@example.net,(538)822-4572x944,11/8/1965,Fisheries officer
5173,b19445FA1DFD31A,Gregg,Nicholson,Female,morganthornton@example.org,831.444.7780x16091,4/15/1944,IT sales professional
5174,dE949f0D9De08a0,Tristan,Pugh,Female,alec34@example.net,+1-688-723-3230x49341,10/7/1928,"Engineer, structural"
5175,7464cc8e18e9Ef6,Wyatt,Ross,Male,poncealisha@example.net,(558)692-9772,9/11/1976,Tourism officer
5176,C579af740a53D13,Caleb,Villarreal,Male,wilkersonhayley@example.com,(951)334-4576,4/16/2021,"Administrator, education"
5177,C0b0ABbC3D7b48F,Valerie,Bryant,Female,sonya15@example.net,084-606-6333x0594,4/19/1975,Secretary/administrator
5178,Eacb29af4cabC6A,Mandy,Haas,Female,cassie78@example.com,(566)381-0228,6/19/1975,Health physicist
5179,d4369bEFE6Eb3a2,Melinda,Reilly,Male,kristopher10@example.com,(977)780-9663x1390,2/18/1924,"Engineer, civil (contracting)"
5180,Ee31AcDf2Afa7D2,Dave,Wang,Female,stacey49@example.com,799.365.0084x9240,8/8/1976,Technical brewer
5181,5767EdA6bDA0C5d,Lacey,Becker,Male,jeffery26@example.net,819.895.1365x339,6/26/1909,"Production designer, theatre/television/film"
5182,F025F5Ef3aadBD8,Barry,Poole,Male,glovereric@example.com,(244)761-0207,2/5/2014,Media buyer
5183,c541b9a75E2Dfcb,Billy,Leach,Male,lydia67@example.com,+1-483-706-8605x40313,11/19/1910,Child psychotherapist
5184,4E76eC47aa109B0,Jesus,Kidd,Male,gregg37@example.org,001-734-199-9410x355,6/8/2006,Proofreader
5185,f0A3f7cB68133c4,Cory,Burnett,Female,garrettdwayne@example.com,832.658.8682x64140,10/12/1931,"Sales professional, IT"
5186,29D8ea5AdBD36c1,Mikayla,Key,Male,nasholivia@example.org,(727)699-1670x81972,12/21/2012,Stage manager
5187,71a3c8EbDc40DCf,Ricardo,Brooks,Male,sierra92@example.org,001-027-449-3670,2/27/1939,"Scientist, research (maths)"
5188,f2F7c97273ed3A8,Frederick,Bates,Female,hesterlynn@example.com,001-017-714-1071x71072,10/8/2018,Technical sales engineer
5189,4dd8B151D4faEFb,Dustin,Herring,Female,bassjo@example.org,+1-033-008-6775x35462,7/30/2014,Systems developer
5190,E997bCadceD1C5A,Nicole,Prince,Male,sheparddiana@example.net,967-580-9778x0237,6/18/1920,Private music teacher
5191,fE34cF730aBa1a0,Rebecca,Ward,Female,mmcpherson@example.net,001-482-203-8900x904,2/13/1936,Adult nurse
5192,dBAC6258E7e60Bc,Preston,Duke,Male,vespinoza@example.com,001-182-116-1728x78040,10/3/1939,Building surveyor
5193,bD8B6fbB153B5c3,Jeremy,Tapia,Male,rowlandkari@example.net,231.163.7078,6/10/1912,Podiatrist
5194,dDE0F1998f88224,Stuart,Freeman,Male,drowland@example.com,(609)005-5647x4617,9/24/2019,"Administrator, sports"
5195,E8657eFFEB5b983,Shelia,Huynh,Female,qwalters@example.com,+1-175-350-2436x3492,4/19/1978,Ranger/warden
5196,1d2FebFBE85b65A,Kristin,Horton,Male,louispark@example.org,001-879-080-6595x657,9/21/1975,Haematologist
5197,FB2f8DbBCCF418D,Derrick,Booth,Female,daisy13@example.org,976-447-0928x409,2/29/2020,"Therapist, music"
5198,937E964fa4FBC46,Kathleen,Scott,Male,uweaver@example.com,(682)662-4010,7/15/1954,Catering manager
5199,8Ccf1FdB0BD1a8A,Mario,Gray,Female,hallamanda@example.net,511-239-0504x33034,3/7/1989,Charity officer
5200,e637D6615648087,Carrie,Roy,Female,donaldmayo@example.net,336-838-3660x62828,10/21/1946,Clinical embryologist
5201,2e50bE5bdA1Faf1,Bailey,Daugherty,Male,barbarameza@example.org,(311)118-4293x0180,8/12/1991,Risk manager
5202,6d5B0eEdfe9E5BD,Angelica,Strong,Male,lhebert@example.com,001-413-374-7293x334,7/16/2019,Equities trader
5203,0B9B1aedc42DbdF,Max,Pugh,Female,joshuafields@example.com,(418)876-8402x05951,6/3/1966,Chartered accountant
5204,21d2E589F0E2C6a,Michele,Pope,Male,virginiamercado@example.org,+1-462-011-4885x861,9/30/1956,Private music teacher
5205,fde45f7F7a7B3d7,John,Ayala,Female,tuckerbrendan@example.org,001-539-352-0324x236,4/19/2011,Patent examiner
5206,fa0725A6F7BaE7E,Michaela,Lambert,Female,blake82@example.com,(416)254-8491x8678,5/29/1951,Pathologist
5207,4B7DB9cF1E56C1b,Keith,Kennedy,Female,maria10@example.com,(837)586-6046,5/4/1935,Science writer
5208,eBfAbd414495227,Daisy,Meadows,Male,kruegerbethany@example.org,+1-508-880-5421x6742,9/19/1919,Art gallery manager
5209,080eFF073DBA9Bd,Judy,Watts,Male,jeromesexton@example.com,605.893.9056x8898,8/13/2008,Interpreter
5210,dA9f0C7AaaB86ac,Sonia,Caldwell,Male,lydia25@example.org,+1-804-950-1845x1722,10/28/1937,"Psychotherapist, child"
5211,BeCeC9fBfEFeeeA,Shelley,Church,Male,eddie19@example.net,(329)895-1026x0476,10/10/1972,"Research officer, government"
5212,D8dcc5CeeD25e15,Shelly,Carr,Male,collincobb@example.com,+1-363-556-4807x541,9/23/1995,Water quality scientist
5213,dDF2769E59Dc1C7,Destiny,Higgins,Female,mcneilcollin@example.net,589-204-0366,10/1/2000,"Engineer, maintenance (IT)"
5214,AFaCeC84dBcd937,Brenda,Carlson,Male,nortonbrad@example.org,9391168903,12/25/1971,Information systems manager
5215,5B8cAa73Af0f7b4,Michelle,Luna,Female,bfitzpatrick@example.net,623.168.1401x7622,11/24/1978,Office manager
5216,E867d01e0F212Cc,Jodi,Mccarthy,Female,bill72@example.org,+1-578-142-4795x6677,6/8/1932,Network engineer
5217,e3c5aE3F54ebf20,Devon,West,Male,vtorres@example.org,8500986481,5/31/1990,Meteorologist
5218,7cC3E494626C187,Lucas,Bender,Male,iburton@example.org,049.577.7692,3/24/1965,Hydrologist
5219,E3d409AdBf2eBDD,Leah,Black,Female,toddkara@example.org,(926)667-7173x24919,7/26/1991,Optometrist
5220,72433dB5C857d4B,Lance,Parker,Male,jody26@example.net,040-164-7009,4/8/1946,Counsellor
5221,c55ddbfADbE79cF,Luke,Whitney,Male,christinafox@example.com,001-107-024-4626x35006,4/2/1937,Mechanical engineer
5222,9aF8AA4950D3487,Isabel,Bartlett,Female,mandycampbell@example.com,(820)596-1389x533,6/13/1950,Magazine journalist
5223,8c9C467FC859BD1,Jo,Stevenson,Female,gregorycross@example.com,(981)135-8620,5/31/1987,"Doctor, general practice"
5224,953109c1f1D4dEC,Angel,Gray,Female,jeffkirby@example.net,001-554-123-6951x9041,5/14/2007,"Designer, ceramics/pottery"
5225,6c34D0bBEb226e1,Meredith,Burns,Female,stacybarrera@example.org,+1-124-450-6538x0029,12/2/1999,"Engineer, agricultural"
5226,bed5CBbc9eb9c03,Warren,Huber,Male,ruthware@example.com,(379)938-4264,8/2/1995,Applications developer
5227,cC4ABB2F4e9AE9D,Leonard,Hoffman,Male,mikayla64@example.org,2148088746,5/20/1992,Clinical psychologist
5228,05C8B7071c2ECc8,Clayton,Farrell,Male,sdillon@example.net,001-265-969-9051,12/19/1924,Colour technologist
5229,aceeC3eC81EE3D4,Gregg,Flowers,Male,pamelawheeler@example.org,681.084.2328,6/28/1912,Counsellor
5230,39B2C4bB5d8FbB5,Becky,Scott,Male,braymichele@example.com,001-830-246-6084,11/17/1922,Financial risk analyst
5231,3aBdf5Ff1EB70B1,Jonathon,Green,Female,catherine76@example.com,271-086-0614,10/12/1924,Advertising account planner
5232,90D32C8bBCA2C0f,Jane,Murray,Female,lewing@example.org,(318)030-4532x389,4/29/1952,Primary school teacher
5233,60D902e27310b9c,Max,Noble,Male,xavierpoole@example.org,(881)371-3442x786,8/26/1983,Corporate investment banker
5234,FFACF5257dFeFae,Olivia,Mcintosh,Male,jwang@example.com,(684)215-3556x0673,9/14/1984,Purchasing manager
5235,BA8e9fD38CA18ED,Claire,Bradford,Male,mccarthypedro@example.org,001-889-657-6295x68935,5/9/2012,Museum/gallery conservator
5236,C47FaeDeE9FDD1A,Jean,Huerta,Female,tinaconway@example.com,146-076-0673,2/5/1964,Youth worker
5237,7A0FdBF72D0e2ad,Shawna,Spence,Male,teresa43@example.org,997-771-4344x4801,7/23/2015,Environmental health practitioner
5238,84A911CFcdBBeef,Raven,Bruce,Female,zpaul@example.org,935-504-3470x424,5/9/2016,"Scientist, research (maths)"
5239,BD18Dc1e48cfd68,Albert,Mccarty,Female,brian18@example.com,(513)855-9246,9/11/1944,"Designer, jewellery"
5240,ee1fB4b72df4986,Mathew,Ford,Male,monica05@example.com,001-172-733-6961x04828,8/13/1939,Probation officer
5241,2Cb9f3AF8f3A2CD,Clarence,Sloan,Male,vvillegas@example.net,001-456-048-7470x019,4/19/2021,"Conservator, furniture"
5242,F19B76d3f17EADB,Sandra,Rosario,Male,terrydudley@example.org,410.825.1658,9/19/1907,Ranger/warden
5243,9146D8aa0DA4f2e,Kelsey,Stevenson,Female,jocelynaguirre@example.com,(408)006-9304x204,9/27/1980,Hotel manager
5244,DFc7FEff9402a48,Joan,Montoya,Female,tashachan@example.org,001-502-730-0302x3982,4/6/1909,Theatre manager
5245,6e1Fb1cCD195b10,Melanie,Warner,Male,megan33@example.org,-6861,7/14/2008,Tourist information centre manager
5246,1e38cDd9b32b4fB,Joe,Boyd,Male,roblesedgar@example.org,(944)842-8648,11/27/1986,Clinical biochemist
5247,E118276e101E8D4,Herbert,Sutton,Female,sneal@example.net,+1-236-142-4880x34783,4/16/1940,"Scientist, physiological"
5248,B0562deDcAed86c,Mary,Thompson,Female,fmcknight@example.com,804-746-2591x677,7/17/2006,Architect
5249,Ada7275Da9b1Ffa,Tristan,Wall,Female,qharrington@example.org,959-867-5654x08403,5/23/2003,Immigration officer
5250,aA2DdDfF8fA3ABC,Tiffany,Bowers,Male,theresaanderson@example.com,296-204-1944,3/19/1995,"Teacher, primary school"
5251,073feACec4bA5Fe,Kristin,Foster,Male,huntlucas@example.net,(720)445-6216x1610,2/4/1973,Industrial/product designer
5252,bA52C2d12E99B0D,Tami,Hunt,Male,raymond42@example.net,+1-647-650-6525x6325,11/5/2021,Volunteer coordinator
5253,eD937f2dfF936Ae,Frank,Powers,Female,angelica08@example.com,125.590.7349x369,9/7/2008,Health and safety adviser
5254,74AfE3D9b3a27ca,Ellen,Tran,Male,simsangel@example.net,001-844-368-6276x79377,7/2/2018,Operational researcher
5255,AFF5c1a1FC503eE,Ann,Randolph,Male,tristanfernandez@example.org,4742731038,4/12/1909,Broadcast journalist
5256,aBEAd61Fefdfd0c,Alyssa,Farmer,Female,nathanchavez@example.net,(351)168-8182x753,7/23/1960,Graphic designer
5257,043ff2f49F09442,Carrie,Watson,Female,xcampos@example.org,+1-301-561-1673x7543,1/21/1977,"Therapist, horticultural"
5258,cd21298c6CDFEBA,Lindsey,Castaneda,Male,duffyronald@example.com,+1-364-980-3404x32172,11/10/1924,Site engineer
5259,40C9c8BC53f4C92,Selena,Hill,Female,pettygregg@example.org,(648)717-2208x69496,8/31/2008,Financial risk analyst
5260,fEbD2DB1E88ae5d,Bonnie,Elliott,Female,reidalan@example.net,-4138,2/9/1954,Cartographer
5261,E9E4aBAc78AC666,Steve,Wilkinson,Male,connie09@example.net,+1-069-387-1490x471,11/17/1911,Theatre manager
5262,0FBdFB7eF59A56D,Alexandria,White,Male,deleonjuan@example.net,001-896-147-3890x36482,11/17/1997,Estate agent
5263,433848bb80A19b1,Sara,Cruz,Male,kent45@example.org,(715)660-5055x79623,10/7/2019,Mining engineer
5264,0c4D1dCCaAE708d,Malik,Esparza,Male,underwoodcole@example.org,113.711.7081x1734,11/2/1907,"Scientist, research (medical)"
5265,f7eAeaED0C2550a,Penny,Cole,Male,woodsmark@example.com,+1-140-023-2129x173,4/16/1936,Advertising copywriter
5266,5cd920A7E3ffb01,Tammy,Bradshaw,Female,kbush@example.org,+1-116-707-7564x335,8/24/1928,Air cabin crew
5267,bd2e2B4cc7f6ff8,Angelica,Velazquez,Female,castillodarrell@example.com,964.104.7557x3383,10/24/1971,"Journalist, magazine"
5268,eDdc1E7902ef89d,Barry,Ballard,Male,holdenricardo@example.net,(126)372-7083x00457,7/21/1938,Nutritional therapist
5269,9f9f3106f3cfA7E,Maurice,Sanford,Female,danielle27@example.net,650.410.5733x8710,3/20/1984,"Development worker, community"
5270,eC8FAcf5dBBCeF6,Jorge,Salinas,Male,keithramirez@example.net,(439)874-2085,6/19/1931,Electrical engineer
5271,D5FeadCcd8eda59,Cindy,Riddle,Male,toniburns@example.org,+1-537-183-9105x6970,8/22/1944,"Geologist, wellsite"
5272,AE931dF5dfe96c5,Suzanne,Nicholson,Male,kristamalone@example.com,(422)947-2587,11/15/2021,Dentist
5273,813bddD0F58F0bF,Ruth,Jensen,Male,epadilla@example.net,001-961-107-4911x613,3/2/1980,"Scientist, water quality"
5274,6F24519112622Bd,Carly,Clark,Female,barry49@example.org,950.830.7004x1863,4/17/1986,Quantity surveyor
5275,D7BFfB0B4CCd0fE,Linda,Simon,Male,gerald50@example.net,554.836.4543x146,12/11/1975,Secretary/administrator
5276,bb15bEF7b3eD519,Stuart,Stark,Female,joanne44@example.com,786.105.7043x2520,9/27/1939,Chiropodist
5277,d91fDBBa0FE6dEa,Gabriella,Nixon,Female,marissa14@example.com,001-295-138-6417x336,4/15/1923,"Engineer, building services"
5278,A62A8861F01DfA3,Bobby,Dodson,Female,yvonnemacdonald@example.net,326.851.0923x8356,6/13/1965,Operational researcher
5279,3bD7B124E934faB,Travis,Maddox,Male,moorebrendan@example.com,+1-805-345-2570x66823,9/19/1977,Meteorologist
5280,53aeDcbFFdAe1cc,Bryce,Mahoney,Female,silvajermaine@example.org,(754)037-3940x988,8/3/2005,Comptroller
5281,1C6Dbbdf8D6D8fb,Martin,Summers,Female,zthornton@example.net,-854,9/13/1936,Prison officer
5282,BF2A1CF1A1Fafcb,Cody,Howard,Female,rhonda54@example.org,(286)975-9366,11/12/2021,Clinical embryologist
5283,B1bCCFCe882f684,Kristie,Joseph,Female,shieldsbill@example.org,(434)134-8488x568,5/28/1941,Multimedia specialist
5284,cbd8d7446bcF02E,Alec,Ayala,Male,sherrikim@example.org,(446)105-3281x853,1/3/1947,"Buyer, retail"
5285,64cc7ac90a0EaA9,Patty,Gonzales,Male,kari76@example.org,555.792.9296x1385,1/23/2002,"Psychologist, forensic"
5286,d0D846F33E9a4fC,Francis,Vance,Male,iharrell@example.net,001-767-939-1997x5797,12/22/1960,"Journalist, newspaper"
5287,9FeCF53eB4cAB19,Kari,Keller,Male,lawrence23@example.net,114.919.3477x26111,9/28/1937,Broadcast journalist
5288,dbADB81CA6f9D3E,Fernando,Vaughan,Female,desireeavery@example.org,(332)002-5414,9/24/1936,Equality and diversity officer
5289,AeAa895Fb06df74,Cristina,Scott,Male,baldwinlindsay@example.org,342.827.2167x498,1/3/1950,Trading standards officer
5290,CeEeECC4daBac77,Zoe,Prince,Female,brandivalenzuela@example.net,(670)469-5684x41501,11/16/1939,"Education officer, museum"
5291,DaC36aaBd78B4c6,Joy,Miranda,Male,stevekaufman@example.net,762.527.6316,6/12/1924,"Psychologist, educational"
5292,e6cf7CDfa54e9C4,Peggy,Wheeler,Male,ugregory@example.net,376.676.1609x2372,7/8/1915,Medical secretary
5293,50caD6C5ecbbf70,Cathy,Ayers,Male,alisonglenn@example.net,5483676467,4/15/1946,"Investment banker, corporate"
5294,B1aA6beA7d07cc5,Alexandria,Terrell,Female,lecurtis@example.net,2089052153,4/16/1926,Diagnostic radiographer
5295,bd156AA381AA23c,Levi,Ware,Female,ssampson@example.com,199-931-3135,7/20/1953,Tourism officer
5296,4e9DAB80B8cfD2D,Tom,Mercado,Female,darin96@example.net,(456)122-4196x55855,11/8/1940,"Restaurant manager, fast food"
5297,05AbB19B8224e2D,Geoffrey,Hodges,Female,bdaniels@example.net,361.582.8895x34496,1/5/1975,Optometrist
5298,C5e9cAaA0A7eF4C,Jenny,Dean,Female,vcowan@example.org,212-107-4712,10/18/1970,Interior and spatial designer
5299,5ecEB8E5cbCC9E4,Sarah,Villa,Female,joanne53@example.net,+1-762-421-4434x51706,3/17/1996,Management consultant
5300,0eA129c880778F9,Brittany,Murphy,Female,poolekatie@example.com,001-923-317-6106,7/7/1950,"Engineer, building services"
5301,48BaDFacc52C96f,Jordan,Black,Female,miguelbarajas@example.com,(348)503-9843x9418,7/5/1959,Regulatory affairs officer
5302,152A372D1fDCddE,Madison,Savage,Male,frenchrandall@example.com,+1-914-641-0766x07761,7/23/2017,Arts development officer
5303,57F0a1acafB6f74,Crystal,Mcclain,Female,terrellstacey@example.com,+1-888-554-4950x26046,3/21/1910,"Secretary, company"
5304,bE8b4C8a2a515E3,Carla,Mckenzie,Female,miguel60@example.net,(623)308-4323,6/26/1907,Medical physicist
5305,a7eF120Ddc0Df16,Keith,Moon,Male,tyrone73@example.com,(254)940-6650x72131,8/30/2003,Air cabin crew
5306,Fcefe4ae2f759BF,Jodi,Schneider,Female,pottsmarie@example.com,(586)692-1931x907,1/28/1996,"Scientist, clinical (histocompatibility and immunogenetics)"
5307,ec9C8Cf30Ae1C4f,Paige,Reyes,Female,mercedesnoble@example.net,001-304-610-4085x8733,1/29/1978,Stage manager
5308,fcF65dc581Cf8bd,Margaret,Carlson,Male,bruce29@example.net,+1-765-450-0454x360,4/22/1981,Careers adviser
5309,Bb88ccf2f0d04b6,Dorothy,Kennedy,Male,hayden79@example.org,+1-065-325-1804x5688,3/30/1963,Community education officer
5310,8EC63F6862074aD,Kristen,Barrera,Male,lonnie68@example.com,001-755-283-8527x7407,5/29/1963,Film/video editor
5311,3dDABE39A0Bc34f,Carla,Riddle,Male,xreynolds@example.com,+1-291-413-7506x2200,3/23/1956,Dramatherapist
5312,cFE4D318871eF87,Destiny,Hooper,Female,cassieandersen@example.org,417.313.6794x45386,10/18/1952,"Journalist, broadcasting"
5313,48c7dD740baDFBA,Gary,Bryant,Male,joy12@example.net,181.220.2527,8/20/2008,Commercial horticulturist
5314,C381c3E0DB4d6ce,Andrew,Ortiz,Male,dkane@example.com,001-127-581-4788x3620,8/12/1982,"Teacher, music"
5315,9CfaC0C7b6AA5b5,Harold,Chung,Male,herbert85@example.org,748-019-3946,6/3/1958,Clinical biochemist
5316,F5bE427a7fcC5fd,Maxwell,Thompson,Male,randydelacruz@example.com,072-458-5138,11/30/1970,Communications engineer
5317,5D6184430d789D2,Susan,Kirk,Female,woodarddorothy@example.org,+1-715-907-3384x0409,10/12/2006,Artist
5318,Af77CceCdcf1Fca,Shannon,Trevino,Female,lsanders@example.net,001-873-105-0859,5/23/2021,"Investment banker, corporate"
5319,2aBA9a331DeAd9b,Alison,Howell,Male,paul01@example.com,(376)427-7185,10/16/1996,"Production assistant, television"
5320,39Ba3ec4c607cbd,Taylor,Arnold,Male,franceslucas@example.com,(545)526-2796,12/26/2016,Chiropractor
5321,175021C3E719A3c,Marc,Morton,Female,kentmoyer@example.com,001-197-428-4126x367,5/2/1960,Marketing executive
5322,4ACCC9aCba58DDd,Jeffery,Lindsey,Female,mcdonaldhannah@example.org,756-851-0053,10/21/1944,Contractor
5323,bd887CF2B6da83A,Lance,Colon,Male,xpalmer@example.org,544-246-6146,11/28/1916,Health physicist
5324,82dc0dbA31205a4,Tanner,Weaver,Male,tinahoffman@example.org,075-384-1337x854,9/19/1971,Patent attorney
5325,FBa30A8F407eAEA,Daryl,Suarez,Female,hickmanjoe@example.com,(080)789-6385,9/25/2004,"Therapist, art"
5326,3ADf08e8C236Cf3,Marilyn,Fischer,Male,castrokendra@example.com,001-416-162-7303,8/28/1962,Regulatory affairs officer
5327,CeC396c47Be519F,Kent,Shannon,Female,brandtpenny@example.net,001-861-393-8536x07182,8/5/1915,Nature conservation officer
5328,f4d3eB5d97D4192,Cameron,Pace,Male,allenguerrero@example.net,633-392-3186x914,3/11/1929,Planning and development surveyor
5329,a1AA0af4eAdBd61,Anne,Owens,Male,caleb15@example.com,9708544590,10/18/1928,Video editor
5330,fC71cFCE4418cfE,Traci,Rowland,Female,curtis32@example.net,001-828-348-7309,8/3/1991,Structural engineer
5331,c822fD4Abfe58Ee,Colin,Flynn,Female,frankwarren@example.com,377-757-3724x133,12/29/1996,Print production planner
5332,D77c371bf2aE64D,Kathy,Hunt,Female,chankaren@example.net,(869)371-2612,12/1/2008,"Scientist, research (maths)"
5333,659cCDEf0Fc3Cca,Alvin,Mason,Male,hullwendy@example.org,607-426-4526x38793,1/2/1914,Early years teacher
5334,CeaFa1ddd694EbE,Cassidy,Lester,Male,mario42@example.org,382-972-1167x2475,8/10/1999,Product designer
5335,b62CaCbc1bbe629,Russell,Yang,Female,dunnnorma@example.net,+1-606-740-2299x8956,4/6/1954,"Surveyor, minerals"
5336,E04fEA9d78FeC30,Madison,Norton,Female,rhouston@example.com,+1-036-440-6721x890,9/6/1989,Armed forces technical officer
5337,21AdAb1da066df7,Douglas,Chase,Male,scottsampson@example.net,405.892.7685,5/9/1923,Barista
5338,ECE55d21Ddb399f,Krista,Duncan,Male,anadixon@example.com,951.053.8244,6/3/1917,"Psychologist, prison and probation services"
5339,f2cfeABdDCadBac,Diane,Rose,Male,vickimccall@example.org,968-399-7551x08395,9/30/1927,"Nurse, adult"
5340,cfF635c6ABCADc0,Cristian,Maldonado,Male,kim49@example.com,001-112-048-3295x6416,1/15/1984,Special educational needs teacher
5341,747Ff4b4cDB87d9,Sophia,Peterson,Male,hayleyfischer@example.com,409-318-4438,6/15/2008,Retail manager
5342,BAeCcbAeF9Cb151,Alexa,Banks,Male,michealhorne@example.com,-6183,8/30/1939,Radiation protection practitioner
5343,8FDc65E020ef59F,Bruce,Solomon,Male,armstronggregory@example.net,876.303.9442x39352,5/5/2003,IT consultant
5344,34a536D6Ac89B74,Jacqueline,Macias,Female,qparker@example.org,576-870-5394x3071,9/24/1929,"Designer, industrial/product"
5345,318f6bAaBB018A7,Katie,Harrell,Male,mallorybarnes@example.com,+1-402-925-5357x30338,8/29/2000,Academic librarian
5346,30DaaAaBd52Cc6C,Allison,Nelson,Female,heidiflores@example.com,9005067306,11/4/1947,Regulatory affairs officer
5347,9DEfa9EaD08f0Af,Kristine,Moran,Male,sototammie@example.com,304-903-2924,9/3/1913,Facilities manager
5348,f6f1E4c2b617d52,Martin,Sexton,Female,ogarrett@example.com,(980)735-0416,6/10/1912,Personal assistant
5349,c3deC3c3eFA2FC8,Hector,Byrd,Female,watkinsjose@example.net,071-325-1262,7/5/1993,Web designer
5350,997e20A1fAea675,Erica,Hansen,Female,hammondalvin@example.org,341.142.7584x110,12/6/1908,Chief of Staff
5351,ba70850DF3A6Ee5,Craig,Hayden,Male,bauerroberta@example.com,(749)530-1858x50052,9/26/1933,"Surveyor, land/geomatics"
5352,4DCAE2c6287aD3B,Grace,Fowler,Female,francisco00@example.com,+1-393-911-7368x63931,3/25/1973,Analytical chemist
5353,CccDc85EE1bCdeE,Jeffrey,Campos,Male,diana24@example.org,185.169.2960x117,2/12/1941,Community development worker
5354,9E24847F2e207E4,Sarah,Mooney,Male,denisehammond@example.org,016.903.3443x547,6/8/1986,Medical illustrator
5355,16AB645969c27CE,Drew,Frederick,Male,lpollard@example.org,(621)385-8934x447,1/10/1990,Physiotherapist
5356,8C8d43960Ad8ACA,Kenneth,Ellison,Female,adrianraymond@example.com,691.274.8034x2072,12/7/1998,Acupuncturist
5357,06F3fB213FA1Bc0,Tasha,Horn,Female,ashleyreginald@example.com,+1-595-378-4668x856,1/28/1977,Dispensing optician
5358,eFAcE0e9fEAe2D4,Jeanne,Benitez,Female,barrpaula@example.net,+1-063-501-5339x9241,6/19/1957,Fashion designer
5359,dDcA5cfB42E1Ea7,Destiny,Pugh,Female,reyesphyllis@example.net,418.627.9242,6/25/1931,Theatre manager
5360,b6c9eCebdDdDeb9,Vickie,Carr,Female,levipatrick@example.com,001-994-294-9398x90279,10/13/1966,Housing manager/officer
5361,fAcca9bAD1c127b,Stanley,Odonnell,Male,ywilkins@example.org,133-430-1788x22187,12/30/1949,Homeopath
5362,0E105CD883833A3,Lucas,Farrell,Male,ksexton@example.org,244.131.2186x601,10/9/2021,Immunologist
5363,62670E8BB3E284e,Sheena,Parker,Female,scottjuan@example.com,(344)936-5090x1150,7/21/1981,"Research officer, political party"
5364,fDFBd49ABCac6Cd,Kristin,Stevens,Female,rblack@example.org,001-656-896-5718x842,1/17/1970,Press sub
5365,CC6dc75Cb314693,Jesse,Dixon,Female,xortiz@example.net,822.318.9376x16369,1/21/1970,Dispensing optician
5366,7794eE5CaafcC5E,Kellie,Bird,Female,dominiquedurham@example.com,961-102-3140,7/17/1991,Press photographer
5367,f0DAACFEaB10dcd,Monique,Sexton,Male,geraldgreene@example.org,(492)929-6118,7/21/1974,"Designer, jewellery"
5368,eD5fFdb8E054BDa,Logan,Boyer,Male,zwatts@example.net,+1-393-557-7336x3764,12/3/1998,Landscape architect
5369,a261B4197D9B46c,Lori,Figueroa,Female,eileen28@example.net,001-887-033-0248x188,2/16/1920,Art therapist
5370,990d5aCbd946aeB,Olivia,Spencer,Male,sfox@example.com,(799)748-8861x7117,7/11/1992,"Librarian, academic"
5371,1Ac3Ca46C6395FE,Cory,Hickman,Male,autumnsantos@example.net,865.579.3456x42310,9/5/1923,"Research officer, government"
5372,fee48e2a8b1E66D,Stacie,Galvan,Female,claudiahouse@example.net,652.361.5474,12/23/1906,Sales promotion account executive
5373,Cb8a18DDC9f145E,Christina,Dean,Female,achang@example.net,(776)101-4153x0718,8/27/1966,"Surveyor, insurance"
5374,c562dD84478c2A9,Ricky,Fields,Male,franciscoellison@example.net,973.101.8536,11/12/1940,Neurosurgeon
5375,1608DaE0A458FA1,Howard,Hines,Female,james96@example.net,-11182,10/31/2017,Astronomer
5376,bdB0febC81eF6eC,Gwendolyn,Dickson,Female,gabrielacordova@example.com,+1-736-081-3366x31647,5/11/2001,"Designer, television/film set"
5377,D7eDa46AAdBd581,Nicolas,Aguilar,Female,sheila94@example.com,8694122268,3/29/2003,Chief Operating Officer
5378,ebFAf8980aA3e1D,Jade,Yang,Female,gabriellashepard@example.org,298028132,1/6/1991,Dealer
5379,1db7190A8efA73c,Rachel,Dougherty,Male,idouglas@example.com,1590638524,6/24/2005,Advertising copywriter
5380,b95A7a7ecdAAF31,Marissa,Levy,Female,amberwheeler@example.org,+1-966-840-2172x203,4/23/1939,Media buyer
5381,3C25FC9930ae5aC,Phyllis,Hooper,Female,jeffrey03@example.net,001-444-351-3331,1/28/1942,Solicitor
5382,DDCfCCCAEA2CfB0,Aaron,Hansen,Male,miaerickson@example.com,917-395-5480,2/8/1920,Radiation protection practitioner
5383,5F3a99AAACf2903,Angela,Short,Male,cwoodward@example.net,001-597-569-1933x88182,12/25/1936,"Engineer, water"
5384,E4F00B015CEa508,Abigail,Oliver,Female,alec09@example.net,3069449744,9/13/2019,"Buyer, retail"
5385,0Ee3a60fdF37C02,Tracie,Good,Female,angela48@example.org,+1-496-731-5533x062,9/8/1992,Planning and development surveyor
5386,FC1DcCd88E8FC7a,Willie,Garcia,Male,kelli87@example.com,(666)165-1087x130,5/5/2002,Research scientist (maths)
5387,0A7B5cd3AcaB8cb,Brent,Day,Female,brianamann@example.com,1694272114,9/5/1921,Clinical psychologist
5388,e198C49D0C8cbF3,Destiny,Middleton,Male,dennisamber@example.org,024-243-9226,6/29/2013,Chief Financial Officer
5389,0BA4308aB5D231d,Evelyn,Hunt,Male,ychen@example.org,+1-894-990-3219x208,12/27/1950,Water quality scientist
5390,fa147b8c05d5aa4,Luke,Goodwin,Male,johnstonlucas@example.com,001-823-310-7475x68491,10/13/1912,"Teacher, early years/pre"
5391,C6Dce629F2b0A22,Glen,Hanson,Female,jmcdonald@example.com,-3890,2/11/1946,Publishing copy
5392,aB0Bec50Cba65B5,Ian,Cooke,Male,alfred66@example.com,001-147-117-3111,6/12/2007,Pharmacologist
5393,C7f0CB1AEcEEe6A,Sara,Figueroa,Female,cobbkathleen@example.org,001-414-400-4179x58777,8/22/1926,Radio broadcast assistant
5394,C974417ab0CCeF8,Lydia,Ramsey,Female,pedrocontreras@example.net,928.928.0445,8/23/1994,"Therapist, music"
5395,eB3eBDad579A038,Cristian,Reid,Female,devans@example.org,001-077-449-3058x353,3/6/1968,Advertising copywriter
5396,BCdbf5cd19FaBB5,Jim,Davies,Male,nliu@example.com,(795)184-8616x6717,12/12/1909,Building surveyor
5397,Fc732EecD71c021,Phyllis,Callahan,Male,aimeeparrish@example.net,+1-404-149-3346x61071,5/28/2007,Artist
5398,C1D31BaBDDbAeA9,Roy,Livingston,Female,ferrelllawrence@example.net,-9698,2/8/1948,Planning and development surveyor
5399,3E65F4AE399Ade1,Jeanne,Ruiz,Female,fwilkinson@example.net,+1-233-139-9791x1294,12/26/1930,"Editor, commissioning"
5400,C52cDF67acAA6A2,Shawna,Mays,Male,devon18@example.org,001-575-472-8927x91043,3/18/2017,Advertising account planner
5401,0E97a4ca1A1A191,Jill,Kaiser,Female,deckerbriana@example.org,(863)070-5512x618,11/4/1994,Chartered legal executive (England and Wales)
5402,C13f0fbdFef6Ee0,Erika,Rowland,Male,bakermackenzie@example.com,(041)192-8065x0021,5/1/2009,TEFL teacher
5403,5b391eC2c74FF6b,Alexa,Underwood,Female,leesalinas@example.com,135-489-1360x57399,1/28/1982,Insurance broker
5404,8Acdd98aCcC5A82,Darren,Cortez,Female,arielmeza@example.com,7538794930,12/9/1915,Biomedical engineer
5405,dAd89df92a0FA3A,Arthur,Estrada,Male,hoodlisa@example.net,+1-823-612-4852x596,2/11/1967,Medical physicist
5406,98CFd7dFfEaccAc,Paula,Barrett,Male,hopkinseddie@example.org,(198)603-5643,1/12/1978,"Engineer, communications"
5407,DF1c349Fa1cecb1,Franklin,Mullins,Female,monroeclaire@example.com,-10710,4/12/2013,Chartered certified accountant
5408,5B2919CFA31fdDA,Alexander,Hansen,Female,dmcgrath@example.com,4136686458,5/23/2004,Ambulance person
5409,E6621982F7ebd2c,Roberto,Dalton,Female,marisahumphrey@example.net,864.336.3219x8324,12/13/1979,Commissioning editor
5410,6A6FaaDFa2fFD81,Danielle,Herring,Male,cynthia83@example.com,579-172-1155x72431,7/30/1972,Claims inspector/assessor
5411,fFc77b19E0cAe33,Clinton,Navarro,Female,wiseholly@example.com,785.081.1502,12/29/1930,"Editor, commissioning"
5412,c09fff41aca7FeD,Todd,Avila,Male,jeanette57@example.com,001-642-110-0917x311,12/29/1913,Multimedia programmer
5413,cCFD9e5cc6b0b66,Katelyn,Chan,Female,coreyyu@example.com,-3083,7/8/1949,"Nurse, children's"
5414,77FEeDeeFF32B3E,Jill,Rowland,Female,hinesgloria@example.com,195.967.6101,5/23/1967,Pensions consultant
5415,3fb5FdAa78fB3F9,Carla,Mccoy,Female,beth00@example.com,001-204-494-0319x45369,6/7/2014,"Conservation officer, nature"
5416,6227aB4AFE02c02,Lucas,Villanueva,Female,sharonroth@example.net,929.134.4543x05057,4/5/1990,Chief Executive Officer
5417,0c06384E13A6bbf,Brandi,Carroll,Male,igillespie@example.org,475.728.7824x370,5/10/1991,Logistics and distribution manager
5418,42a9Cec9B568126,Valerie,Ellison,Male,allenjensen@example.com,796.525.8030,9/10/2015,Adult nurse
5419,21Bb6F380408eAA,Julian,Mckinney,Male,jorgegay@example.com,617-736-5898x59572,4/20/1995,"Surveyor, building control"
5420,C1BEBCAb8DaeEE7,Veronica,Rojas,Female,sawyerluis@example.com,(078)505-1365x9305,10/16/1968,"Geneticist, molecular"
5421,b49eBCC30eE0F8C,Abigail,Gonzalez,Male,clairezuniga@example.net,622.983.5727,1/1/1999,Licensed conveyancer
5422,e74d800f0f152D7,Leslie,Bonilla,Female,juliehuynh@example.net,(927)085-2970x637,10/8/1941,Human resources officer
5423,cF56ca0ebC6ba2d,Shelia,Barajas,Male,mckenzie21@example.org,490-161-1613,6/19/1955,Chiropodist
5424,2c6F1dddD4bf5Ad,John,Vaughan,Male,hectordelacruz@example.com,+1-672-538-4442x8744,3/14/1911,Financial manager
5425,dee3bfeDDDc8B37,Roberto,Cochran,Female,larsenclaudia@example.com,4373538452,1/7/1937,Maintenance engineer
5426,FdeEdc63d82E7ce,Sheena,Mckenzie,Male,xdavies@example.net,(430)351-9426x396,9/27/2014,Air broker
5427,308c6e0c68B47B2,George,Everett,Female,kaitlinhaas@example.org,001-132-465-9226,8/14/1915,"Therapist, art"
5428,DeCb92C73dF1E4f,Johnny,Owen,Female,tara96@example.com,001-427-314-9694x26732,9/24/1919,Legal executive
5429,C3aD2CACC21dfA7,Lorraine,Knox,Female,fritzshawna@example.org,313.677.6588x5462,2/3/1930,"Nurse, adult"
5430,62A99eab3937e5b,Sara,Avila,Male,julia80@example.org,448-877-2567x2690,5/6/2018,Glass blower/designer
5431,C90BA8871DeaFa2,Priscilla,Wells,Female,bergjulia@example.net,371-434-9960,4/23/1935,Air traffic controller
5432,0A6418aD8C4E5cb,Selena,Cox,Female,mullinsjon@example.com,+1-466-781-2599x393,7/29/1924,Broadcast presenter
5433,f07fdC9FD44380E,Casey,Fitzpatrick,Male,rstanton@example.org,234-018-5836,2/15/1939,"Designer, graphic"
5434,8a3ed16ea567C4f,Krystal,Nixon,Male,hollowaycasey@example.net,(730)236-8969x618,2/9/1923,Industrial/product designer
5435,3BeF94f49Ce7ae8,Taylor,Cisneros,Female,ricardo98@example.com,001-607-240-7006x584,12/14/1943,Geophysical data processor
5436,3AFe691edb23aDC,Kristi,Barnett,Female,bryanstark@example.net,-9928,10/29/1971,Fish farm manager
5437,a60690B7a0e2E3A,Tabitha,Webb,Female,thomasgabriela@example.net,808-665-9668x311,7/31/1981,Television camera operator
5438,aDeA6Fb7f9D87a7,Javier,Ford,Female,rmcbride@example.org,(428)286-8269x210,2/3/1946,Estate manager/land agent
5439,BE4eBFA2FbA0C6A,Maxwell,Mayer,Female,frances58@example.net,+1-275-342-1874x965,6/17/2019,Race relations officer
5440,A2F70Bd27B5ca0A,Micheal,Delgado,Female,helenschwartz@example.org,(010)602-0618x882,10/31/1942,Occupational psychologist
5441,dda2CA91b02FE82,Cassidy,Maddox,Female,mcintyremelanie@example.com,001-054-250-4239x6866,7/9/1995,Occupational psychologist
5442,1C3E5DefBeEbE1B,Bailey,Hodges,Male,tinabrooks@example.com,376-853-2602,8/18/1965,"Engineer, manufacturing systems"
5443,C6fa9fd8EA8Afb0,Eddie,Stewart,Male,lealexandra@example.org,199-923-8950x05364,11/14/1941,Herbalist
5444,fe7cC843E6b3f5e,Denise,Marshall,Female,lwalker@example.net,439-706-1332x1962,3/31/1999,"Surveyor, rural practice"
5445,f2AAC3DcB52DD61,Preston,Holmes,Female,leeobrien@example.com,948-325-0244x53999,6/26/1983,Accommodation manager
5446,8Cd417E22dAd288,Misty,Mckee,Female,timothyreid@example.org,421.205.8384x73640,11/24/1946,Analytical chemist
5447,445afbfA4dBCc50,Catherine,Shepard,Female,travis73@example.org,001-228-074-3000x7995,8/18/1992,"Therapist, sports"
5448,2ec2997185A7BC8,Gabriel,Reeves,Female,toddgloria@example.com,-5521,1/15/1931,Archivist
5449,CC1B6DE12DeAb8c,Gordon,Barr,Female,kschneider@example.org,5274085869,7/8/1959,Stage manager
5450,dd5eD0a7C6F8a27,Bonnie,Larsen,Male,yolandacallahan@example.com,(964)389-7202x2141,1/9/1966,"Nurse, learning disability"
5451,5902E585D51aCDb,Kristie,Rivera,Female,gmartinez@example.com,+1-474-758-3160x6244,10/2/2020,Stage manager
5452,9cDb5dfE175F02F,Tanya,Tanner,Male,kpatton@example.net,831.423.6377x931,3/27/1907,Web designer
5453,1b5A87EAbCcA7fc,Luke,Gray,Female,judith66@example.org,+1-920-855-1551x135,2/21/2015,Software engineer
5454,F9f51a57EeA2D3d,Xavier,Glover,Male,dustineaton@example.net,353.699.2843,8/15/1996,Occupational psychologist
5455,2bA00FC2c5cbBae,Debbie,Small,Male,owiggins@example.net,-8185,10/23/2009,Careers information officer
5456,Fa14CDAe808CD77,Dennis,Patton,Female,warren90@example.com,419.080.3169x6474,1/12/1935,"Horticulturist, amenity"
5457,fb3f8E4abf0DeD9,Brittney,Kent,Female,kwells@example.net,(951)484-0107x29692,10/22/1916,Seismic interpreter
5458,b13cC9058FB0665,Scott,Melendez,Male,faith62@example.com,5644227433,3/29/1929,Drilling engineer
5459,0fbAeE8617F9F8b,Regina,Howe,Male,ugill@example.net,(594)045-1382x47900,5/23/1910,Product/process development scientist
5460,6E0C9E9A6c6de3d,Francis,Charles,Female,robert66@example.com,001-178-684-6544x8212,10/28/1991,"Merchandiser, retail"
5461,2f6d0bBc9D3A537,Kerri,Blevins,Male,trasmussen@example.org,+1-063-327-8398x5620,9/23/1974,Risk analyst
5462,CA3a614AAF0F03e,Barry,Dominguez,Female,hhuynh@example.net,(479)595-6124,6/1/1993,Trading standards officer
5463,1d83d9bebD8AEfe,Taylor,Conner,Male,vickie55@example.net,5534231375,8/4/1940,"Therapist, sports"
5464,e6b9E91DDCFEBfB,Gregory,Wolfe,Male,ashlee22@example.org,001-704-875-1511x529,4/28/1939,"Surveyor, insurance"
5465,29aeD13C0E67dfe,Erica,Diaz,Female,spencermckay@example.com,001-349-721-9825x44523,9/22/1981,Exercise physiologist
5466,DeB8E33814C4eFd,Makayla,Rivera,Female,lcaldwell@example.org,001-181-300-4892x510,8/8/2010,Retail buyer
5467,f5E7b5daF043ffA,Kerri,Beard,Female,brewerpam@example.com,+1-092-483-3479x828,5/27/1935,"Lighting technician, broadcasting/film/video"
5468,9C1aaffc291b759,Oscar,Valentine,Male,maddenbethany@example.com,(324)149-3467x0622,8/20/1956,"Production assistant, radio"
5469,BDAb2CeA5FcdDe7,Kellie,Foster,Male,jill88@example.org,914.453.9017,11/21/1924,"Exhibitions officer, museum/gallery"
5470,51B07EcedfE5c50,Randy,Fernandez,Female,barreraisaac@example.org,(677)417-4459x47990,10/18/1919,Building services engineer
5471,Be0CCeA073a03Ec,Toni,Andrade,Male,darylgill@example.org,001-561-517-1612,10/12/1970,Call centre manager
5472,3d8C8DbfA1F4BD2,Wendy,Frederick,Female,dariusshaw@example.org,001-811-327-0676x69444,7/23/1935,Commercial/residential surveyor
5473,7ECEc3322e00b3c,Martin,Santana,Male,ocox@example.com,024.619.9323x566,12/28/1911,Magazine features editor
5474,4F01b0dbcCd819b,Valerie,Gonzalez,Female,rschwartz@example.com,302.441.3992x59163,12/29/1936,"Engineer, communications"
5475,cceaFAf1C5Cade2,Paula,Collier,Male,lucascarmen@example.com,417-100-8380,10/30/1967,"Clinical scientist, histocompatibility and immunogenetics"
5476,801f282cbDce7a3,Wayne,Meza,Male,claudiavincent@example.net,001-267-889-6401x7128,10/29/1971,Call centre manager
5477,9AaA7cA2554EbdF,Grace,Ryan,Female,cmueller@example.org,+1-917-066-0557x895,3/24/1945,Sport and exercise psychologist
5478,8B3Dfb0C31efC6c,Dalton,Richmond,Female,mboyle@example.org,8214079617,4/25/1929,Control and instrumentation engineer
5479,ec088c4aCaB0F80,Haley,Wilkinson,Female,deborahsexton@example.com,001-273-961-3801x6466,8/7/2005,Wellsite geologist
5480,CDb3b7DF7bfbC5F,Debbie,Rose,Female,xbuchanan@example.com,-4233,12/24/2003,"Presenter, broadcasting"
5481,14235853E75EaD2,Jonathon,Meadows,Female,pjohns@example.com,057-630-2794x665,10/16/1938,Drilling engineer
5482,2E4DeAC64CEEbbC,Sherry,Lambert,Male,gallowayangela@example.com,(266)835-6028,11/28/1967,Dramatherapist
5483,079e2CCdeDD0d3f,Angela,Huynh,Male,mayspreston@example.net,007.072.2418,2/21/1936,Chemical engineer
5484,FdA60CabfB708B4,Kelli,Burnett,Male,patrickzhang@example.net,2253422048,1/29/1932,"Designer, furniture"
5485,592dBF2E99D29Ae,Edwin,Barton,Female,debbie87@example.net,835506313,5/11/1946,"Scientist, research (physical sciences)"
5486,79ef3E0aE3A7cDd,George,Hull,Female,cristinamccullough@example.net,863-046-9155,8/4/1977,Intelligence analyst
5487,267f18B9f9daa0e,Timothy,Stephenson,Male,kperez@example.com,495-931-6920x914,10/1/1931,Multimedia specialist
5488,22142C8Aeadeb17,Juan,Baldwin,Female,fvelez@example.com,047-881-1327,4/28/2011,IT technical support officer
5489,b51Ab46047b8c64,Joann,Berry,Female,gprice@example.net,3318886064,5/23/1995,Nature conservation officer
5490,CABc7aeD5e5Aaaa,Jody,Galloway,Male,biancamay@example.org,228-371-8887x7662,12/26/1935,Diplomatic Services operational officer
5491,b9f6aAf3ae8BFAd,Lauren,Cortez,Female,terrymooney@example.org,3421050241,3/28/1955,Insurance broker
5492,7c6Ea5ef5924BB7,Andrea,Mosley,Male,fcarey@example.com,+1-746-740-9022x580,10/25/1999,Forest/woodland manager
5493,2d0E9B4CbFFfDe1,Alfred,Mullins,Male,schneidershari@example.com,529.227.8959x918,1/4/1979,Research scientist (physical sciences)
5494,AedbFAb0Ab1eE96,Bruce,Moyer,Female,marilynhester@example.net,400.921.9377x7790,7/17/1993,"Psychologist, forensic"
5495,928BEdE8CddF9ca,Judith,Newton,Male,wandadaniel@example.org,775-325-3943x58857,7/8/1961,"Engineer, maintenance"
5496,CB79bdC38586e93,Caitlin,Maddox,Female,colinosborn@example.org,7610772766,12/6/2016,Risk manager
5497,D99d570536A43A5,Kerry,Bennett,Male,neilbryan@example.org,370.636.4951x960,4/9/1969,Television/film/video producer
5498,1b4dAde5136dda9,Katrina,Ewing,Male,davisbrett@example.com,001-830-348-6715x164,12/8/1910,Pensions consultant
5499,B951EFfFd098F78,Evan,Shelton,Male,nstrickland@example.com,316.193.5322x3333,7/29/1942,Licensed conveyancer
5500,f495ffE4478EAf8,Margaret,Hughes,Male,narmstrong@example.org,001-766-935-4527x9725,6/10/1911,Speech and language therapist
5501,3a7bAdCDd65baa9,Kristina,Simon,Male,amerritt@example.net,(688)822-6046x7278,12/6/1970,"Engineer, petroleum"
5502,7d45F1fDAdbaBaa,Kristin,Bray,Male,john13@example.net,131.674.1878,11/22/1961,Magazine journalist
5503,AB87eE7E28F6b10,Jessica,Bates,Female,stephenalvarez@example.net,001-968-079-6487x302,1/9/1992,"Engineer, communications"
5504,2f6D8CC92F8beB5,Xavier,Tanner,Male,mknapp@example.net,338-512-6285x08448,3/10/1912,"Teacher, music"
5505,3CE187C18C4FfF0,Katie,Valencia,Female,lcuevas@example.net,001-868-183-2827,6/13/1979,"Scientist, research (maths)"
5506,c4eEd338c66Ca3A,Martin,Wade,Female,gainesalexandria@example.com,(082)818-0444x067,8/26/2021,"Engineer, technical sales"
5507,Ff56A7031afbd6c,Cynthia,Lutz,Female,pricecaroline@example.com,389.804.4211,5/10/1917,Financial planner
5508,84B66f7f2fDe331,Damon,Mccullough,Male,gwendolynmathews@example.com,965.835.8804,1/12/2022,Psychiatric nurse
5509,F9B19E1E3F321d1,Vickie,Hartman,Female,megancannon@example.net,317.796.6136x4585,12/3/1918,"Education officer, museum"
5510,5eAf20ca7CC49ae,Jared,Newman,Male,jorivera@example.com,243-651-8705,7/4/1999,Petroleum engineer
5511,3f51F96dCEdEB2b,Veronica,Bradford,Male,jorge54@example.com,9293658548,8/1/1977,Production manager
5512,CfD138C2F0a5Fa3,Evan,Haynes,Female,morsecurtis@example.com,-3540,12/11/1953,Industrial/product designer
5513,997c22DbB2f7c9C,Sharon,Terry,Female,waredarius@example.net,+1-275-929-7905x99462,1/22/1925,Chartered management accountant
5514,4F87Af72b3AE3F6,Philip,Collins,Female,gtucker@example.com,001-275-976-6363x0893,9/6/1987,Information systems manager
5515,C07B4BEEFAB8b8D,Latasha,Quinn,Male,gatesdonald@example.net,259.107.8238,3/26/1995,Magazine journalist
5516,1F3Aaf993e3f9f9,Dan,Stephens,Male,bergerjesus@example.net,271-515-8148x0442,10/27/1959,Drilling engineer
5517,6b6f8f7cc5A0F4D,Heather,Hammond,Male,pattywolf@example.net,936.197.5510,5/3/2001,Health and safety adviser
5518,e6deEa5f4a80efd,Erin,Barker,Male,madeline75@example.net,(633)196-3907x860,7/2/1933,"Programmer, multimedia"
5519,1E4DC6bB558683c,Mia,Rosales,Male,parkerchang@example.net,+1-790-999-7303x83727,7/10/1966,Quarry manager
5520,bf1C41aC8aE28c5,Evan,Howard,Male,staceyandersen@example.net,420.320.2951x2480,3/1/1941,Air cabin crew
5521,De4cF8656E51F7F,Guy,Sellers,Female,bmercado@example.net,001-527-935-5264,10/28/1952,Rural practice surveyor
5522,FE75b1Cc7adDa0A,Trevor,Patterson,Male,tammiescott@example.net,+1-562-807-0625x29369,10/6/1983,"Scientist, research (maths)"
5523,a3fEf2eF7132d6C,Molly,Yang,Male,dominic08@example.net,(480)511-2716,2/12/1952,"Programmer, multimedia"
5524,0E5e1b5422D6Ad9,Edgar,Dodson,Female,jasmine67@example.org,(961)502-5050,2/11/1961,"Administrator, sports"
5525,d4743c388CCB4e7,Brianna,Lynch,Female,bgray@example.com,443-168-2660x33722,9/26/1935,"Engineer, broadcasting (operations)"
5526,48Fb3e95f07DAd5,Veronica,Austin,Female,makayla14@example.net,407.669.7557,11/20/2001,Dance movement psychotherapist
5527,CF6540eEEb6f5e0,Darius,Jimenez,Female,vbridges@example.org,7346665307,8/21/1927,"Surveyor, building"
5528,cE2FBCfD7a1BcBb,Gerald,Wilkerson,Female,vickie97@example.com,+1-754-020-4205x70059,1/7/2022,Landscape architect
5529,d400c8Fd9CDBFfd,Gail,Frank,Female,rshea@example.net,+1-265-847-7931x9383,5/2/1984,Police officer
5530,ac5C4adD02c1E1C,Tamara,Chan,Male,wfitzpatrick@example.org,7110582994,5/25/1955,Secretary/administrator
5531,669Deb98b83A7F5,Mackenzie,Clark,Male,twoodard@example.net,+1-292-524-8583x139,6/1/1912,Arts administrator
5532,9c3c33Bfa511E90,Summer,Vincent,Male,robleslouis@example.org,001-175-636-4469,4/28/2004,Phytotherapist
5533,B90564Ad73C3d7f,Lisa,Trevino,Female,mcphersoncarl@example.com,+1-975-339-7140x84511,6/9/1963,Conference centre manager
5534,d9ce1938BBd67DD,Chad,Robles,Male,deannahouston@example.com,-9594,1/1/1924,Naval architect
5535,7a96cC0BF5d5BAb,Dominique,Blankenship,Female,joeldavis@example.org,173.310.6719x21281,3/18/1967,Transport planner
5536,03a18A172fEe4Db,Lynn,Chan,Female,castroruth@example.net,107.428.7304,5/15/1994,Careers adviser
5537,153eF3668390fA0,Tabitha,Christian,Male,vschwartz@example.org,001-902-756-8628,1/10/1923,Senior tax professional/tax inspector
5538,eE6066E012Cfe1C,Andrew,Velazquez,Female,mollysingh@example.org,517-437-3807x24671,8/13/1947,"Librarian, academic"
5539,8F4Bdeb89b0D0b7,Ernest,Hunter,Male,davisjulia@example.net,264.260.2099,6/22/1968,Podiatrist
5540,8f363ed2fEF6e45,Walter,Spencer,Female,umadden@example.org,5900666692,6/9/1953,"Designer, graphic"
5541,351CEacDeD1DD35,Dawn,Hicks,Female,hebertmindy@example.com,753.087.5153x21133,5/9/1983,Midwife
5542,0bD3Fd636ac57B1,Ernest,Liu,Male,bruceboyle@example.net,449.899.8501,1/26/2003,Special educational needs teacher
5543,Bf8dFb33FC5BAc9,Rachael,Atkinson,Male,derrick57@example.com,(900)608-4514,4/4/1912,"Development worker, international aid"
5544,188B4DFbDDeb07D,Frederick,Morton,Female,proctorvictor@example.com,001-809-397-9632,1/19/1971,Dance movement psychotherapist
5545,BE5526bC4fED42d,Rose,Best,Male,loretta74@example.com,001-049-335-0341x688,12/4/1997,Training and development officer
5546,F4b275ED01569dD,Kathy,Berry,Female,gaineslevi@example.com,200-639-6580,9/21/1925,"Engineer, agricultural"
5547,0A6BF8AFebd1C32,Evelyn,Cooper,Male,bmosley@example.org,(071)559-6527x08413,10/16/1950,Equality and diversity officer
5548,a18C33A5a2d854C,Tara,Crosby,Male,eileenponce@example.org,(974)579-7907x98035,7/23/1986,"Accountant, chartered certified"
5549,A4c5fde6D2A7731,Jocelyn,Obrien,Male,phillipsmarilyn@example.org,-10044,7/23/1975,"Research officer, government"
5550,bfD1bd7ca01C88a,Lawrence,Gibbs,Female,ochoamario@example.net,(857)133-8627,8/12/2011,Health and safety inspector
5551,49cDb93DeEDa4c4,Whitney,Baldwin,Male,vmeza@example.net,(181)279-0648x713,4/26/1915,Merchant navy officer
5552,B36dccbF6F820f4,Mark,Mercer,Female,fernando48@example.com,171.683.8700,10/22/2015,"Pilot, airline"
5553,EA4c3c7A5AC8dbE,Debra,Copeland,Male,chelseygalloway@example.org,001-037-169-4373x6553,11/20/2006,"Surveyor, planning and development"
5554,0aaD2DDe59f7e6A,Kristin,Bridges,Male,nina09@example.com,001-994-538-8208x0671,8/9/1933,Firefighter
5555,a397FdBcBEb1Dc0,Kristine,Leonard,Female,ohobbs@example.com,-5952,5/20/1949,"Engineer, maintenance"
5556,1EdBCaaFe0aF734,Kim,Monroe,Female,wwells@example.org,+1-654-846-2612x3497,11/10/1960,Arts development officer
5557,FED02ebc5ed9895,Randy,Bowen,Female,kochheather@example.net,740-571-0799x8752,5/4/1908,Futures trader
5558,cCE259d0772CDfc,Christopher,Cuevas,Male,scott73@example.com,(781)125-4443x3714,6/23/2016,"Administrator, arts"
5559,e9cF8229deda1a5,Collin,Mcclure,Male,jacksonnoah@example.org,888.261.9162x691,8/10/1970,Nutritional therapist
5560,3E868F1ecffd2CB,Jennifer,Acosta,Female,judithmeza@example.com,+1-449-423-4155x61245,4/14/1976,"Engineer, broadcasting (operations)"
5561,aBdebdCe5Eae7D3,Brandy,Pruitt,Female,longrobert@example.net,+1-661-192-0420x9248,10/1/1934,Operational researcher
5562,CC5dc3fffeA9Cfd,Isabella,Cannon,Female,hessdale@example.com,001-376-726-3687x065,8/1/1946,Higher education lecturer
5563,BB21CC6eeD5C7DA,Ronald,Rowe,Female,brycesweeney@example.com,-4648,1/10/1910,"Lecturer, further education"
5564,478224c820AE39C,Joe,Cooley,Male,eroth@example.com,(356)309-0023x43655,8/1/1937,Health promotion specialist
5565,c8dc25C0a1EcAB0,Leonard,Hood,Female,xfuentes@example.com,861-024-9798,11/18/2005,Audiological scientist
5566,6bA6670Baa50B4c,Judith,Osborn,Female,cathymarshall@example.org,+1-425-588-9476x79143,12/5/1986,Marine scientist
5567,c8B5bdfA5182efE,Daryl,Hodges,Female,darinmclaughlin@example.org,6133841161,11/13/1930,"Engineer, maintenance (IT)"
5568,03fdCBCc7eb558B,Tamara,Jordan,Male,gkline@example.com,1199168806,11/7/1929,Multimedia programmer
5569,ebe53Aaa09D6c07,Jack,Riggs,Female,renee11@example.net,3540270395,7/23/1926,Police officer
5570,9EFEcD7BeB8E4Be,Ricardo,Boone,Male,dorisarias@example.org,698.296.5542x33948,10/5/1931,Art therapist
5571,E3Ef2D5d4cADF9C,Kirsten,Golden,Male,gabriel10@example.com,(643)427-1851,5/17/2001,Games developer
5572,BeE9ff97F652aBe,Penny,Malone,Male,perryhale@example.org,001-797-838-1063x69680,2/10/1990,Clinical research associate
5573,95d76Ac15A1700e,Kendra,Dillon,Female,janicebenson@example.org,+1-992-500-0682x75050,8/20/2011,Trade union research officer
5574,aCD247c9f1f4EF2,Caitlyn,Branch,Male,kberger@example.com,000-695-0668,8/30/1910,Arts administrator
5575,7bCF213c14dEb2c,Steve,Shah,Male,guy44@example.net,180.503.7317x626,9/7/2011,Retail merchandiser
5576,94ae0C66aaBAAFe,Terri,Vaughn,Female,trujillocindy@example.com,+1-981-194-1770x344,11/5/1991,Art therapist
5577,d7a5D35cF786Ecb,Terrance,Mata,Male,latashabarnes@example.net,(383)092-7289,7/19/1929,Exhibition designer
5578,ea81bB608EbbBfE,Ann,Rivers,Female,freemanshelley@example.net,2869791052,6/27/1937,Quality manager
5579,6c1E0BE8533df4B,Andrea,Gonzalez,Female,leroy09@example.net,-4128,10/18/1938,Operations geologist
5580,f6d2eeecFCF2074,Stanley,Obrien,Female,kathy99@example.org,462.494.9160x26879,6/9/1965,Higher education lecturer
5581,CbEEaB1B43F71A5,Gail,Rosario,Male,gail97@example.net,365.274.0007x6735,8/7/1987,Print production planner
5582,81e04dba19B400e,Sergio,Gates,Male,stacy49@example.net,(169)268-2526x282,1/29/2003,Charity fundraiser
5583,c9bfCDc0B4DCc71,Clifford,Morton,Female,logancombs@example.net,785-459-7095,8/16/1974,"Producer, television/film/video"
5584,9c85b9cd7AD8b73,Ray,Cole,Male,brodriguez@example.com,(564)933-9396,4/21/1973,"Research officer, political party"
5585,cE81Ab97eAbAb6D,Taylor,Howell,Male,gibsonbonnie@example.org,515.665.3242,12/13/1934,Diplomatic Services operational officer
5586,aa7801a4929E10d,Kerri,Hanson,Male,rebecca14@example.com,001-213-289-2000x114,12/15/1960,Civil Service administrator
5587,5DD6D2FcC16F67b,Greg,Hartman,Female,emma21@example.com,(098)948-3637,5/1/2022,Merchant navy officer
5588,56FC5aCBa4F8cBF,Leah,Coffey,Male,oscar74@example.net,001-083-256-1928x2064,2/9/1910,Set designer
5589,bec538c2EF6c250,Levi,Peterson,Male,spearsalbert@example.org,+1-598-844-2031x716,2/20/2009,Health and safety inspector
5590,9CC9fd14C7724ff,Katherine,Parks,Female,annemorris@example.com,(864)689-1222,8/24/1950,Psychiatric nurse
5591,24c1A2B6BCAB508,Arthur,Adams,Female,christinakane@example.net,004.129.8981,9/1/2004,"Social research officer, government"
5592,e0b3A9ADbB027c4,Haley,Contreras,Female,manuel90@example.net,001-518-278-5420x7657,5/7/1976,Neurosurgeon
5593,f7a27AeB5C1Aa68,Keith,Cordova,Male,rmora@example.org,001-999-487-8865x5517,2/21/1928,Passenger transport manager
5594,9841Cb6E45612A6,Randall,Mullins,Female,rmorris@example.com,207.301.0297,10/8/2000,Best boy
5595,F572Ac1CC797D06,Elizabeth,Werner,Female,lrichmond@example.com,480.911.6495x63081,10/20/1978,"Designer, blown glass/stained glass"
5596,2AF289eef5aEecc,Shari,Hurst,Female,nberg@example.org,142-876-7425x9073,12/20/1953,Colour technologist
5597,96c3b31B45a6aD5,Karina,Norton,Female,willisfernando@example.com,152.339.6520,11/8/1923,Educational psychologist
5598,DCb42CfC233C14B,Dakota,Romero,Female,tgallegos@example.com,001-605-996-1216x42340,6/11/2008,Mechanical engineer
5599,5492f11fA3A07Ed,Wanda,Pruitt,Male,caroline51@example.com,(420)806-8527x445,7/3/1912,"Therapist, music"
5600,DCFFADC18876777,Jordan,Mathews,Female,sarah95@example.org,612.737.3060x64647,6/12/1994,"Psychologist, prison and probation services"
5601,F923cCCf2DbB102,Wyatt,May,Female,elittle@example.net,(266)468-2554x3749,10/22/2021,Production engineer
5602,e74ff6e1e89f081,Allison,Hanna,Female,jaime15@example.net,(750)225-9842x1708,1/14/1966,"Secretary, company"
5603,eA3Bc0B14FcBC2C,Kristin,Glass,Male,jasminejacobs@example.com,001-719-683-8085x75702,11/21/1924,Sports development officer
5604,587Dcc0DA1F5bbC,Mario,Pruitt,Male,nathanielmorris@example.net,7187806723,6/17/1968,Information systems manager
5605,21b98f343dC8Fed,Reginald,Price,Male,lmathis@example.org,(305)884-5922x7001,1/30/2017,Meteorologist
5606,97df2EB9187A8A0,Michele,Jennings,Male,twilkerson@example.net,9609571422,4/25/1949,Archaeologist
5607,FFE3E3f060CfecE,Kristine,Pittman,Male,rbanks@example.org,756-694-8168,12/13/1916,Hydrogeologist
5608,F8FC8E7cE8Ece19,Joanna,Schroeder,Female,xvasquez@example.org,+1-792-688-1970x102,7/5/1977,"Engineer, communications"
5609,eD201FeD34a54ed,Eileen,Hammond,Male,qturner@example.com,001-697-269-2403x02660,12/8/1999,Land
5610,8adD9bed9496f41,Doris,Serrano,Male,osandoval@example.com,+1-162-142-4057x6946,3/27/1926,Land/geomatics surveyor
5611,F1a0d90ca0fCfaE,Terri,Henry,Female,javierbright@example.com,(536)435-7046,12/25/1979,Medical laboratory scientific officer
5612,8fceA14a30AFBd9,Matthew,King,Male,janewarren@example.org,(405)886-8597,9/23/1942,Media planner
5613,CACe8Ab0d96DcAa,Nancy,Welch,Female,jonathonschmidt@example.com,888.733.6598x12709,3/18/1912,Fisheries officer
5614,885A35C1eDBbDdB,Chris,Mora,Female,mossnathaniel@example.net,971.891.8990x703,11/27/1913,Fine artist
5615,bD9FA4e448fDAFe,Ricky,Wells,Male,roy54@example.net,235-097-6232x0058,3/27/1933,Commissioning editor
5616,fBBaD0B593C14aC,Betty,Weber,Female,makayla63@example.net,436-199-7078x219,12/10/1933,"Education officer, environmental"
5617,bdFDF897c27317b,Gregg,Orr,Male,madison12@example.org,-2001,11/28/2001,Paramedic
5618,74d3Fb5Fc2E830F,Vanessa,Harper,Male,stephensandoval@example.com,012-784-3937x8195,5/8/1930,Product manager
5619,Fa13BDd9C4a2721,Sandra,James,Male,tmadden@example.org,(078)202-6715x06182,4/19/1986,Orthoptist
5620,DEECdEE12D5c5Bd,Kristi,Soto,Male,rbowen@example.net,230-220-6263x651,8/7/1924,Charity officer
5621,de0acB50E03Ebae,Sara,Hubbard,Female,yhogan@example.net,(306)197-5810,12/18/1970,"Civil engineer, contracting"
5622,b0ffD123a4b22dd,Marvin,Fuentes,Female,wesleyharrison@example.com,276-237-5213,4/12/1991,Lexicographer
5623,1978D79fb05CC9a,Elaine,Tyler,Female,danielburke@example.com,(509)216-2619,6/13/1980,Visual merchandiser
5624,Ce56a26C76eAc15,Jenna,Vasquez,Male,bbenson@example.org,+1-609-569-0974x4547,6/28/1919,Technical sales engineer
5625,8A3f2Bf5aACb416,Todd,Brock,Male,staceyperez@example.com,563-537-5969,10/27/1990,Medical secretary
5626,43eFE2d072aAb50,Gloria,Irwin,Female,latoyajohnson@example.org,473.327.6199,10/21/1994,Public librarian
5627,7A5a0A67D343ECd,Patty,Bishop,Male,audreygibson@example.org,+1-192-701-1559x66952,10/27/1981,Arts development officer
5628,21A84bb812fa171,Derrick,Mahoney,Female,ryanjenny@example.com,001-467-372-8270,2/10/1960,"Engineer, broadcasting (operations)"
5629,DD34Efe542Dd1DF,Wesley,Acosta,Male,twilkinson@example.org,378-109-3264x443,8/19/1970,"Teacher, adult education"
5630,A6206f12AD7D3ce,Spencer,Valencia,Male,vicki76@example.org,256-080-5231,7/31/1989,Restaurant manager
5631,0dAa4DF3AAFA9Ce,Katrina,Sosa,Female,vicki57@example.org,758.972.2371x124,4/3/1991,Fashion designer
5632,5EA5EE1ab04191b,Robert,Davies,Male,rwhitaker@example.net,+1-672-602-5654x39347,4/13/1979,Dance movement psychotherapist
5633,Df85Ddcd5cCBC3F,Ebony,Park,Female,jerryanthony@example.org,293.050.8649,8/18/2002,Social researcher
5634,2D926Ae1Ad594D5,Sandra,Butler,Male,evanscott@example.org,-1415,8/8/1918,Film/video editor
5635,79bCEAe2E2f7125,Jesse,Irwin,Male,marisaparsons@example.com,865.974.4611,7/10/2002,"Copywriter, advertising"
5636,aFE56F2a9Ac5e14,Neil,Dougherty,Male,roachtanner@example.org,+1-407-266-3031x5175,5/9/1987,Museum/gallery exhibitions officer
5637,8295e3EB2A16AAD,Calvin,Moss,Male,manuel55@example.org,204-489-0656x678,6/14/1942,Soil scientist
5638,2B7dA5516CEE5CF,Brendan,Meyers,Female,vramsey@example.org,6008747885,2/22/1948,"Designer, fashion/clothing"
5639,141D8daC4a9f4fD,Destiny,Cruz,Male,montoyajenna@example.com,+1-691-158-8599x0754,9/16/1999,Quality manager
5640,5a3FbAc6efb4eC2,Karen,Cantu,Male,durhamedward@example.com,+1-932-753-1300x399,5/2/1958,Garment/textile technologist
5641,61E602FA8Dd50B5,Leonard,Stout,Female,yorktheresa@example.org,837.013.7273x152,11/22/1971,"Conservator, museum/gallery"
5642,a19e502Eb2457F5,James,Melendez,Female,morsemanuel@example.net,(251)018-4098x2406,4/22/1953,Private music teacher
5643,fa6Fa1dD57CDd33,Derek,Tyler,Female,roberta22@example.net,117-195-7010,7/18/1953,Amenity horticulturist
5644,FabEf1DfA528C91,Joshua,Bush,Male,rachael23@example.org,206-881-2816,5/31/1951,Production manager
5645,bdb1f88964ffF4e,Tonya,Rojas,Male,justin79@example.net,230-741-3674x92488,9/22/1918,Chief Strategy Officer
5646,D3Dd8c03E5262e1,Hayden,Hudson,Male,castroamanda@example.net,(545)625-2678x2149,10/7/1947,Ranger/warden
5647,3B30DDD9C5EDc5C,Stacie,Sanchez,Male,ipierce@example.org,+1-172-894-1023x54119,10/12/1993,Dancer
5648,92d1E10e11c10c2,Carly,Jenkins,Female,dbright@example.org,001-980-197-5540x61443,12/20/1954,Statistician
5649,b4b863c98CDECCa,Diana,Whitehead,Female,shellyromero@example.net,001-072-208-5643x5868,4/1/1921,Aeronautical engineer
5650,a0ed6aCbbB9935a,Sheryl,Simon,Male,sonya27@example.com,(420)054-5918,10/3/1915,Cartographer
5651,BacC2b1DAdcd8dC,Ariana,Chavez,Male,marcia51@example.com,(505)158-6288x3659,11/19/1949,Multimedia specialist
5652,b94FAfda6Eac028,Chelsea,Casey,Female,zyork@example.com,-8259,5/30/1977,Tree surgeon
5653,EAaf4cA8b1d8039,Jackie,Mejia,Female,drakemartha@example.com,332-246-0671x44635,10/24/1947,Accounting technician
5654,986eF4b7E140b40,Antonio,Tate,Male,mblankenship@example.net,148.993.6896x999,11/11/1920,"Optician, dispensing"
5655,0e36EFAeaB83f33,Aimee,Berry,Male,fpotts@example.com,(375)263-6285x138,6/23/2021,Agricultural consultant
5656,3625dC3B1cf5F8f,Lynn,Wyatt,Male,darlene32@example.com,001-877-750-0954x92249,12/20/2004,Medical sales representative
5657,Baa7dCDd36AbCeC,Colin,Poole,Female,mollywoodard@example.org,+1-523-262-4414x7410,11/19/2007,Passenger transport manager
5658,f44A7351CccE461,Ellen,Baird,Male,catherine02@example.com,001-272-238-3451x44296,6/22/1967,Camera operator
5659,4ea745e29cDC836,Willie,Cook,Male,smalltoni@example.net,(993)923-7566,2/24/1952,Land/geomatics surveyor
5660,81ABA2d5ba906BD,Priscilla,Madden,Female,ortizalvin@example.net,686-097-4622,2/15/1926,"Nurse, adult"
5661,1b19823Bcf2Ee3d,Molly,Hancock,Male,isaac91@example.com,(710)071-5684x7362,6/16/1991,Health promotion specialist
5662,26aA98dA2BbaA45,Kathy,French,Male,marcriggs@example.net,1085601966,3/27/2020,Microbiologist
5663,BA3c120BCDB9dFa,Dorothy,Rose,Male,hodgesbrandy@example.com,(862)734-7218,10/6/2002,Tree surgeon
5664,5bbbF64Ba037DDa,Nina,Evans,Male,tracyortega@example.com,702.613.2625,3/13/1981,Retail banker
5665,dFEfDd7EcF9d533,Candice,Ewing,Female,jade08@example.com,+1-907-103-3250x6569,1/8/1973,"Engineer, energy"
5666,daCc1aBbce64dFb,Dominic,Melendez,Male,oliverroy@example.net,+1-499-348-1751x0620,11/11/1916,"Loss adjuster, chartered"
5667,e7a6aCEEfF8b9DA,Susan,Chapman,Female,valerie14@example.org,716992904,7/8/2013,Chartered accountant
5668,aA844A07F9E8da4,Latoya,Mcdowell,Male,ogibbs@example.com,(211)844-5484x857,10/2/1959,"Scientist, marine"
5669,c1DC2e418C98536,Neil,Drake,Male,lukehorne@example.net,7484307978,3/1/1924,Geographical information systems officer
5670,479edb01B4712C0,Christian,Barr,Male,starkhailey@example.com,548-577-6801,4/27/1937,Careers adviser
5671,AE269daFd22A639,Alyssa,Walsh,Male,virginiaaguilar@example.com,-7902,8/31/2017,"Administrator, Civil Service"
5672,DcCdfce5E0e5eA1,Rickey,Byrd,Female,schaeferkelly@example.net,206.118.2031,10/16/1955,Medical sales representative
5673,18fCDed6cEb5A2e,April,Hill,Female,kathydouglas@example.com,(843)516-0984x190,5/20/1974,Biomedical scientist
5674,46Cb14F0be3afbC,Brittany,Barrera,Male,henryle@example.org,997.977.0764,9/24/1931,"Surveyor, hydrographic"
5675,c9E4844934dba6f,Stanley,Flores,Female,torressally@example.org,(112)741-2852x1125,10/19/1984,Immigration officer
5676,D3d0Feba85195FF,Olivia,Walters,Male,iduke@example.org,442.940.3012,4/3/1997,"Therapist, music"
5677,DBBFEbf999DfBBf,Evan,Case,Female,dpeters@example.net,900-849-1703x00099,1/24/1998,Commercial art gallery manager
5678,f2677DD4C87BBa4,Ebony,Mcdowell,Male,xdowns@example.org,304.597.1672x0266,4/11/1984,Astronomer
5679,A0E2b3f49D1eaBb,Stefanie,Sellers,Male,claire58@example.com,(872)868-1905x614,7/24/1975,"Runner, broadcasting/film/video"
5680,c7f9d15831E6dDf,Miranda,Collier,Male,psantos@example.org,001-656-479-9360x827,4/24/1980,Chief Strategy Officer
5681,16b2cAfa4816be6,Adrian,Nielsen,Female,yreed@example.net,524-160-7231x9585,4/10/1956,Probation officer
5682,4B2588485FBB0c3,Brandon,Fleming,Male,odomjesus@example.net,518.620.2098x48700,11/21/2017,"Civil engineer, consulting"
5683,3DbB546D5ca7BD9,Monique,Serrano,Female,javier49@example.com,732-750-1063x1633,9/13/1964,Chief Strategy Officer
5684,e3FCb81FB25069d,Haley,Costa,Male,campbellcaitlyn@example.org,900-142-6259,8/7/2013,Probation officer
5685,9BfF0eB097437f5,Craig,Cervantes,Male,gouldjeanette@example.net,001-568-641-6667x47862,9/14/1988,Communications engineer
5686,B8FebDBa5BC3CAd,Shane,Harding,Male,ubooker@example.net,859.762.0931x6020,7/24/1923,Legal executive
5687,C49d2FA9fFCaDC7,Cynthia,Romero,Female,kimmercer@example.net,001-998-206-9824,1/31/1998,"Scientist, research (life sciences)"
5688,E2D3Bb38F915aD4,Howard,Daniels,Female,vwatson@example.net,(248)678-4912x0386,9/9/1965,Media buyer
5689,beD65a0bE6aDaE3,Tammy,Blake,Female,santosmichele@example.com,+1-288-394-4769x77956,1/10/1958,Risk analyst
5690,e1AEBEabBB5e5A6,Sandy,Joseph,Male,alvarezgeorge@example.net,(323)989-2948x76580,6/15/1992,Petroleum engineer
5691,70C2CA6bb9b94D0,Albert,Boyd,Male,ronald48@example.net,(934)108-3662x77400,7/20/2015,Occupational psychologist
5692,84c5C9Dd5C284ff,Tommy,Powers,Female,floydjay@example.com,397.213.1839x51275,2/7/2005,Gaffer
5693,4a0EFdC5DAEdBEb,Dana,Mendoza,Female,wyattjanet@example.com,001-804-409-3600,9/8/1986,"Therapist, speech and language"
5694,A17eC665aaEEA2A,Colleen,Trevino,Male,jeanconley@example.com,(099)271-3002x60836,4/15/1928,Occupational hygienist
5695,dfBE83130F41C88,Connie,Garrison,Male,thompsonalice@example.net,001-020-710-8903x61101,1/23/1950,Therapeutic radiographer
5696,737BB4D66568DCC,Paul,Mora,Female,herreramartin@example.net,835.131.5795x445,8/31/1965,"Editor, film/video"
5697,e3D4F7A9B3fB0C6,Courtney,Frank,Male,stacieklein@example.org,880.676.7359,7/21/1971,"Surveyor, land/geomatics"
5698,cc8eF6B058bF83f,Karen,Norman,Female,noahwang@example.com,199-879-6568x149,9/9/2017,"Lecturer, further education"
5699,315bFaaad68eDed,Joel,Barajas,Male,devin03@example.net,001-427-296-9009,10/24/1949,Insurance claims handler
5700,edEc4Da8eAD42BD,Douglas,Hebert,Male,kharrell@example.net,(968)247-5371x8486,1/25/1927,Research scientist (physical sciences)
5701,A1db2cC576c1A5c,Dalton,Reyes,Male,mcphersonanna@example.com,(905)946-2026x20073,5/1/1978,"Designer, exhibition/display"
5702,Fc05AC3Fbc61DB1,Whitney,Ho,Male,joseandrade@example.org,036.941.5887x22780,8/1/1909,Intelligence analyst
5703,d6BB6D220d8AbCf,Ruth,Rhodes,Female,erinallen@example.com,150-303-9853x81708,6/29/2020,"Administrator, arts"
5704,Cf4d8bdaaB0Dfcb,Dwayne,Paul,Female,shawna37@example.net,9257193172,12/31/1972,"Geologist, wellsite"
5705,6e55E95bfFcdbdb,Ruben,Boyd,Male,travis68@example.net,4369159010,10/26/1914,"Librarian, public"
5706,90ae7B22cD2B4a3,Tanya,Cortez,Female,bethberry@example.net,001-425-094-2445x0104,1/7/1985,"Engineer, building services"
5707,148Ae1D0d0bCE77,Frank,Mcclain,Male,mandy92@example.com,001-244-221-6835,12/15/1966,Actuary
5708,Ed5FaBd6289e5d9,Darryl,Sampson,Male,dwaller@example.com,967-767-9799,3/29/2015,Mechanical engineer
5709,dDFbA8eFD67dA9c,Jean,Guerrero,Female,richardnoah@example.org,+1-112-470-3606x483,10/24/2007,Water quality scientist
5710,e8E2BAdBdAD9A73,Lacey,Gaines,Female,garrett28@example.com,618.322.1873x120,11/22/1961,"Designer, multimedia"
5711,3f7b6a3d4a1C284,Miranda,Oconnor,Female,qwebb@example.org,(161)225-1282x549,12/13/2003,Communications engineer
5712,2D47a36f9cbD7Ea,Daisy,Henderson,Female,charlene40@example.org,574.179.1368x32620,6/11/1912,Corporate investment banker
5713,fA73dedD3FF3Ce1,Bonnie,Flynn,Male,brianmcgrath@example.org,001-330-600-1585,4/10/1972,"Pharmacist, hospital"
5714,9AA80a92cbFFCf8,Dan,Harmon,Female,nancycampbell@example.net,292-781-7320x2116,2/8/1929,Nature conservation officer
5715,F035B7aa7Db5072,Joel,Padilla,Female,lindaromero@example.org,(890)150-7000,4/15/1910,Agricultural consultant
5716,7F958de544Fb31E,Audrey,Norman,Female,ellendowns@example.com,001-459-496-9530x1357,1/9/1912,"Surveyor, minerals"
5717,F6a71E2Fb18E454,Miguel,Roy,Male,christinerosario@example.org,+1-671-728-3526x5793,8/20/1926,Haematologist
5718,dfc7e279E2a733F,Gordon,Henson,Female,tnguyen@example.com,(152)032-7545,6/21/1968,Television/film/video producer
5719,905C9042B3Ada80,Fernando,Noble,Male,dneal@example.com,5651645601,10/5/1948,Intelligence analyst
5720,4cBDE0ba3724dB8,Mackenzie,Haynes,Male,heather55@example.org,4828283238,5/14/1934,"Geologist, wellsite"
5721,1487CF8f7aFaFfA,Tristan,Mueller,Male,michaelakaiser@example.net,+1-630-025-8779x0290,12/23/1983,Television/film/video producer
5722,80c78F24DfE810d,Gabriela,Brandt,Male,fvazquez@example.net,(557)366-6329,8/28/1995,Manufacturing engineer
5723,57FCE7Cfa7FD5c9,Allison,Cantrell,Female,brian63@example.net,709.514.2766,12/18/1998,Radiation protection practitioner
5724,a3AFECbBb6c521B,Alyssa,Waller,Male,vyates@example.com,592-246-8247x8140,8/13/1961,Communications engineer
5725,c06a52AFF80B9bD,Thomas,Howell,Male,charlene84@example.net,3303281443,3/17/1907,"Psychologist, forensic"
5726,D4ad9eDecAca6ae,Kirk,Hodge,Male,umccoy@example.com,472-548-1202,11/25/1970,Exhibition designer
5727,af9DA2a5cC9ccb5,Lisa,Small,Male,townsendcharles@example.com,046.509.6066x7961,9/30/1925,Dancer
5728,Fae4E0fe9e368E1,Melinda,Rosales,Female,jamesandrea@example.net,885-190-3034,3/28/1961,Marketing executive
5729,c3Af709FDbDbcd6,Patty,Miller,Female,marygoodwin@example.net,(813)919-4110x443,9/9/1988,Pensions consultant
5730,DdeA6FB2FcfC7DB,Valerie,Preston,Female,tracyhickman@example.org,(026)707-2275,11/5/1921,"Surveyor, rural practice"
5731,93FCBeacA2C31E8,Gilbert,Underwood,Male,veronica30@example.net,001-362-069-5538,3/1/1912,Animal technologist
5732,8BaF347dE5ED69E,Chris,Haas,Male,atkinsmandy@example.com,(809)991-0563x1509,5/14/1913,Tourist information centre manager
5733,dedE9FE55FB060C,Misty,Esparza,Male,april09@example.org,108.103.1216x57046,11/17/1980,"Education officer, community"
5734,92Af72bfDfa7cdC,Patricia,Fernandez,Female,raymond66@example.net,001-704-114-3606x03472,6/13/2001,Contractor
5735,aAd586C16a8ff8f,Marco,Nolan,Female,ystokes@example.net,(049)187-1954x44488,11/9/1938,Horticultural therapist
5736,9fB6b19CBD3ddDb,Holly,Maddox,Female,clayton61@example.com,605.747.7135x5279,2/28/1996,"Engineer, broadcasting (operations)"
5737,aD4A0FC14cEEf7F,Kaylee,Carter,Male,shirleymcbride@example.com,+1-837-010-3471x18521,1/14/2007,Tax inspector
5738,1060472E31Ad8c3,Shelia,Miller,Male,torr@example.org,+1-355-989-0256x266,8/15/1934,Financial controller
5739,556B3BA7fFED8c6,Kurt,Munoz,Male,hancockvirginia@example.net,-7224,12/19/1928,"Engineer, agricultural"
5740,8669dB5d05Cb2dc,Faith,Hoover,Male,brandifisher@example.com,(403)759-4717,8/30/1978,Purchasing manager
5741,c0eC2Fc8EED7188,Miguel,Casey,Female,veronica55@example.org,186-035-4898x898,12/23/2001,"Nurse, mental health"
5742,F921301783800a0,Cassidy,Spears,Male,barbara32@example.net,(250)570-3594,8/16/2007,Training and development officer
5743,54B1da05Dfcc5A0,Xavier,Pham,Female,ebonyibarra@example.org,+1-425-686-0478x95340,8/2/1924,Counselling psychologist
5744,98fcC39c1CffeAb,Raymond,Vaughan,Female,dustinpotts@example.net,(259)686-3256,12/23/1910,Firefighter
5745,b42E4CAD3f5daf0,Duane,Lawson,Female,romanstacie@example.net,001-563-061-7533x58837,12/12/1907,Corporate treasurer
5746,08102a4be8abD5a,Eugene,Park,Male,mcculloughchristina@example.org,484.023.5535,12/16/1979,Clinical cytogeneticist
5747,fe4Ffa0dF3fBFFE,Kelly,Glover,Female,billdeleon@example.com,1794047067,9/7/1940,Health promotion specialist
5748,e3AF234FbD72bad,Summer,Huber,Female,nparrish@example.net,(945)823-1266x7256,12/20/1951,Broadcast engineer
5749,B7CBa6BDF16EB35,Jesse,Snyder,Female,kweiss@example.org,(821)501-0232,8/8/1990,Mining engineer
5750,C99B907B4E52f7d,Brittney,Atkinson,Male,rubenwoods@example.org,564-105-7874,12/20/1929,Transport planner
5751,2dB5EaBAF90AA43,Cristian,Roberson,Male,barroyo@example.com,(846)198-8001,3/25/1911,Architectural technologist
5752,05F4642F9db5F10,Gabriela,Conrad,Male,eduardobarker@example.com,437-817-1001x046,7/29/1980,Set designer
5753,63dc6208E81abaf,Joy,Cortez,Female,molinajennifer@example.com,889-235-2675x4782,7/4/1942,Landscape architect
5754,d45e62860683bdd,Devin,Hodges,Female,nrobles@example.com,001-751-376-9739x721,11/8/2008,"Biochemist, clinical"
5755,411D11a02ea58Ce,Eddie,Porter,Male,lnorris@example.net,709.462.3875x97372,2/3/1966,"Editor, film/video"
5756,EdDbbA92eFbAe88,Kevin,Richard,Male,lliu@example.org,+1-474-053-1059x7545,5/28/1973,"Education officer, environmental"
5757,25b66bB84DFd7Ef,Brittany,Chan,Male,craigjesse@example.org,(276)142-0946x300,3/10/1973,Animator
5758,7bc291ceC55acCf,Bob,Randall,Male,veaton@example.org,+1-797-341-6149x83342,7/13/1974,"Engineer, manufacturing"
5759,e09d9eBc8c5C3B0,John,Duran,Female,fzamora@example.org,199.265.7232x71174,3/4/1969,Therapeutic radiographer
5760,a7c46e587Ac305f,Elaine,Ferrell,Female,rochaxavier@example.com,8661021664,4/20/1910,Health service manager
5761,d9a705ADc7AcC26,Jeremiah,Woodward,Male,andres70@example.net,+1-566-198-5587x68754,9/17/1950,"Radiographer, therapeutic"
5762,EdB5b1eceEEee72,Chase,Jones,Female,marco11@example.org,802.099.4674x3466,5/9/1914,"Psychologist, sport and exercise"
5763,BC22B1f1AdE8bEF,Albert,Bates,Female,staceyellis@example.com,(002)202-3095x8341,2/2/1913,"Engineer, maintenance (IT)"
5764,344a873fa66Ce44,Juan,Nichols,Male,sandydavila@example.org,(077)075-2343x4093,11/29/1960,Early years teacher
5765,d190f0fdC96dA42,Shawn,Ali,Male,kaitlyn69@example.com,(636)442-7956x1278,12/4/1960,Medical secretary
5766,FBbA6E30BDB0Db9,Cristina,Pham,Male,fisherjasmine@example.net,(134)939-8013,10/21/1944,Illustrator
5767,c8BAe47cAB7fcB8,Devin,Moss,Male,raven58@example.com,(808)874-3530x65334,6/10/1983,"Engineer, communications"
5768,70bd26f4C76CFe4,Kerri,Clements,Female,eserrano@example.org,677.461.2095x3630,12/23/1952,Oncologist
5769,41b7988e41e16Bd,Alan,Swanson,Male,tannerhowe@example.com,713-103-6507x50536,6/29/1955,"Therapist, occupational"
5770,dDd5a044afD33aA,Shelia,Knight,Female,deanna39@example.org,527-024-3505x690,10/27/1994,Theatre stage manager
5771,5DEbf5eC07DC7Ec,Rose,Dyer,Female,mgallegos@example.com,7098813440,5/5/1915,Armed forces operational officer
5772,4A649Ea8ee9521E,Robyn,Kramer,Male,lliu@example.net,001-428-669-9876x61757,4/4/1947,Electronics engineer
5773,D0D24dfD4FE8f65,Teresa,Fields,Female,speck@example.net,001-854-238-0562x0142,1/1/2001,"Buyer, industrial"
5774,A31f63B0a5aED96,Jim,Kline,Male,ayersadrienne@example.net,+1-489-541-4857x70626,12/28/1994,"Teacher, special educational needs"
5775,15fcC2EEFEc1CcC,Sonya,Hubbard,Male,richardsonmeredith@example.com,+1-380-658-6352x436,12/3/2000,Financial adviser
5776,AD2df2c3b532E95,Clifford,Barker,Male,harveyhailey@example.org,-3699,6/21/1965,Hotel manager
5777,dF93a4A576d9d34,Melody,Shepherd,Female,jodi55@example.org,(823)296-7554,7/12/1958,Therapeutic radiographer
5778,9eB2AcA37DA7c70,Dennis,Vincent,Female,tmcdonald@example.net,+1-838-418-5515x493,10/5/1962,"Therapist, horticultural"
5779,C2D3eCb27692922,Jim,Obrien,Male,nfrench@example.org,511.812.7413,5/6/2018,Midwife
5780,2E5aD10c3cB27C0,Louis,Cisneros,Male,colliermarilyn@example.com,838.836.1944x9178,8/26/1956,Recycling officer
5781,a09bDdB5259E61d,Sheri,Wilkerson,Male,carolinewebb@example.org,815.539.9566,7/18/2000,Race relations officer
5782,aB70F0Aa0F1bfcd,Sherri,Strickland,Female,jwiley@example.org,001-199-714-6130x91304,3/24/2019,"Engineer, site"
5783,c15C9faaDc5Afc1,Shawna,Sanchez,Male,corozco@example.com,001-865-271-3624x03452,7/8/1941,Social researcher
5784,8BFA8637cF725Ae,Brenda,Charles,Male,conniekerr@example.net,001-479-130-6747x0036,6/24/1933,Trading standards officer
5785,C9e6f04F9F14D19,Clayton,Skinner,Male,selenabarber@example.net,110-340-7373x641,2/26/2012,Systems developer
5786,2fBFb1b56E85E10,Rebekah,Mendoza,Female,godom@example.org,577-242-5673,4/9/1978,Trade union research officer
5787,dD87eaC6ae9Bb03,Kiara,Vaughan,Female,garrettcandace@example.com,(608)367-1166x424,8/15/1946,"Pharmacist, hospital"
5788,3bc75B02aeD2a05,Bob,Montoya,Female,lynnkellie@example.org,023-958-5657x15246,1/6/1929,Financial trader
5789,1ECDeAFbd6dB4BB,William,Hill,Male,walkerkarl@example.org,(142)997-5614,1/3/1977,"Development worker, community"
5790,23F90746eA12cab,Carol,Lozano,Male,rick17@example.org,+1-642-918-2810x3934,6/7/1977,Building services engineer
5791,e16E2b10e8Fa954,Stacy,Sheppard,Male,dunnmax@example.org,336-189-3499,9/17/1982,"Production assistant, radio"
5792,8137d1C60F068Ec,Clinton,Lawson,Male,wschneider@example.com,6611403459,7/10/1970,Paediatric nurse
5793,9D60aaDb0EAB0bB,Stacy,Chaney,Female,ggeorge@example.org,001-733-474-6061x24332,7/14/2018,Product manager
5794,2Bd9ca51963f9eC,Earl,Mccullough,Male,pamelamartin@example.net,001-850-007-4798x032,5/13/2001,"Engineer, drilling"
5795,27c6e5e424cE9b7,Barry,Mann,Female,wjoyce@example.org,053-588-6220x602,12/8/1966,"Scientist, forensic"
5796,eA271acFBE187d5,Lee,Cook,Male,nsalinas@example.com,749-869-4509,7/15/2019,Medical physicist
5797,74cBabC2bBfE16e,Stacy,Maxwell,Female,lydiacoffey@example.org,490.665.3909,7/28/2007,"Teacher, primary school"
5798,63D4d588125cd2F,Shaun,Boyer,Male,albert25@example.com,(442)447-3420,1/5/2014,Television/film/video producer
5799,633F5A813AF45De,Melissa,Cain,Female,kerryburns@example.com,061-845-8357,1/15/1920,Futures trader
5800,dd4EE26a4F6147C,Rebekah,Porter,Male,francisalvin@example.net,(180)652-2257x876,11/19/1918,Transport planner
5801,2E6eB1cb6f1a8fe,Marissa,Sullivan,Female,carrie66@example.org,359.274.7815x4644,1/6/1921,Network engineer
5802,4AFcBdd13dBC83e,Chelsey,Smith,Female,crystalsellers@example.net,(988)923-8138x642,1/12/1928,Pathologist
5803,11b5DEA6d6DAfbe,Carla,Chambers,Male,bianca17@example.com,+1-553-512-9804x8818,1/25/1993,"Nurse, mental health"
5804,242DD513c6D2c48,Cheyenne,Ferguson,Male,imichael@example.com,887.430.8434,9/3/2008,Government social research officer
5805,fdE5CeABEA1b92D,Warren,Maynard,Male,teresahanna@example.com,784.898.1118x1298,11/14/1948,Physiological scientist
5806,A76121c1A13AA55,Sheena,Mccarthy,Female,zstone@example.net,480-418-2516x994,9/8/1973,Advertising account planner
5807,32dEde84DA58cBa,Paula,Pitts,Male,marc78@example.com,776.821.9766x479,3/19/1955,Clinical embryologist
5808,23c7D1E34DDb7A1,Philip,Watts,Male,amanda01@example.org,(623)959-0576,1/15/1998,Public relations account executive
5809,d711fe9AacdBedB,Michelle,Hayden,Female,bmitchell@example.com,(478)213-0891x09659,12/10/1952,Arts development officer
5810,ee36acf4e90D9dA,Leah,Osborn,Male,olsennathan@example.net,706-434-4664x77419,2/12/1953,Chemical engineer
5811,c84701fbf547ea7,Erika,Hayden,Male,cdavidson@example.net,946.089.7991,7/10/1934,Customer service manager
5812,5a7A59Ee232Ae4D,Stacy,Khan,Male,fernandezjodi@example.net,4558206646,5/30/1948,Ergonomist
5813,8dBB8E7E858F534,Monica,Bauer,Female,ballfelicia@example.org,(424)484-1923x6566,7/8/1913,Make
5814,DEC2bA4b82B6cEc,Ralph,Clarke,Female,waltontonya@example.net,1980695594,8/28/1991,"Surveyor, quantity"
5815,A545AD8D9BEBF0F,Kristi,Patterson,Male,erika42@example.org,+1-913-133-5756x463,7/27/1934,Mining engineer
5816,7FDf7Ac13dEBC4F,Kristina,Sparks,Male,joseph59@example.org,001-926-736-1798,1/31/1923,Agricultural engineer
5817,ad6D8E858dAc96F,Kendra,Sanford,Female,walkerbill@example.org,001-861-968-5277x21867,8/10/1959,"Chemist, analytical"
5818,f24A1ef53E8BEee,Angela,Atkins,Male,kendralang@example.net,+1-589-674-6436x015,7/15/2001,Patent attorney
5819,C025A9edB7A429B,Richard,Skinner,Male,normanhughes@example.com,557.483.2428,5/23/1926,"Engineer, civil (contracting)"
5820,4FDcC9BAd47f9dC,Vanessa,Cooke,Female,vrich@example.net,+1-598-227-3171x466,12/5/1975,Financial manager
5821,794A4f67dF18fC8,Daniel,Galvan,Female,dixonjackie@example.com,(097)990-4297x0673,5/20/1966,Chiropractor
5822,6FE7dD29F3C707a,Becky,Anderson,Male,mercedes93@example.net,927.837.6327x4569,11/25/1948,Orthoptist
5823,3b6d1Ff1130720c,Kim,Stephenson,Female,nataliepowers@example.org,526.190.9392,10/7/1973,Garment/textile technologist
5824,cCdB2B6b5D7C9dE,Teresa,Bray,Female,chelsey03@example.org,+1-983-652-9484x51779,10/30/1996,"Administrator, charities/voluntary organisations"
5825,e352FcF9b322Ebb,Ethan,Solis,Male,gvalentine@example.com,701.291.4147x5077,4/2/2006,Pathologist
5826,EBCA1bdbFDDEd68,Karl,Calhoun,Female,hhardy@example.org,864-227-7573x787,1/15/1962,Community pharmacist
5827,49E5C842924E1f6,Anthony,Joyce,Male,zburch@example.org,772.989.0738,6/19/1949,Occupational psychologist
5828,32B82b5bE5bFa4F,Joann,Collins,Male,sherylatkins@example.com,052-699-0021,2/24/1971,"Designer, interior/spatial"
5829,65bffdafbEbf8c2,Paula,Yoder,Male,parnold@example.net,706-045-2696,4/7/1921,Chief Operating Officer
5830,9f8BBaB3c5bA2B8,Michelle,Bean,Male,vjuarez@example.net,+1-810-834-6446x933,4/20/2012,Sports administrator
5831,a7724FE9399EDE6,Jessica,Lee,Male,sandersvickie@example.com,167-264-8466x577,4/29/1936,Chief Operating Officer
5832,49dc2De4A3e78dB,Henry,Salas,Male,nleon@example.org,370-475-9414,6/10/1941,Research scientist (maths)
5833,D1Ae1F20557f656,Victoria,Atkins,Female,brennancarmen@example.com,721-848-9560x372,7/4/2001,"Surveyor, commercial/residential"
5834,D1CD6c6f7e32873,Madeline,Reyes,Male,mathewbryan@example.org,(040)095-2827,3/20/1985,Video editor
5835,2ACd06eec7aF965,Elizabeth,Winters,Female,mackenziebender@example.org,500-834-0426,4/15/2001,Claims inspector/assessor
5836,aB0df86BDA1d0ce,Gloria,Carr,Male,stacie52@example.org,001-828-164-6079x588,1/25/2007,Broadcast journalist
5837,9e79aebbEabDaD4,Scott,Kerr,Male,brayronnie@example.org,(322)886-0411x6558,1/4/1936,"Designer, ceramics/pottery"
5838,aB982ba59Ab6B5c,Martin,Blackwell,Male,arianawarren@example.org,442.187.9078x851,1/29/2009,Merchant navy officer
5839,233b18C9b3C87e9,Deanna,Dean,Female,careyrebekah@example.net,(726)512-3243x41374,5/6/1926,Leisure centre manager
5840,a106127edc942cC,Sherri,Ashley,Male,dicksonbrooke@example.net,989-810-8922x100,1/2/1983,Chief Technology Officer
5841,E3D1c86D0aa2c32,Jack,Mack,Female,diamondarcher@example.com,(012)807-3993,7/16/1937,"Engineer, petroleum"
5842,06d9BcC0a8cdfdd,Daryl,Shannon,Male,mannashlee@example.com,665-850-8872x5400,7/9/2003,Insurance risk surveyor
5843,3D0226cF9ecbE9D,Darrell,Kennedy,Female,froth@example.net,577588922,6/24/2009,Arts administrator
5844,Dec18Aaa3C34b9d,Isabel,Brady,Female,fbolton@example.net,(814)617-8156x279,7/7/2004,"Programmer, applications"
5845,386FDdC3AB62369,Isaiah,Maldonado,Male,savannahwright@example.com,2552666987,7/17/1933,Emergency planning/management officer
5846,EE91B6c83723DBd,Steven,Payne,Male,fred65@example.net,601-246-2239x765,11/11/1927,Public affairs consultant
5847,C47D4fAF1CED7E8,Katelyn,Levine,Male,montgomerylevi@example.org,-9079,1/16/1981,Podiatrist
5848,Aa672baD471eb9A,Cynthia,Cordova,Male,dianabrady@example.com,590.447.5769x2170,2/11/1970,Farm manager
5849,AD0dFAB0BC8FeF8,Preston,Franklin,Female,belindamccarty@example.org,001-708-446-2925x78777,12/10/1931,"Scientist, physiological"
5850,EAdBc70d3cacB2d,Rodney,Ponce,Female,omar29@example.com,+1-667-999-8195x551,5/22/2012,Water quality scientist
5851,FFE9a3aaaFfEB75,Roger,Spence,Female,kellerkathy@example.org,(666)935-9481x74984,5/11/1922,Retail banker
5852,23a45651Fe7c0dA,Dalton,Brown,Female,lauren67@example.net,2968585262,9/26/1969,Physiological scientist
5853,d4AF5D13b0bF0Fe,Evan,Marquez,Female,kristine38@example.com,3725942197,10/24/1955,"Engineer, chemical"
5854,E37C5ab6Ef69bE5,Morgan,Villanueva,Male,ytownsend@example.org,417.649.6717x6965,11/6/2003,Civil Service fast streamer
5855,F41589ea641fcCc,Clinton,Bender,Female,kristinboyle@example.com,840.708.3237,11/6/1921,Event organiser
5856,AdCdBdC72e581B1,Marvin,Lawson,Male,cheyenne83@example.net,(326)563-9890,6/24/2011,Technical author
5857,C39b2016d69328F,Kristin,Rangel,Male,blairalicia@example.com,+1-946-393-6803x59824,1/19/1951,Regulatory affairs officer
5858,3cc7773208DdeA0,Sharon,Orozco,Male,ellismadeline@example.org,(362)273-0971x53345,2/23/1910,Geographical information systems officer
5859,6d44EBcBe83Aad8,Clayton,Fisher,Male,carlsontanya@example.org,090.090.9700x0000,6/8/1955,"Psychologist, occupational"
5860,7d92DddcdB3b0Bd,Earl,Burton,Female,ogonzales@example.net,+1-385-087-5675x9100,4/5/1971,Exhibition designer
5861,708DdfB6fAcefF1,Maria,Reilly,Male,estesabigail@example.net,842.822.4585x9953,12/30/1995,"Pilot, airline"
5862,AFF497eA9bEEa9E,Ariel,Keith,Female,charlotte56@example.net,(113)728-8339x377,12/28/1943,Museum education officer
5863,7C5ABe6ebbd166a,Luke,Spencer,Female,tiffany59@example.org,001-200-209-4907x79053,12/9/1909,Museum/gallery exhibitions officer
5864,245Cc9b98dBA1Ac,Jonathon,Knox,Female,chelsea86@example.net,853-490-2440,4/12/2008,Probation officer
5865,F170C7ebE1f00FA,Candice,Newton,Male,jeanne44@example.com,(016)404-2539x3503,2/13/1953,Chartered legal executive (England and Wales)
5866,7eb8D2FecDb4fDB,Kendra,Castro,Male,mscott@example.net,304.609.5602,4/6/2013,Fisheries officer
5867,77f27eA7954ee8C,Kevin,Hickman,Male,dwayne31@example.net,(031)360-2084x62337,7/4/2007,Ergonomist
5868,aAC8EA673b67C5e,Jillian,Good,Male,steveclayton@example.net,2638841475,7/2/1948,Office manager
5869,531024C6fA5F822,Paula,Wilkins,Female,annette40@example.com,339.960.0628x9142,9/30/1983,Radiation protection practitioner
5870,3369B18Ffd4DaD7,Shelley,Hodge,Male,nathanclay@example.org,+1-788-993-6944x02331,1/26/2002,Oceanographer
5871,f8DCdf51ec51A50,Victor,Mayo,Male,foxfranklin@example.net,001-901-136-4851x4460,11/30/2003,Lexicographer
5872,0Aed4d2e23CA0D5,Daryl,Heath,Female,darrellstrong@example.com,745-925-3649x396,9/9/1912,Film/video editor
5873,8aA9c75ca6d6Da7,Manuel,Malone,Male,erik26@example.net,374-762-6897,12/26/1950,Estate manager/land agent
5874,C77fcCE80fBCeC7,Gabrielle,Valentine,Male,bridget13@example.org,(664)486-5390x7770,4/17/1980,Engineering geologist
5875,A794A0DEEEAD4aC,Melissa,Hunt,Female,anne96@example.com,032-153-7047,6/21/1966,Diplomatic Services operational officer
5876,4D25266ddE4A445,Bridget,Roach,Female,pettystacy@example.com,(851)311-9841x08226,4/1/2001,Amenity horticulturist
5877,9Df166e9fC3Ff0C,Cynthia,Petty,Female,belinda66@example.net,(948)014-8864,2/23/1969,"Teacher, primary school"
5878,be8cbD9Ed85dBD7,Malik,Wood,Male,ecosta@example.com,215-723-6596x12561,11/29/1998,Forensic scientist
5879,8C9e0fdbab45A3c,Bailey,Williamson,Male,wilkinsonkari@example.net,001-463-268-9730,10/16/2002,Haematologist
5880,e5b2e8C4ce1f3C4,Maria,Roberson,Male,shawnhubbard@example.com,(565)271-5436x485,12/4/1983,Paramedic
5881,cCDDECCBBB5CcFc,Mike,Montgomery,Female,howeadrian@example.com,-7399,5/27/1987,Futures trader
5882,d8CcF1726eaB71f,Deanna,Martinez,Male,udyer@example.net,948-754-0277x5381,2/11/1913,Risk manager
5883,43C2f5aCDFcAcA8,Candace,David,Male,qcastaneda@example.com,001-554-929-5687x5027,10/14/1955,Osteopath
5884,abB327Cae2C802f,Chris,Glover,Female,cosborne@example.net,432-166-6916x6660,8/24/1932,Podiatrist
5885,9fBBaf032BDCcac,Joanna,Klein,Female,wcuevas@example.net,092-527-3871x21941,7/26/1995,Cabin crew
5886,FF7Fb7e9b200Fe1,Joy,Mercer,Male,kristie18@example.org,-7254,4/12/2005,Race relations officer
5887,a2af4dFA09aa1d5,Jerome,Huang,Male,mcompton@example.com,001-062-945-8505x1565,4/26/1962,"Scientist, clinical (histocompatibility and immunogenetics)"
5888,aDb44cbcFdF7bEF,Karen,Benson,Female,keyclifford@example.net,246.412.8112,1/5/2009,Professor Emeritus
5889,c574e4A6BDDacD1,Connie,Andrews,Male,frederick15@example.org,892-879-0457x383,1/20/1988,"Psychologist, forensic"
5890,4D8A700FB32eCCA,Tanya,Soto,Female,autumn78@example.org,6504908651,3/19/1989,Historic buildings inspector/conservation officer
5891,0F4C5E69DdBE1fd,Angie,Boyle,Female,andreakennedy@example.net,+1-924-406-5078x7154,9/11/2012,"Investment banker, corporate"
5892,C60cD740A760B98,Eileen,Ayala,Male,dorothysolis@example.net,(342)863-4152x37237,8/30/1956,Community pharmacist
5893,f57aF4B6B5eE63E,Roy,Lee,Female,parsonsronnie@example.org,594.869.4434,4/10/1975,Fisheries officer
5894,13C8F5AEB366c95,Jacqueline,Miller,Male,ljimenez@example.com,+1-140-573-3031x654,3/19/1924,"Lecturer, further education"
5895,28a5a3c3CaEc140,Dorothy,Roy,Male,vrodriguez@example.com,203.100.4824x36952,12/21/1948,Computer games developer
5896,CeDCfdd6EB4909c,Bethany,Mccarthy,Male,shelly03@example.com,(855)241-1192x8428,5/30/1974,Ship broker
5897,c04CFFFD8643DCE,Lori,Krause,Male,xcervantes@example.net,001-692-983-0591x6181,10/16/1979,"Producer, television/film/video"
5898,8eaaa897069bD5A,Michael,Townsend,Male,donnamcdaniel@example.com,878.646.3402x5147,9/2/1961,Translator
5899,B5cBFD2cB2d7fc4,Gerald,Fields,Male,xmcgrath@example.com,(293)209-4607,8/2/1923,Insurance account manager
5900,2Dc9abfe7EC985B,Charles,Riggs,Male,caitlin85@example.org,001-363-093-7150x72889,12/9/1934,"Conservator, museum/gallery"
5901,bBBdD794B7228b0,Marcus,Burton,Female,mkrause@example.org,+1-022-685-2709x400,12/10/1934,Quality manager
5902,9E687fF2efDa827,Mindy,Larsen,Male,obolton@example.com,443-508-3599x00740,1/10/1919,Economist
5903,4C9EaD0694caD04,Andrea,Rubio,Male,javierlawson@example.com,001-530-485-8618,2/18/1991,Event organiser
5904,990136b5a7d4C12,Meagan,Paul,Male,biancamccullough@example.org,4585989065,10/18/1991,"Librarian, public"
5905,eA1866A151d6193,Brendan,Casey,Male,yparsons@example.org,443-404-4360x992,9/13/2008,Medical secretary
5906,f4be67f8Bd8edAc,Meghan,Becker,Female,erikahorton@example.org,+1-597-246-0786x0457,2/26/1984,Trade mark attorney
5907,7BAAeb271AFD518,Eric,Shea,Female,collieryvette@example.org,(158)042-7946x7348,4/26/2015,Dramatherapist
5908,375Bb524AFe2d58,Traci,Gentry,Female,jimgutierrez@example.com,+1-385-923-1919x7690,9/22/1918,Art therapist
5909,10117fB40dC0601,Jason,Townsend,Female,mcmahonpaige@example.net,(216)508-1955,3/7/1934,Fine artist
5910,b70Db2dF0531B2A,Sophia,Vance,Male,cristian46@example.org,+1-146-051-7160x13709,12/24/2018,Counsellor
5911,eAbCDAe8eA4Ceb7,Luis,Oconnell,Male,phillipsjeffery@example.org,-4582,3/6/1944,Community arts worker
5912,0F790CD56a92Cf5,Lindsay,George,Female,bob80@example.com,810.327.3170,1/4/1914,Theatre manager
5913,8A9E05ae56BAaE3,Courtney,Mason,Female,evelyn60@example.com,(004)419-8011,10/11/1969,"Production designer, theatre/television/film"
5914,7Cffd44cBadF711,Noah,Wang,Male,iweiss@example.net,+1-997-297-6692x525,9/20/1930,"Pilot, airline"
5915,ecaF6f779FAFfcb,Jasmine,Holden,Female,barroyo@example.net,324.486.0245,9/12/1927,Freight forwarder
5916,bD2d09DC64DeD3C,Suzanne,Cantu,Female,dana84@example.com,245-671-0387x1260,6/14/1920,Call centre manager
5917,A0282db2cbddC2B,Heidi,Gillespie,Male,hansenmason@example.org,+1-044-027-4691x848,12/24/1972,"Scientist, audiological"
5918,b5618d8FCcdedEB,Theresa,Alvarado,Male,burchkevin@example.com,001-207-773-7036,4/15/1953,Clinical cytogeneticist
5919,7AB8a69e75FdFdD,Ricky,Mcconnell,Female,moodyeduardo@example.org,945-823-8110x541,8/24/1939,Materials engineer
5920,8e8b1133D9261E0,Jermaine,Reeves,Male,bianca73@example.com,581.151.5141x12280,2/21/1999,"Development worker, international aid"
5921,8557434697f4b4b,Erik,Key,Male,joannemassey@example.org,001-762-850-8102,10/15/1998,Field trials officer
5922,99b2eF8D36DFEb6,Julian,Rodriguez,Female,williamsphilip@example.net,(110)226-7893x117,2/17/1914,Seismic interpreter
5923,9accdbF5af32e1a,Daryl,Daugherty,Female,afoley@example.com,(198)309-4385x009,1/27/1967,"Engineer, chemical"
5924,66dcF2F7EdeCDaB,Madison,Nolan,Female,vazqueztina@example.com,240.981.3396,9/15/1968,Petroleum engineer
5925,17DDdF6A26bfA78,Erika,Bartlett,Female,qhernandez@example.org,388-661-1300x98167,1/10/1996,Broadcast engineer
5926,9A3FAA5357BF5AB,Jeanne,Valentine,Male,lisa79@example.net,998.509.1922x657,10/14/1940,Purchasing manager
5927,18D29b8274eE205,Chelsea,Cobb,Female,kingian@example.org,707.342.0348x63691,11/13/1993,Nature conservation officer
5928,2be7F35AcE6dfeF,Gordon,Little,Male,arroyosophia@example.org,-6044,10/19/2020,Research scientist (medical)
5929,d0fAfC12Ec0e3FC,Krystal,Matthews,Male,philip62@example.com,(700)705-6749x39698,11/28/1919,"Production assistant, television"
5930,5868c6d556c6Bc9,Zachary,Patrick,Female,hgould@example.com,+1-764-818-1348x45800,7/28/1932,"Engineer, water"
5931,7e4eDA4FDA468df,Erin,Frank,Female,chambersphillip@example.com,381.602.8221,5/10/1914,Clinical molecular geneticist
5932,DcE6dE4C4C5dfEf,Savannah,Warner,Male,charles31@example.org,8863615174,6/6/1915,Music tutor
5933,b62E89C11CB4C77,Riley,Villegas,Male,rhondasawyer@example.org,382.903.7923,7/6/1949,"Engineer, civil (consulting)"
5934,FC83cB42F18D8CC,Kirk,Deleon,Female,douglasalicia@example.org,001-527-324-4963x72347,3/17/2009,Soil scientist
5935,4Ba12e6fEF83EDe,Preston,Lyons,Female,michael04@example.net,623.903.9670,6/2/2019,Catering manager
5936,942E35Ef7619486,Traci,Ingram,Female,lindsaycantu@example.org,9170836195,8/24/1907,"Scientist, marine"
5937,B3ee0D78C0E1A88,Audrey,Peck,Female,vcasey@example.com,(874)310-3743x48860,9/29/1962,Research scientist (life sciences)
5938,0Ed5bEF9Ed49f9F,Lydia,Rodriguez,Male,heathershelton@example.org,658.467.7594,8/5/1978,"Psychologist, clinical"
5939,FDB0AC149a249F8,Bobby,Lopez,Female,daryllam@example.org,001-542-336-1753x2077,3/7/2022,Company secretary
5940,6A3eEB4a1bb2DB1,Colin,Roman,Female,peggy07@example.com,110.607.1196x82168,7/30/1978,Personal assistant
5941,be3Fd832fB9555E,Nichole,Phillips,Male,tracihinton@example.org,(094)497-1969,9/30/1926,"Research officer, political party"
5942,E8261Ef6A452A71,Marco,Peterson,Male,nathanielperry@example.net,(457)404-5642x14012,7/28/1992,"Surveyor, rural practice"
5943,F69b3CbeDFE9733,Francisco,Whitney,Female,sandrabecker@example.org,209-631-1415,6/22/1916,Haematologist
5944,3A2CBb8bF01aCB0,Evan,Arroyo,Female,zhoover@example.org,-3779,4/28/2015,Town planner
5945,f664fC69eE36dd6,Stuart,Vincent,Female,jermaine78@example.com,001-785-123-7057,3/19/1929,Government social research officer
5946,C857c9C1A70bDEB,Chris,Buchanan,Male,kyleaustin@example.org,(001)689-1060,7/3/1909,"Teacher, secondary school"
5947,223C07dAfc8d8C9,Eric,Conley,Male,jennifer02@example.org,258-851-4112,8/14/1945,Art gallery manager
5948,b45D6411bdad62c,Casey,Estes,Female,mason91@example.net,151-543-0446,8/4/2020,Information systems manager
5949,eE042221DfE21c6,Joe,Robertson,Female,ricardofrederick@example.com,778.999.3844,5/29/1977,"Administrator, arts"
5950,66A3CaE8A2d104e,Mason,Palmer,Female,royadam@example.net,-7591,11/18/1938,"Teacher, special educational needs"
5951,DA4dBaAaCBbC428,Angelica,Fernandez,Male,traceyhoward@example.net,898-880-6213,10/17/1922,Oncologist
5952,a2cdebC2F4bE179,Sandy,Moss,Male,dominic96@example.com,001-908-296-6128x76377,8/5/1989,Special effects artist
5953,8Dbc8AeB33Ff4e0,Xavier,Hinton,Female,jordanhurst@example.org,887-304-0728x434,3/15/1963,"Engineer, structural"
5954,e7Dcec73dc3Ca49,Cole,Houston,Female,jermainewright@example.org,1040787932,10/18/1983,Site engineer
5955,8c4B193FaADCE54,Richard,Gardner,Male,marco12@example.net,+1-664-994-9069x25671,3/5/1974,Advertising art director
5956,B0bA3F23A1B7FfD,Tasha,Johnson,Female,lwerner@example.org,(098)530-3330,6/5/1941,Biomedical engineer
5957,E633E4eFCeE03C3,Tami,Hodge,Female,burnettmeredith@example.org,591936839,5/13/2013,Site engineer
5958,5E9E8dD1F5fE8Ee,Lori,Rivas,Female,joel84@example.org,763-012-8355,1/15/1986,Retail manager
5959,DFBa02DC9f0Fa50,Dave,Greene,Female,hmorgan@example.net,(448)792-6152,2/18/2015,Animator
5960,3Bfc72865abEFF3,Karina,Durham,Male,michael83@example.org,(051)170-6691,3/16/1938,Operational investment banker
5961,869E32F4FAc233e,Franklin,Molina,Male,guzmandanielle@example.org,(918)026-1319x2749,7/3/2000,"Engineer, civil (contracting)"
5962,5c898BcfaE1dfFe,Terrance,Hahn,Male,dunlaprandy@example.org,001-318-139-8037,4/3/1954,Tour manager
5963,8b7956615e3Fe9b,Alec,Vincent,Female,fbenjamin@example.org,(560)648-6768,2/22/1933,Advertising account executive
5964,F69EEaaA82c7166,Jody,Bell,Male,kristinhendricks@example.org,+1-013-525-1410x024,10/31/1947,"Conservation officer, historic buildings"
5965,C6B7Fa8e1efeE03,Kaylee,Hodge,Male,madison46@example.com,477-189-2915,9/17/1966,Learning mentor
5966,8577dA9A0E121EF,Tabitha,Chambers,Female,doriszuniga@example.com,409-178-0213x963,3/28/1980,"Research officer, government"
5967,ce1f1e034Cabce4,Caitlin,Lopez,Female,karla26@example.com,(654)687-5923,4/19/1941,Television/film/video producer
5968,7DE1A9F4484b368,Jason,Collier,Male,candaceknox@example.org,576-399-5059x728,6/29/1911,Broadcast journalist
5969,1aFf1fdAf163baE,Kristen,Dorsey,Female,samantha75@example.org,(408)432-3945x20789,10/13/1942,Retail buyer
5970,7E13e7bA930cf39,James,Hall,Female,stephanie01@example.net,8379806479,11/15/1979,Petroleum engineer
5971,9890A9EBBddd9cA,Sylvia,Silva,Male,jean05@example.com,(113)418-8405x9264,3/27/2005,Systems analyst
5972,6F42b75bBC2Cd8A,Kelsey,Grant,Male,tburke@example.net,-8491,6/2/1974,"Exhibitions officer, museum/gallery"
5973,0Ac2bAea9F4A9e6,Devin,Mcpherson,Female,gilbertricardo@example.com,593.372.4319x35376,6/4/2013,Investment analyst
5974,fC7dE87C7647FbE,Kirsten,Ortega,Male,kerryfoley@example.com,001-602-724-9755x732,6/17/1972,Leisure centre manager
5975,EF7AB06Cdd3c0EE,Alexander,Potts,Female,brittney44@example.org,586-775-2985,3/3/1986,"Teacher, primary school"
5976,0a3D7D4BBaDbefF,Annette,Shannon,Female,lauren42@example.net,001-090-948-1459x7674,8/20/1981,Haematologist
5977,8Cd80346DC9098c,Darrell,Wagner,Female,huntkari@example.org,001-209-038-4372x04318,4/17/1933,Firefighter
5978,f3E80E2Fe9d75aE,Brianna,Rojas,Male,wandamcclain@example.net,900-845-5121,6/29/1975,"Radiographer, diagnostic"
5979,F33bb3aeAEeA68a,Ivan,Dickerson,Female,prestonchristine@example.org,-3308,12/5/1914,Web designer
5980,A3f919D2077C034,Vanessa,Sloan,Female,jdavidson@example.net,(915)986-1549x42996,1/28/1930,"Nurse, learning disability"
5981,2C8D3f0B2d7fE88,Sabrina,Wilkerson,Male,dariushoffman@example.com,-4732,5/22/1951,"Accountant, chartered"
5982,CAeFCb06baab757,Tammy,Melton,Female,jasminerogers@example.com,1919777892,5/20/1983,Database administrator
5983,DffACBA4774F7f1,Gabriel,Bass,Male,daryl45@example.com,967-847-1874,3/10/1978,Civil Service fast streamer
5984,FFA8EB6C6Fd4D0E,Jared,Larson,Male,jduran@example.org,665.676.2742,12/26/1936,Medical secretary
5985,CD007a00DDB45Dd,Bryce,Mcdowell,Female,zkoch@example.net,696-732-7894x469,2/1/1991,Chief Financial Officer
5986,f195E3F4C7A5ea9,Blake,Mendez,Female,ringram@example.com,+1-090-681-6071x82475,12/19/1981,"Surveyor, commercial/residential"
5987,9D05bA605BD724A,Caitlin,Burns,Female,cwest@example.net,814.250.5194,12/9/2001,"Nurse, learning disability"
5988,29dba26D207Fb6c,Sheryl,Ali,Female,nealoscar@example.com,001-336-319-0379x5634,7/9/1927,Civil Service administrator
5989,Bc39F93c57a6Be3,Laurie,Pruitt,Male,dave67@example.net,(065)345-5647x145,12/16/1998,Careers adviser
5990,a38B49e21DCDdD2,Lydia,Mueller,Female,salazarlatasha@example.net,001-648-171-5766,1/25/1953,Herpetologist
5991,dd17d661621Cc6b,Gwendolyn,Mcgrath,Male,henry15@example.net,+1-175-721-5934x05537,9/17/1922,Trade union research officer
5992,5552acB2a3C81ee,Kristi,Landry,Female,dianasimpson@example.net,(868)685-4055x564,12/24/2000,Politician's assistant
5993,87823b8AB8bFC71,Michael,Singh,Female,angiebaxter@example.com,715.844.3452,11/10/1952,Software engineer
5994,ae4a690F60aC62C,Diamond,George,Female,pamela50@example.net,+1-454-603-8520x6331,1/7/1992,Research scientist (life sciences)
5995,EE4efB2B9Dc0CC8,Mathew,Kelley,Male,candacebird@example.org,(321)767-6137,11/27/1980,Translator
5996,4c9B1087d305F09,Collin,Wyatt,Male,hbarnes@example.com,925-983-5967,3/29/1940,Colour technologist
5997,D5cc1D36407e32c,Alicia,Wilkins,Male,ukrause@example.org,224-623-0166,5/22/1973,Haematologist
5998,BA6CE5A084D6Fe1,Sheryl,Dorsey,Female,crystal15@example.net,(073)785-3985x110,2/7/1938,Immigration officer
5999,5e0530fcA8dEdCc,Steven,Mercer,Female,ymclean@example.net,203-308-4487x39458,3/20/1990,Pension scheme manager
6000,9a81a766585c4c5,Jaime,Andersen,Male,davewolf@example.com,(117)291-7022x862,1/30/1988,Furniture designer
6001,3E8b4f9fc9dB09F,Gwendolyn,Sutton,Female,codyryan@example.net,(174)088-5850,5/10/1913,"Therapist, drama"
6002,AC172f6bE0Ed3F1,Gloria,Henry,Male,whitevickie@example.org,583.386.0893x437,5/24/1909,Newspaper journalist
6003,c903Bbc5aA4Cbe7,Roberta,Howe,Male,carmenryan@example.org,(812)369-8313x1494,4/16/1946,Nature conservation officer
6004,3B737eaFa8d6eFc,Alexandria,Reilly,Female,jdorsey@example.com,437-270-0493,5/3/1950,"Scientist, clinical (histocompatibility and immunogenetics)"
6005,A3FEfBb1Ab52E71,Mary,Rhodes,Female,vhaas@example.org,(823)174-7351,12/2/1956,Charity officer
6006,6FCF0402fcd7dBd,Clayton,Wells,Male,kellistrong@example.com,+1-355-684-5728x6606,5/21/1998,Accommodation manager
6007,E7e5eEd5B1afBdd,Savannah,Hebert,Female,christy30@example.org,(675)275-7644,5/6/1913,Naval architect
6008,9aAd51aE7b0c82E,Alexandria,Wade,Female,qshah@example.com,-4392,6/27/1996,Applications developer
6009,ceF589bcaA08ecC,Aaron,Cordova,Female,damon60@example.net,050-486-6902x0548,8/20/1997,Therapeutic radiographer
6010,cFCf1cbF25AdF67,Melanie,Hendrix,Male,molinasummer@example.org,731-347-0859,4/9/1924,"Therapist, drama"
6011,B0A894eC1Beb5d7,Richard,Paul,Male,barryrichards@example.net,9832481183,10/21/1906,"Engineer, electrical"
6012,Ec9dFA30DDfb4e0,Kristopher,Hickman,Male,pdiaz@example.com,372.751.3986x811,10/22/2008,"Teacher, early years/pre"
6013,5d08A1a83174dE3,Gordon,Cook,Female,traci36@example.com,001-983-406-7929x709,2/3/1974,Office manager
6014,17D6cE7F8CdbCCE,Wendy,Rogers,Male,princeadrian@example.org,(200)260-9005x0401,6/6/1916,Physiotherapist
6015,A1eab3E1cbA3DAE,Cassie,Ayala,Male,albert14@example.com,016-714-6588x937,9/9/1957,Software engineer
6016,ABd8EC4Fdf0DC8D,Perry,Bright,Female,nmccall@example.com,387.337.7484x96757,10/19/1908,Health physicist
6017,1f4dCf4BafAdc7a,David,Robbins,Male,alec90@example.com,870-693-7197x5922,2/11/1915,Medical laboratory scientific officer
6018,6c24EAeB7f0ACD0,Victor,King,Male,allisonbrad@example.net,+1-465-375-9248x1840,12/23/1934,Fast food restaurant manager
6019,98dfAaacF9bFEbc,Omar,Oconnell,Male,sharpcaroline@example.com,(032)192-8646,7/24/1931,"Radiographer, therapeutic"
6020,0Adff4A0ebB5fbe,Kiara,Nunez,Female,ulogan@example.com,(657)644-8291x3826,3/18/1994,Heritage manager
6021,1C9Beb3C924dDc9,Brandy,Shea,Male,cardenasellen@example.com,582.361.1433x58550,4/28/1987,Research scientist (life sciences)
6022,690Ef8749b8bf85,Troy,Mcmahon,Male,shelleymcmillan@example.com,(648)735-7569x0257,12/22/1944,"Buyer, industrial"
6023,dfEeAC3e153aBaB,Chelsey,Pacheco,Male,dhuynh@example.org,568.597.6032,1/22/1919,"Conservation officer, nature"
6024,Da34F96b0d02785,Elizabeth,Braun,Female,rickyhopkins@example.net,001-909-284-8375x49910,10/2/1933,Automotive engineer
6025,b4B4F6af28c591f,Kaitlin,Fuentes,Female,ritterkelly@example.org,014-231-1441x7744,11/18/1993,"Surveyor, minerals"
6026,4fBC852A6B6D3Ec,Jason,Hess,Female,mikaylameyer@example.com,114.937.9444,6/14/2010,"Producer, television/film/video"
6027,EA7a99A5AeAe1A2,Brandon,Hernandez,Male,reillyyolanda@example.net,8630650448,10/8/1909,Primary school teacher
6028,e8D2158960d5bEe,Natalie,Lucas,Male,edward03@example.net,001-721-365-4241,1/7/1915,"Editor, film/video"
6029,3fCBac1e3E78A0d,Philip,Huff,Female,geraldmullen@example.net,001-210-947-2031x37272,5/29/1953,Dramatherapist
6030,FfB8db8d0D31BA8,Stephen,Stafford,Female,nshannon@example.com,001-535-751-6015x1958,11/24/2011,Archivist
6031,7c57A39105dfAEb,Lee,Kennedy,Male,melissa29@example.org,374.857.2111x6416,11/27/1951,Insurance broker
6032,B2a0f0EBCf4Bc7d,Damon,Alexander,Female,jmorales@example.net,-3026,4/3/1936,Scientific laboratory technician
6033,8C86e3BaA74EeEE,Jamie,Dillon,Female,jonathonstein@example.com,(634)665-2894x033,2/24/1936,Health and safety adviser
6034,4cAe668D7Abca4E,Ruth,Hahn,Female,krausecassidy@example.com,969-894-1816x788,8/22/1943,Early years teacher
6035,A83Bc2bfd75b464,Julian,Haney,Female,phillipsbrian@example.org,799-356-6301x53569,6/11/1960,Dentist
6036,5e1af87C23c26Db,Denise,Barker,Female,logan83@example.org,001-277-971-6133x1058,12/29/1917,Art gallery manager
6037,CB559D5becFb27c,Jeremiah,Paul,Male,darinroberts@example.com,084.930.5952x8118,2/24/1961,"Designer, blown glass/stained glass"
6038,74aDDa6aEBA457c,Christopher,Johnson,Male,hollymartinez@example.net,+1-201-386-1289x0885,1/19/2017,"Teacher, music"
6039,De40dF2ea6bf882,Glen,Warner,Female,hardingterry@example.com,001-561-333-0271x229,9/3/1918,Art therapist
6040,0cdFea82CfD6DC9,Juan,Kirby,Male,hubergarrett@example.com,925.743.1719,6/11/1989,Educational psychologist
6041,D50a13543d1bdbe,Michaela,Crawford,Male,huffdorothy@example.com,(446)545-8253x5275,8/23/1959,"Pharmacist, community"
6042,6fc0D937976f6fE,Tyler,Riley,Female,srush@example.net,109-626-3176x484,6/4/1919,"Engineer, drilling"
6043,0e9bc122FCbf0d2,Gabrielle,Jacobs,Male,jeffmarks@example.org,415-960-4569x840,6/5/1970,Professor Emeritus
6044,AEb4DCf0E7f9b08,Wendy,Nielsen,Female,gwendolynbryan@example.net,289.028.9027,6/23/2016,Recycling officer
6045,A4C9beB4b10ffe9,Krystal,Cook,Male,coryashley@example.com,113.487.3619,11/29/1970,Broadcast journalist
6046,D8EDaD67c620eCc,Dwayne,Hooper,Female,norrislawrence@example.org,680-708-7507,8/19/1911,Pensions consultant
6047,33BD85Bfe9C17CF,Clarence,Lara,Male,luispayne@example.com,6502803864,5/17/1912,"Scientist, product/process development"
6048,961F45FB5b54573,Glen,Jordan,Male,benderfrances@example.org,(576)552-2459x4880,10/17/1970,Police officer
6049,E7e945cBAe070A3,Vicki,Trujillo,Female,stoutdaisy@example.com,(359)416-4508x717,3/28/1974,"Nurse, adult"
6050,da3afa32D7e4eE2,Lee,Lin,Male,levitaylor@example.net,166.542.1217,8/6/2001,Planning and development surveyor
6051,Ca943A7B4eFA1CD,Omar,Dominguez,Male,zstrickland@example.com,001-909-097-7830,2/8/1918,Textile designer
6052,beFAf47FEe923bA,Austin,Parker,Female,daltonrickey@example.com,274-719-8872x71643,1/17/1982,"Nurse, learning disability"
6053,cefCdB800cBEE0a,Isabella,Mack,Female,paulanixon@example.com,001-283-875-4256x818,9/5/1993,"Nurse, children's"
6054,FAE9bDBBBCB8DEd,Claudia,York,Male,bentleyluke@example.org,+1-348-440-9212x13160,2/12/1928,Agricultural consultant
6055,B136AEcff2e82dd,Gilbert,Kidd,Male,bobbypotter@example.org,681-364-3585,12/12/1999,"Engineer, materials"
6056,4Ef111aB7fA5d1F,Chris,Parks,Male,sergiocarroll@example.org,(737)718-1416x6578,12/22/2005,Artist
6057,7A0fa1e7aB4d7C6,Rhonda,Stein,Female,judy19@example.org,-6681,10/22/1989,Occupational hygienist
6058,fF029EAdDcdA2C8,Renee,Atkins,Male,ehurley@example.com,001-542-969-5881x526,11/25/1930,"Psychologist, counselling"
6059,E5C68Dc739E02bA,Ethan,Khan,Male,katelynbenitez@example.net,001-407-507-8505x59045,1/30/1965,Trade mark attorney
6060,acfd8eCd6fF6c7F,Jeremy,Bautista,Male,bradfordsummer@example.com,001-298-219-2285x31963,1/25/1917,Broadcast engineer
6061,dfB8a974bD4ff75,Erica,Ponce,Male,haleyedward@example.org,(679)648-4134,8/27/1976,Gaffer
6062,D1F0AcEd4EB7707,Sheena,Walters,Female,bridgesryan@example.com,+1-545-134-6086x755,10/17/1957,"Nurse, mental health"
6063,41Bd3aDa49Bc738,Harry,Brady,Female,kaitlinstephenson@example.net,369-597-0312,11/17/1933,Risk manager
6064,eF49Dd5696904Ef,Brandi,Bautista,Male,ehorton@example.com,685.163.0529,12/31/1937,Race relations officer
6065,7CeAC0fE90B6472,Jerome,Hayden,Male,klinemarco@example.net,001-247-673-8240x629,10/11/1976,Veterinary surgeon
6066,FEbdaE06cBa53FC,Ashley,Casey,Male,colton32@example.net,(803)827-6480,1/28/1997,Materials engineer
6067,eD50D1C17F8E2Dd,Michele,Orozco,Male,hsparks@example.com,267.992.5880x0734,11/17/1947,Community pharmacist
6068,269BcD48CDc1b78,Brett,Murillo,Male,patrick38@example.com,+1-111-605-4141x323,2/10/1965,"Engineer, manufacturing systems"
6069,d2026aBC0Aa491E,Beth,Simon,Female,nramsey@example.net,830-056-2066x074,8/28/1942,Health and safety inspector
6070,DB5C05B37a35Ea8,Nicholas,Roach,Male,sara00@example.org,896.793.7595,11/30/1971,Operational investment banker
6071,FcB09Ec750460Ce,Brad,Weiss,Female,hullsylvia@example.com,189-876-8193,12/24/1921,"Programmer, systems"
6072,453624ebE6FDc07,Katherine,Hanson,Female,kristavaldez@example.com,445.648.9611x848,1/17/2007,Chartered management accountant
6073,Ef21F9cdeE0Bd9f,Mike,Herrera,Female,darylabbott@example.com,001-798-737-8439x7294,10/4/2002,Counsellor
6074,F36A14C912da7A1,Angie,Curtis,Female,ericksongary@example.net,839-146-4571,4/17/1981,Advertising account executive
6075,bc08dD52eFEeFa4,Marisa,Bailey,Female,rhumphrey@example.com,677-833-6599x916,2/28/1935,Illustrator
6076,8c4b8B1426CE7c4,Sonia,Webb,Male,laratami@example.org,001-343-366-6848x4900,1/28/2003,"Clinical scientist, histocompatibility and immunogenetics"
6077,BE005b07d1907e9,Yvonne,Ray,Male,boltonbelinda@example.com,830.600.6861,5/19/1982,Surgeon
6078,ACb78bAb16ce6CD,Darlene,Archer,Female,mindy93@example.net,891.101.4090x174,2/9/1945,Financial controller
6079,ED22aF1Be01779B,Francis,Fitzgerald,Male,lindareeves@example.org,+1-383-488-9587x98202,7/17/1946,Clinical psychologist
6080,8d686cDc0E3c4f9,Darlene,Maxwell,Male,blanchardivan@example.org,+1-177-110-4515x7850,11/9/1967,Editorial assistant
6081,474fb2d3A233C56,Jimmy,Barber,Female,jcamacho@example.com,-9499,3/29/1931,Lexicographer
6082,ccdd9c54b6Ab1cd,Brandy,Wall,Male,randyhahn@example.com,764-596-8229x1114,9/6/1937,Tax adviser
6083,cd293bC1DBE0cB4,Laura,Fitzgerald,Male,john38@example.com,535-622-8829x98011,1/4/1927,Historic buildings inspector/conservation officer
6084,D7d54bf451D5626,Derrick,Duarte,Male,zgentry@example.com,844-269-1882x74433,5/5/1958,Clinical molecular geneticist
6085,eE4BeF6A7D27c0f,Joshua,Nunez,Female,wmccarthy@example.org,483-057-8404x26761,4/30/1949,Hotel manager
6086,e5A1F7BA8f6BBa6,Leroy,Lucero,Male,devin65@example.com,307.905.0609x4977,4/17/1973,"Designer, exhibition/display"
6087,bEE8CcBB8bC8725,Dana,Larson,Male,carl41@example.org,+1-739-606-1305x3971,7/13/1907,Tax inspector
6088,5b99be85340d06B,April,Sloan,Male,marissaharris@example.org,(078)234-6423x7126,2/9/2014,Occupational psychologist
6089,3e3efB99C4C05CC,Evelyn,Dillon,Male,phillipescobar@example.org,001-870-461-1673x113,2/7/1959,Retail buyer
6090,10b35910FBd3F70,Tonya,Burch,Male,travisterrence@example.org,001-101-448-2314x099,8/3/1996,Games developer
6091,e7bb93E09cc9e46,Sherri,Horton,Male,kurt25@example.org,001-828-274-8852x0320,10/1/1978,Hydrographic surveyor
6092,B834EDD0ed31CC8,Seth,Hester,Female,omar26@example.org,471.211.2567x1581,1/16/1919,Learning mentor
6093,Cb29d2F9fC1DBFb,Katelyn,Gonzalez,Male,zreid@example.org,300-812-9668x4929,6/19/1964,Pension scheme manager
6094,5d1e45ee0CcDcdE,Renee,Stephenson,Female,daisykramer@example.net,287-282-6842,10/18/1961,Waste management officer
6095,f25da288D84ddc9,Joanna,Riley,Male,pkeith@example.com,429-023-2933,5/9/1925,Secondary school teacher
6096,98Ae16a8CB5dF03,Tammy,Rosario,Male,mauriceheath@example.net,346-965-1087,1/31/1943,Probation officer
6097,a5275B53ccA5F0D,Ruth,Roman,Male,waterskatelyn@example.com,611-191-3966,2/23/1988,Legal secretary
6098,beea6EB7ba4ef91,Erin,Ballard,Male,ofowler@example.net,(694)850-5710,10/4/1996,Armed forces operational officer
6099,FaaD693AfBD64Be,Heidi,Goodman,Female,perkinskerri@example.com,333-659-2128x032,7/17/2010,"Teacher, adult education"
6100,FF49cf2D40Dd507,Hayden,Levine,Female,omar50@example.com,253.349.5089,2/5/1931,Pathologist
6101,B1D8a109f4ae5B2,Colin,Liu,Male,kreynolds@example.org,001-241-745-6693x1496,9/11/1908,Special educational needs teacher
6102,f8cceAd0CC504d9,Darryl,Villarreal,Male,dkrause@example.org,001-396-402-7046x756,7/3/2005,Visual merchandiser
6103,A2B17bAbECdECeF,Karen,House,Female,yalvarez@example.net,001-804-813-4505x96968,12/4/2003,Podiatrist
6104,196bCfc174A697B,Joy,Allen,Female,edwin48@example.com,(040)568-2699x29633,11/20/1953,Video editor
6105,8ECb14B5bEb7C19,Bill,Soto,Male,zknox@example.net,001-818-251-8112,12/25/1929,Copy
6106,2F9fd9fe9bBD047,Bill,Stephens,Male,dawn55@example.net,001-490-868-2977x88609,11/7/1952,Recycling officer
6107,2b3CB86bC8Dd0C0,Cheyenne,Sampson,Female,haydenphyllis@example.net,080-279-9822x43155,4/3/1973,Animator
6108,5b2Ca3BF1cBdc0B,Kendra,Andersen,Male,dalemacias@example.net,001-860-899-6088x07601,3/22/1958,"Engineer, control and instrumentation"
6109,2beEdAe7Fd8A6Fa,Roger,Bennett,Female,rileyavila@example.com,+1-458-939-9343x652,5/4/2008,Retail buyer
6110,A08a40A5B9D5A2d,Emily,Waters,Female,zavalaalec@example.net,722-127-2356,4/30/1996,Translator
6111,9AbDCa5F7d7DcEf,Bridget,Dickerson,Male,austinbaird@example.net,628.335.5236,12/3/1984,Housing manager/officer
6112,d142391DCf7922b,Jorge,Merritt,Male,sylvia45@example.com,+1-439-212-3530x659,4/26/2014,"Librarian, academic"
6113,5fa268a3A7ba967,Kristin,Chapman,Female,vernondavies@example.net,(548)588-6793x1629,6/20/1909,Data scientist
6114,f77084A459C39cb,Bernard,Good,Male,seanbush@example.com,408-040-5531x30633,7/4/2012,Public house manager
6115,cBE63Fa2C496Ca5,Douglas,Peters,Male,janice46@example.net,001-801-026-7029x3962,1/22/1913,Financial manager
6116,D18B8Cd3e64a1b5,Joann,Howard,Female,calvinrojas@example.com,(968)712-3092x6019,9/8/1983,Police officer
6117,2972FBa2Aed6cb1,Cassie,Morrow,Male,lorettaochoa@example.org,767.387.9097x54581,7/31/1982,Ergonomist
6118,C47eDCd8670afD5,Leslie,Brock,Female,hunttanya@example.com,001-391-592-0118x876,12/12/1915,Clinical cytogeneticist
6119,732caee756D99Ec,Brendan,Figueroa,Female,buckguy@example.com,+1-491-974-3413x733,11/28/2004,"Sound technician, broadcasting/film/video"
6120,f8E52Ce698236e3,Matthew,Shea,Female,donald97@example.com,802-097-4599,7/18/1913,Radiation protection practitioner
6121,26a9deCbcDEedbb,Veronica,Ward,Female,mcknightdana@example.org,284-104-7045,11/22/1993,Nutritional therapist
6122,5EC68eb1cC161fA,Luis,Fritz,Female,boylekurt@example.net,796.999.9821x403,6/16/1959,Wellsite geologist
6123,DdF03bEc41E9e34,Maxwell,Randolph,Male,tannerkent@example.com,208.759.8901x09315,9/1/1911,"Engineer, biomedical"
6124,dCF8f367A82e5cf,Alvin,Goodwin,Male,bethanycalhoun@example.net,886-453-3402x7115,2/6/2003,Neurosurgeon
6125,FF8b50E1F2fBacD,Heather,Mata,Female,jessicajoseph@example.org,237-660-7759x11926,11/4/1942,Cytogeneticist
6126,a9fec6e2FE1eAFB,Ronnie,Lloyd,Male,latoyachoi@example.com,001-981-372-3716,8/20/1977,"Radiographer, diagnostic"
6127,2d46C7cBFAAE989,Jeremiah,Li,Male,trevor99@example.org,001-150-331-7624,9/11/2021,English as a foreign language teacher
6128,8DFc01BDF2e2eF3,Ryan,Edwards,Female,kmcclure@example.net,001-732-539-0624,8/17/2010,Geophysical data processor
6129,5728a272472FFA7,Shelby,Hart,Male,bryanflowers@example.org,+1-342-029-4728x55062,2/9/1962,Race relations officer
6130,465D54ffe6AbF0e,Jonathon,David,Female,christiearmstrong@example.com,001-535-976-2655x211,10/10/2012,Radio broadcast assistant
6131,9a779b9c91DF76F,Bryce,Francis,Female,ocantrell@example.com,526-847-8199x27987,3/26/1967,IT consultant
6132,e8eC76e86CfAF3e,George,Simon,Female,cortezchristie@example.net,094.193.7212x121,10/4/2001,"Sales professional, IT"
6133,e40da4A1a5cfd75,Kristopher,Pitts,Female,harry75@example.net,723-488-4237x7668,12/9/1939,Chief Executive Officer
6134,dd0D7fad4Fdbd9C,Kiara,Ross,Male,francoleon@example.org,3066828331,2/9/1996,"Pilot, airline"
6135,b5af6906CCc1f3A,Evelyn,Holmes,Female,strongclinton@example.org,(094)050-4791,9/27/1978,"Surveyor, minerals"
6136,C5b7b1abBe6fC7c,Sally,Wang,Male,kquinn@example.net,327.850.6026,11/14/1929,"Designer, interior/spatial"
6137,F8EDBF12afb8C11,Tricia,Delgado,Male,kathryn14@example.com,4623970985,1/8/1966,Optometrist
6138,4AAAdef6Fb3dDcf,Patrick,Pugh,Male,candicekaiser@example.org,(138)157-8179x47751,3/17/1975,Educational psychologist
6139,6C817C454b99b34,Erin,Charles,Female,shanson@example.org,260-820-9873x7089,8/23/1990,Adult guidance worker
6140,1961DD52Daa89aa,Caitlyn,Cox,Male,clifford89@example.com,025.772.0356,1/22/1956,Professor Emeritus
6141,1A32d95FE845DA9,Jeffery,Macdonald,Female,sandy05@example.org,165.664.3415x5148,1/3/1952,Visual merchandiser
6142,8AFa1eA8ADDE7dD,Dalton,Dennis,Female,dsolomon@example.org,001-970-746-5467x54530,12/31/1941,Community pharmacist
6143,8Dc082eaA7187b3,Priscilla,Douglas,Female,lmartinez@example.net,552-569-8495x721,9/12/1980,Financial manager
6144,5aba4ab266B84A6,Mariah,Hatfield,Male,tinaharrison@example.com,-6263,2/6/2022,"Sales professional, IT"
6145,D6dFCcB7bfCF28e,Zachary,Copeland,Male,daniellefarley@example.org,453-188-0584x33457,8/2/1954,Wellsite geologist
6146,c74496f09A763D5,Guy,Schwartz,Female,janeyu@example.org,109.354.9531x08943,1/25/2020,"Designer, furniture"
6147,e9d1b890A1DC3f2,Brandi,Jimenez,Male,uarnold@example.org,+1-427-804-3186x054,5/31/2018,Television production assistant
6148,Aef0ec8C2858dE4,Cindy,Riddle,Female,mayerbrandon@example.com,001-023-489-6101x880,3/30/1930,Tax inspector
6149,431741abA398bcA,Dwayne,Singleton,Male,smithalbert@example.org,(182)030-7538,12/1/1929,Merchant navy officer
6150,7211Bf3b1EB1E41,Zachary,Odonnell,Male,emoore@example.net,(577)240-2741x339,8/18/1950,Health physicist
6151,D9Ec7981d4B3edA,Riley,Hoffman,Male,yeseniamills@example.com,646.495.2616x039,12/26/1929,Hydrogeologist
6152,1ffecD771c7fCdA,Peter,Gibbs,Male,buckleykristi@example.org,001-979-337-6964x427,1/5/1991,Chartered accountant
6153,CEf6587f1e1D22f,Danny,Choi,Male,duanewebster@example.com,+1-611-031-7186x3611,4/10/2005,Corporate treasurer
6154,40B3AfE8A8Cf01b,Abigail,Kelley,Female,romanlindsay@example.net,001-794-547-0538x44080,6/12/1968,Materials engineer
6155,458aDbAAF98C7CE,Kelsey,Mcmillan,Female,annarodriguez@example.com,254.279.6993x56118,5/6/1953,Merchant navy officer
6156,C0dCa457DEe79fD,Selena,Shepherd,Male,areyes@example.com,-2219,7/30/1990,Data scientist
6157,A1ABB6dfc4B3dd5,Kari,Christensen,Female,fholmes@example.org,+1-367-230-2757x548,12/10/2016,Advertising art director
6158,Ac9404EF9cAdBC8,Lydia,Fisher,Female,kim55@example.com,+1-713-395-2038x6090,9/29/1955,Horticultural consultant
6159,DAAD0E5B260aF96,Gilbert,Fowler,Male,towens@example.org,(054)717-4315x7966,8/28/1968,Tree surgeon
6160,88a7DF7CccEc1fF,Kenneth,Rhodes,Male,amanda04@example.net,+1-844-144-0484x82016,11/22/2012,Operational investment banker
6161,0DE0B7C273efd33,Norman,Blackwell,Male,bergerriley@example.com,2247059148,10/17/1936,"Education officer, museum"
6162,D45deCB7Ef07120,Mia,Hardin,Female,jasoncervantes@example.net,068.734.2648,3/19/1952,Conference centre manager
6163,dE9ACb2E8C77B5e,Chase,Mayer,Male,martha76@example.org,001-228-519-4280x78452,6/1/2001,Production manager
6164,3Bf0ee8561bceAf,Kirk,Stevenson,Female,deanroman@example.org,875382605,4/2/1935,Chartered loss adjuster
6165,EcBBECec1aD5dD3,Carly,Hooper,Female,klawson@example.com,309-489-8671,12/19/1943,Insurance broker
6166,6Ce25423d2FccBe,Erik,Cameron,Female,stuart44@example.org,1774010711,3/29/1974,"Administrator, Civil Service"
6167,D8c8c88117de8e5,Makayla,Arroyo,Male,lawrencecantrell@example.net,4621658146,12/23/1915,"Buyer, retail"
6168,62dF95f7b2D4E3E,Wayne,Casey,Male,phester@example.org,863-629-9456,6/28/1914,"Engineer, drilling"
6169,3EAEDfa12eCbC87,Lauren,Lindsey,Male,jeremy96@example.net,001-061-127-9047x05323,7/17/2005,Race relations officer
6170,d6BEcf78F60AdC3,Rickey,Kelly,Female,parrishadrian@example.org,553.210.4347x806,4/7/1954,Careers adviser
6171,eb4DDDcCa2c88c9,Gabriela,Rice,Female,kramerpatrick@example.net,959.583.6365x7723,9/24/1920,Telecommunications researcher
6172,Dd75B8f9E0E2BB5,Taylor,Stephens,Female,montoyatanya@example.com,001-972-672-0330x584,4/8/1994,Clinical biochemist
6173,5dbd5EC2B3eEEC4,Doris,Gordon,Female,hammondgabrielle@example.net,(874)502-3161x457,3/30/1912,"Teacher, English as a foreign language"
6174,cBf01963Cad5FFE,Jenny,Alvarado,Male,jamesdaniels@example.com,249.434.5949,1/1/1928,Water quality scientist
6175,af39E56BBDcB740,Terri,Livingston,Male,nathanielwarner@example.com,990-524-4349x677,10/27/1984,"Engineer, agricultural"
6176,f5e6c46aa8b042A,Regina,Vance,Female,iowen@example.org,6408213,3/6/1995,Public house manager
6177,F9aeF4ffbe8225a,Jaime,Castro,Male,osteele@example.org,(092)446-2430x7781,9/9/1983,Aid worker
6178,6CA411C4ADA65bc,Martha,Morse,Female,alexandramichael@example.org,001-381-709-1054x6002,11/19/1991,Museum/gallery curator
6179,CC822D8eCB1Ad3b,Aaron,Hensley,Male,wademarvin@example.com,(864)277-5508x22568,9/20/1982,Meteorologist
6180,A5EdaB7847D7e1E,Janice,Hatfield,Male,cabreradebbie@example.com,(647)902-9714x9080,5/28/1921,Museum/gallery conservator
6181,bFd4513010b02aa,Shirley,Vang,Male,adrian93@example.com,001-740-216-1405,7/14/1994,Chartered certified accountant
6182,41d1a0Ae6ba79Dd,Charlene,Acosta,Female,gardneranna@example.org,741988952,6/27/1916,Quarry manager
6183,bEb2b0F3508e9b3,Rodney,Gross,Male,melanie90@example.com,343-468-2585x559,2/22/1945,Insurance account manager
6184,902c80969E0F96D,Raymond,Kline,Female,wgilmore@example.com,001-683-885-7376x8478,4/9/2012,Bonds trader
6185,16d91e8C2FA6082,Marie,Glenn,Female,mcclurestacie@example.org,(530)583-1338x87946,7/13/1923,Best boy
6186,cFea11d1c1c29Fd,Anita,Stanton,Male,natashalivingston@example.net,+1-452-123-0977x40598,5/21/1993,Community pharmacist
6187,29F05Eceb2B8a0F,Shannon,Bullock,Female,martin87@example.net,(983)085-9006x6982,7/25/1959,Armed forces training and education officer
6188,98F9FB6EA4fa1fa,Roy,Crane,Male,lorrainerichard@example.org,+1-530-027-2586x25692,11/2/1967,Music therapist
6189,c0EAa7723d023bB,Marisa,Herrera,Male,arthur72@example.net,(534)684-3794x14063,11/24/1998,Midwife
6190,CfC0DdE22EC9e8f,Andres,Vargas,Male,jessewong@example.org,+1-178-362-8415x546,4/28/1940,Police officer
6191,ba168Eede4bA5f0,Noah,Hawkins,Male,kristie69@example.com,(094)895-1652x245,8/26/1986,Manufacturing engineer
6192,92DCd8fDD6d9861,Tracie,Blackburn,Female,gwalton@example.net,001-786-949-2270x214,7/31/1959,Restaurant manager
6193,DD8Fe3d303193c2,Albert,Eaton,Female,gvillegas@example.com,722736605,8/13/1935,Systems developer
6194,5c3fAeE6c59E5E5,Denise,Warren,Male,lisacastro@example.net,336.852.8927x3589,12/25/1941,"Production assistant, television"
6195,75bABf37b0Eb5eA,Debbie,Bridges,Female,floydcollin@example.net,+1-098-874-1464x0887,4/30/1980,Curator
6196,DDC4aF8a5fBea53,Yolanda,Odonnell,Male,sextonbradley@example.net,331-360-2150x57677,7/15/2019,Exhibition designer
6197,68D1f66B8E40083,Darrell,Graves,Male,yvette43@example.com,-3676,5/27/1909,Geochemist
6198,C2FdCeABE28bFc5,Kristie,Stevens,Female,qmcdowell@example.com,154-848-5336x03162,12/10/1908,"Engineer, control and instrumentation"
6199,9EE5c207AB75C38,Shawna,Davidson,Female,robyn13@example.org,001-284-049-0433x5401,3/25/2001,"Surveyor, insurance"
6200,D72B1BF306DE5F7,Samantha,Suarez,Female,tabithamontoya@example.net,4198425123,4/27/1964,"Scientist, research (medical)"
6201,4D42BFeD9C2bAa6,Brian,Arroyo,Male,odaniel@example.net,5341909579,2/12/2011,Television camera operator
6202,2eBa5Fe3E3a580f,Zoe,Johnson,Female,ryannorman@example.net,001-995-170-3070,7/20/1961,Systems analyst
6203,A67Baa8F8A4f9De,Phyllis,Dorsey,Male,mackenzie22@example.org,001-686-275-1113x2843,4/9/1952,Nutritional therapist
6204,E5cE5Dae9883Fe1,Joanne,Glass,Male,bethany81@example.org,3089791176,9/5/1956,Management consultant
6205,BeAb7468DA8d2ed,Linda,Blankenship,Female,alfred58@example.org,(343)968-0166x658,8/1/2021,Wellsite geologist
6206,3998D6c465fd1Be,Jose,Sosa,Female,lance19@example.net,+1-412-339-3767x8045,12/22/1967,Further education lecturer
6207,CBCE9C65e1D38DB,Isabel,Leblanc,Male,casebeverly@example.org,-1784,2/14/1926,Occupational hygienist
6208,C34aCf7ee3b8dBF,Joseph,Sellers,Female,nicholspamela@example.com,+1-097-729-8315x158,12/8/1933,"Designer, blown glass/stained glass"
6209,8C3eC4ED40fc4Bb,Doris,Poole,Male,hshepherd@example.com,3336635782,7/28/1993,Leisure centre manager
6210,DC5bba87cC44F09,Corey,Ferrell,Male,combsbrandon@example.com,469-703-7502x10599,12/14/1929,Analytical chemist
6211,0CeaBB9fFE17eAD,Debra,Mcclure,Male,ithornton@example.net,143.153.5281x57459,8/6/1935,Commissioning editor
6212,2Bc9928018bA8AF,Bianca,Stone,Female,luisstephenson@example.com,+1-075-809-6189x3895,10/3/1974,Theatre manager
6213,1DFDdCACcBda7F7,Leon,Buck,Female,kmendoza@example.org,-6145,3/8/1985,Interpreter
6214,15Fb949C148fCC4,Laura,Bailey,Female,espencer@example.net,262.693.2204x3548,8/26/1968,Accommodation manager
6215,B17EE0eCedFFDd4,Elijah,Hinton,Female,wvargas@example.org,044.426.3759x74517,6/7/1948,Psychiatric nurse
6216,2cBEc8A0762DDea,Loretta,Andersen,Male,cgreene@example.net,001-418-781-8834,7/19/2020,Legal executive
6217,94BDBb5d3F8C0c0,Collin,Steele,Female,troy72@example.net,031-644-7603,10/12/1996,Dance movement psychotherapist
6218,C5EeD92223DD70e,Brent,Kennedy,Male,mhouse@example.com,+1-740-682-5922x942,10/19/1932,Intelligence analyst
6219,159CDeBED91136B,Tiffany,Barker,Male,lanechristopher@example.com,435.977.6658,10/22/1944,"Engineer, electronics"
6220,Ec06a52A19A92Fb,Thomas,Espinoza,Female,anne32@example.com,(058)411-6419x536,3/12/2003,Artist
6221,1571b1E7EDA359A,Latoya,Mays,Female,duane81@example.com,001-427-698-3196,1/3/1951,Games developer
6222,Cede1ce27E19F63,Jason,Fritz,Male,crosstheresa@example.org,001-247-786-4743,1/30/1964,Dentist
6223,fe3fD69fAe46929,Chloe,Wallace,Male,karl91@example.org,471.169.2065x708,8/29/1990,Telecommunications researcher
6224,CaEE3fD64cd03c0,Miguel,Moyer,Female,rochadave@example.org,941-196-3840,9/19/1981,"Designer, furniture"
6225,0d406ddcA375Bd7,Cesar,Yang,Male,dwaynemcclure@example.net,(888)913-7042,10/7/2006,IT consultant
6226,c1B2DF54bedBc4a,Anna,Shields,Male,spope@example.org,319.505.2117x43509,4/25/1986,Chief Technology Officer
6227,ab5A6b2d9CdE93a,Reginald,Powers,Female,enash@example.net,(142)877-7996,6/9/1918,Personnel officer
6228,D68c7ad51d9DF03,Jason,Pugh,Male,roachlance@example.org,001-586-328-0105x576,2/4/1937,Field trials officer
6229,Cf229FBc5Bce1de,Andrea,Frye,Male,stuartnixon@example.org,573.633.6131x1834,1/18/1926,"Engineer, petroleum"
6230,674Ae35D7c1F4Bd,Lacey,Bright,Female,brian93@example.net,+1-199-047-0434x1763,5/27/2000,"Civil engineer, consulting"
6231,04e48b30A73EeAF,Alexander,Haynes,Male,tabithadunn@example.com,6531875381,10/25/2006,"Engineer, chemical"
6232,05d75E4Ae05bd8d,Lance,Travis,Male,neilprince@example.net,144-301-7989,7/17/1928,Psychiatrist
6233,6DAF0ceFDAd3a06,Mitchell,Hinton,Female,cknox@example.org,-7612,5/22/1989,Legal executive
6234,aF3a14acB396c3c,Gilbert,Berger,Male,moniquegay@example.com,3823296575,11/30/1944,Hydrogeologist
6235,c84b338f58ba2Af,Manuel,Walton,Female,zburton@example.com,899.435.1730x737,12/2/2017,Travel agency manager
6236,9A47E65FBaAEbeC,Bonnie,Sweeney,Female,murrayashlee@example.net,001-490-999-6620x21383,7/3/1943,"Engineer, communications"
6237,C8aad57bcFB84b8,Jeanette,Fry,Male,troymora@example.net,391.694.9344x36971,8/10/1997,Occupational psychologist
6238,386bC3E7E1d3dF3,Derrick,Maddox,Male,moyersamuel@example.com,952-042-8266,9/4/1980,Cartographer
6239,826a8fB70CA15cc,Marcia,Christensen,Female,yvonneyork@example.org,248-059-6191,12/17/1949,Sub
6240,a431447cF1bd877,Susan,Pham,Male,bernard12@example.com,754-563-7574,4/4/2001,"Engineer, control and instrumentation"
6241,7c1A97F2aFaF2a9,Corey,Guerrero,Male,ricky21@example.org,237-835-5125,3/31/1972,Civil Service fast streamer
6242,eE82a7AFaBFaDAF,Craig,Werner,Female,ybruce@example.org,328-645-4114,11/5/1976,"Psychologist, prison and probation services"
6243,2D29078eC2aC6E1,Gary,Byrd,Female,tamara88@example.org,+1-564-134-3885x1851,3/1/1975,Analytical chemist
6244,cd182Ae48F4e5AD,Dylan,Gates,Female,christopher38@example.com,(496)834-7229x003,10/5/2013,Warden/ranger
6245,43F8D4Eaa1Ee98c,Shirley,Dennis,Male,krystalstone@example.net,696-895-9681x879,10/6/1929,Financial adviser
6246,85BBF8703503C91,Richard,Fields,Male,ufuentes@example.net,880.263.2562x80290,6/3/1934,"Civil engineer, consulting"
6247,CB9F517EE30c0Ba,Arthur,Gray,Female,traciliu@example.com,269-848-9067x304,2/19/1982,Financial trader
6248,aebf8204E91FD34,Alison,Holland,Male,brandon39@example.org,304-781-5029x313,9/9/2005,Sports therapist
6249,24ed0e95fAeA381,Herbert,Colon,Male,vanceshawn@example.org,727-636-9036,7/22/1941,"Pharmacist, community"
6250,cc09837dEc6b8E4,Linda,Wright,Female,shirley44@example.com,123-731-0685,5/9/1970,"Designer, industrial/product"
6251,Fb3dE8DCC29C8bd,Shane,Vance,Female,ecase@example.net,-6647,7/11/2005,"Administrator, sports"
6252,0e528EaaAe15E54,Dominic,Briggs,Female,fhogan@example.org,(339)859-8721x228,5/24/2019,"Engineer, structural"
6253,ef8756CFBC2ed25,Herbert,Roberts,Female,leblancruth@example.com,620-008-0123x90979,6/28/2001,Art gallery manager
6254,bc0Bf7de75053C9,Jamie,Fields,Male,clairecalhoun@example.com,8182197526,6/17/1970,Plant breeder/geneticist
6255,358cEf4Fd62437F,Sharon,Mcconnell,Male,vchavez@example.com,043-454-3428x578,8/22/1941,Air broker
6256,E6dEBC16C2616d4,Nancy,Mathews,Female,sophia82@example.com,236.957.0259x049,2/17/1998,Clinical research associate
6257,8ACBdcCdcFFEeFd,Oscar,Ramos,Female,angiesuarez@example.org,001-626-800-8921x0457,10/11/1938,Field trials officer
6258,7536e61aF8CbF4E,Lori,Tucker,Male,tammie25@example.net,604.627.5790x91053,8/27/1995,Forest/woodland manager
6259,315f8D8153d812C,Mary,Gamble,Female,matthewsgarrett@example.net,(116)864-0089,11/12/1961,Investment analyst
6260,611FB124cAffB9b,Leroy,Mullen,Female,ymorrison@example.com,673.264.9391,11/14/2010,Personal assistant
6261,9BDD86fa9CDB73d,Jacqueline,Reeves,Male,myerssherry@example.net,285.361.5564x40701,12/16/2003,Trade mark attorney
6262,0e8C542D03C5611,Lorraine,Small,Male,rodneyscott@example.net,(307)012-3935x123,3/3/1944,Telecommunications researcher
6263,Bdf81A38c0dE3B0,Christopher,Lara,Female,arocha@example.com,239.563.0657x41672,3/29/1920,Arboriculturist
6264,ee63d9E1aA2205b,Albert,Blake,Female,xavier37@example.org,001-162-267-7716,8/23/1921,"Engineer, electronics"
6265,4ef50d934a7DBdC,Annette,Huber,Female,ashlee58@example.org,(089)109-8920x673,2/17/1939,"Engineer, mining"
6266,dc6B3e6c7C5b286,Katie,Chung,Male,ujones@example.com,+1-190-527-7601x519,11/5/2000,"Runner, broadcasting/film/video"
6267,eDf6A11b1dc7ead,Andrea,Morales,Male,noah14@example.org,029-525-6243x64651,3/31/1950,"Psychologist, counselling"
6268,De7c140dFE8De9D,Joanna,Maddox,Female,treid@example.com,001-465-418-5378x60509,7/15/2006,Magazine journalist
6269,FCB97313c8b656A,Johnathan,Villa,Female,andersenjeffrey@example.net,145.286.1060x9024,7/11/2013,Physiotherapist
6270,9f93ECc923db8a3,Loretta,Duffy,Male,jessecharles@example.org,(805)098-2259,8/12/1960,Airline pilot
6271,8Ce84e1E891Bc2c,Brittney,Jacobson,Male,margaretmontoya@example.org,001-686-592-9484x015,11/27/2019,"Engineer, land"
6272,8f2BDbaa9cf34B0,Holly,Skinner,Female,higginsdan@example.com,(704)977-0684,6/6/1970,Forensic psychologist
6273,65f3F08683514a5,Elijah,Bentley,Female,qcooke@example.org,-3463,10/25/1971,Air broker
6274,5d0ec541F50Bc4D,Paula,Wilcox,Female,lonnie75@example.org,(459)266-2053x30526,8/16/1973,Recycling officer
6275,827aA9aB6CCf57A,Ariel,Velez,Female,hensleybrittney@example.com,001-165-023-8236x838,6/10/1958,Charity fundraiser
6276,9Bc3DaE46AEDf52,Kelsey,Leon,Female,dominicgarza@example.com,428-397-7129x53900,7/8/1986,Forensic psychologist
6277,Faf0BaAfb5deA54,Terrence,Schmidt,Female,traceyfischer@example.org,(878)731-8098,10/3/1954,Architectural technologist
6278,2Bb0FC0Cecb50fD,Cheyenne,Banks,Male,newtonkatrina@example.com,+1-230-047-8142x51187,3/28/1943,Advertising account executive
6279,cA99f0Bc7264936,Holly,Jefferson,Male,gordon77@example.com,001-757-135-1803,12/5/1950,Sports development officer
6280,1C22eabeba3a1BA,Jennifer,Chavez,Male,griffithshelby@example.org,001-989-948-5938,5/4/1929,Chief Marketing Officer
6281,02D8BF0C564918F,Craig,Conway,Male,arianaduran@example.org,583-628-3012,11/15/1934,"Chemist, analytical"
6282,Fa44ba3290155d2,George,Maxwell,Male,grosscarol@example.org,001-018-785-3810x91913,5/19/1971,"Engineer, water"
6283,831BA1b90bA972E,Kristine,Kim,Female,bsanders@example.net,514.748.1414,1/28/1938,Environmental education officer
6284,Ea9E23946Ca9eA0,Morgan,Dunn,Female,dakotabarry@example.com,062-365-4460,11/17/1909,"Psychotherapist, dance movement"
6285,4Fb29AE62EF104D,Alan,Briggs,Male,joannewiley@example.org,+1-368-726-3048x400,12/11/1906,Brewing technologist
6286,90f7f7F7ffC7d5a,Devon,Gray,Male,ekane@example.com,6299824931,9/6/1986,"Engineer, water"
6287,eE1CADCd06Abc6C,Dorothy,Hodge,Male,leonard50@example.com,951.567.6872,8/5/1908,Event organiser
6288,6fEFBfEa705AD4A,Connie,Roberts,Female,tarcher@example.net,001-322-776-5430x858,10/25/1986,Research scientist (life sciences)
6289,dEB59fF3BAAe242,Kaylee,Raymond,Female,joycedustin@example.net,593-453-8989,10/21/1986,"Engineer, civil (consulting)"
6290,Cbf78dcCF10F5CF,Melody,Rojas,Female,holderkylie@example.org,262-589-9425,12/14/1956,Probation officer
6291,aFfDD5Fa76CDcfa,Richard,Doyle,Male,tyronekhan@example.net,3073541404,9/2/1920,Further education lecturer
6292,0E20ABaDA20E90a,Thomas,Melton,Male,michele05@example.com,+1-617-563-4967x7052,12/25/2011,Medical technical officer
6293,E7127e2eBA1Fab2,Margaret,Winters,Female,huntertonya@example.com,(598)620-3474,7/10/2008,"Journalist, broadcasting"
6294,1DA205ECeaBa8da,Alexis,Francis,Female,johnathanbarajas@example.org,240-644-4400x66949,2/21/1920,Recycling officer
6295,Ad4C55BBE67A2f0,Lance,Eaton,Male,shelia40@example.org,+1-033-215-4183x8682,11/27/1952,Video editor
6296,06b5cd2159fE374,Chris,Duke,Female,patty72@example.net,558.352.2514x067,12/1/1941,Secretary/administrator
6297,30A0A64cFbDc371,Claudia,Edwards,Female,normanhooper@example.net,001-577-737-3907x5052,3/17/1932,Health visitor
6298,57eE49AC07cAa0c,Shane,Mcgrath,Female,ycrane@example.org,001-615-244-0532x507,8/27/1949,Illustrator
6299,4bebae2A7DBb2aE,Brenda,Greene,Female,vhuff@example.com,+1-856-276-3371x4635,4/6/1969,"Producer, radio"
6300,D687Ac3C7ffc022,Robin,Nelson,Female,rickeycalderon@example.org,(357)656-0938x82102,11/21/1984,Ship broker
6301,DBb135D4e3aF15e,Dawn,Winters,Male,robert46@example.net,001-486-059-1970x478,11/7/1919,Information officer
6302,C1b8dAbac0B95BE,Jose,Fuentes,Male,mgentry@example.net,001-937-452-0426x9055,2/5/2019,Chartered accountant
6303,17086FD8eE1Dffa,Ruben,Stafford,Female,jeremiahrowe@example.net,002-031-8543x661,12/20/1957,Science writer
6304,CC60dEfDAb4FCeA,Wyatt,Erickson,Female,marshnina@example.net,942-634-4320,10/24/1911,Heritage manager
6305,CFB18713f6291B8,Caitlyn,Dudley,Male,ohull@example.com,351-447-0671,10/26/1959,"Production assistant, radio"
6306,455cAe9FdFaafa1,Alvin,Glover,Male,omar30@example.org,580.622.8471x962,10/18/1937,Early years teacher
6307,77aBda9ad6cBC9D,Suzanne,Blevins,Female,bsnyder@example.net,(335)314-4955,3/7/2002,"Loss adjuster, chartered"
6308,27D02De4F6C1d97,Spencer,Williams,Female,russopaul@example.com,209-396-3453,7/21/1911,Armed forces training and education officer
6309,ebdF7Acda69DC3B,Randall,Clayton,Female,hatkinson@example.com,001-113-641-1102x40223,4/15/1909,Chief Technology Officer
6310,e1aBe62daC533E5,Candice,Stout,Female,avilajustin@example.com,001-759-109-0275x1018,2/4/1973,"Therapist, nutritional"
6311,24C178fDd2b2e0C,Joe,Keller,Female,earl58@example.com,(378)276-3307x876,3/9/2017,Museum/gallery conservator
6312,8fA8FcB9f9EFD42,Tracey,Dunlap,Male,colingordon@example.net,270-363-9902x11671,3/20/1985,Nature conservation officer
6313,07f2BCb0cd9A97e,Lisa,Chung,Male,usolis@example.com,503-800-9815,1/20/1959,"Teacher, English as a foreign language"
6314,a74CdE32126D5c5,Chris,Werner,Female,mauricehopkins@example.org,001-719-393-9747x531,5/26/1987,Operational investment banker
6315,1eaE744CC7Cc2ce,Daniel,Aguirre,Female,gabriella07@example.com,085.760.6310x3900,1/2/1972,"Nurse, learning disability"
6316,D8Ae1eEAFF305DC,Veronica,King,Female,kent88@example.com,047.909.8001,7/21/2002,Insurance underwriter
6317,EFAdc2Aff7E1Efd,Tracie,Wilkins,Male,andremullins@example.org,+1-763-099-7947x816,8/10/1989,Theatre stage manager
6318,584cCCF2Fd6f0c1,Kirk,Duarte,Male,veronicamolina@example.net,001-699-889-0302x79557,7/19/1953,"Therapist, sports"
6319,04c7Cb26f1D4ec1,Clifford,Saunders,Female,andrewsmatthew@example.com,089-058-7830,10/4/2018,Graphic designer
6320,ee10b417524f9f1,Helen,Shah,Female,zandrews@example.com,001-614-594-1279x8337,12/8/2020,Medical sales representative
6321,c4da7c38157aCC6,Sally,Andrade,Female,bondsuzanne@example.net,+1-291-728-6338x92594,10/16/1968,"Production designer, theatre/television/film"
6322,26E5BBE5Adcd14F,Martin,Dawson,Male,jodysosa@example.com,332-607-4219x770,2/13/1989,"Surveyor, building control"
6323,CD539117a44BCEB,Miguel,Barajas,Female,kentphillip@example.org,-3692,2/27/2012,Software engineer
6324,3A4Bf2De52eF354,Rachel,Olsen,Female,cristina49@example.org,(419)962-3742,1/14/1953,Human resources officer
6325,FFC6cdB2A08e383,Denise,Cardenas,Female,rburgess@example.com,520-943-5212,7/19/1975,"Buyer, retail"
6326,0a8e0ff39dc173a,Jaime,Macias,Male,pnewman@example.com,527-199-3061x966,8/15/2020,"Psychologist, counselling"
6327,bbFfE61bDAf4a58,Gregg,Underwood,Female,kkaiser@example.com,738711400,11/1/1981,Hospital pharmacist
6328,0d874dfD0CFC8A4,Bridget,Sheppard,Female,mendezmanuel@example.org,594-681-9525,7/24/1917,Higher education lecturer
6329,faf1cfD978FBaf6,Christopher,Sanford,Female,fisherjim@example.org,(493)492-5477x30920,6/3/1987,"Engineer, site"
6330,2fEe6a71bEF01A6,Anna,Charles,Female,qtanner@example.org,+1-720-485-3435x04350,11/13/1929,"Nurse, learning disability"
6331,Ba9C8A2EA51ea31,Brady,Mata,Male,ufitzpatrick@example.net,(567)408-5172,9/20/1951,Licensed conveyancer
6332,feF51AC79b25fb4,Justin,Nixon,Male,psnyder@example.com,+1-715-615-4169x15630,4/27/2016,Advertising account executive
6333,4Fc7abCAc364919,Meagan,Benjamin,Female,sjoseph@example.com,001-068-912-9306,9/27/1906,"Surveyor, insurance"
6334,01cEcb96cdD91E5,Cassidy,Landry,Male,mathewschelsea@example.net,(776)363-3872x7553,7/21/1983,Academic librarian
6335,C18cdB3FF364a12,Lisa,Donovan,Male,erin72@example.org,155.484.1333,11/30/2003,Personnel officer
6336,3d3cc5E6f980F0D,Kristy,Kerr,Female,xstark@example.org,001-055-813-8578x06684,7/20/1975,Occupational hygienist
6337,bBCd97780aA5b36,Kayla,Webb,Female,gboyle@example.org,001-481-374-3960,5/30/1927,Community development worker
6338,7e877DE8cdFCF05,Mary,Rogers,Female,herringedwin@example.net,-2452,9/22/1988,"Research officer, political party"
6339,b3dcBd91fcfCe7D,Dustin,Burnett,Male,qwise@example.com,001-365-025-8177,9/4/1969,"Solicitor, Scotland"
6340,d74B85cc4CE9abC,David,Riddle,Male,houstonhailey@example.com,(647)974-2933x82457,4/15/1922,Community pharmacist
6341,DDED05De4E61D6E,Fernando,Delacruz,Male,huffchristian@example.org,9363385233,11/20/1912,Publishing copy
6342,5f53ecE6205c88e,Darrell,Bright,Male,brollins@example.org,859.928.5600,9/1/1968,"Programme researcher, broadcasting/film/video"
6343,Adbfad1525AD76D,Nathaniel,Grant,Male,betty11@example.com,8390959959,10/4/1918,Stage manager
6344,0CFE6F647037Ca4,Ian,Holder,Male,pamela90@example.net,(477)248-1373,3/30/1983,"Investment banker, operational"
6345,44D2AeAFB58Eb0f,Glenda,Armstrong,Male,miguel12@example.org,535.746.8834x1226